table,column,term,estimate,std_error,p_value,ci_low,ci_high,mde_80,baseline_mean,n_input,nobs,n_dropped,n_clusters,dep_var,weighting,fixed_effects,inference,design,note,season,outcome,race_measure
table-31,(1),(Intercept),0.0813953488372092,0.0252748105578766,0.00300113328346474,0.0298470328492981,0.13294366482512,0.0708095356495525,0.148148148148148,243,243,0,32,BlackDoc,equal observations,"","cluster franchise_id (CR1, t with G-1 df)","LPM hire race on hire-cycle era, cluster franchise","",,,documented_positive
table-31,(1),Rule2003,0.0852713178294575,0.0348653825087667,0.0203311994812998,0.0141629013890737,0.156379734269841,0.0976783402604151,0.148148148148148,243,243,0,32,BlackDoc,equal observations,"","cluster franchise_id (CR1, t with G-1 df)","LPM hire race on hire-cycle era, cluster franchise","",,,documented_positive
table-31,(1),Post2021,0.161847894406034,0.0854778901428951,0.0676649510379942,-0.0124854119099957,0.336181200722064,0.239473593499819,0.148148148148148,243,243,0,32,BlackDoc,equal observations,"","cluster franchise_id (CR1, t with G-1 df)","LPM hire race on hire-cycle era, cluster franchise","",,,documented_positive
table-31,(2),(Intercept),0.0999999999999998,0.0529697753577384,0.0684351881060316,-0.0080325690947048,0.208032569094704,0.148399339649005,0.171122994652406,187,187,0,32,BlackDoc,equal observations,"","cluster franchise_id (CR1, t with G-1 df)","LPM hire race on hire-cycle era, cluster franchise","",,,documented_positive
table-31,(2),Rule2003,0.0666666666666667,0.0605184258815075,0.279118520493976,-0.0567614766734124,0.190094810006746,0.169547527373097,0.171122994652406,187,187,0,32,BlackDoc,equal observations,"","cluster franchise_id (CR1, t with G-1 df)","LPM hire race on hire-cycle era, cluster franchise","",,,documented_positive
table-31,(2),Post2021,0.143243243243244,0.0958194424426168,0.145044066017083,-0.0521817980446802,0.338668284531167,0.268446333555062,0.171122994652406,187,187,0,32,BlackDoc,equal observations,"","cluster franchise_id (CR1, t with G-1 df)","LPM hire race on hire-cycle era, cluster franchise","",,,documented_positive
table-31,(3),(Intercept),0.0930232558139535,0.0263813737227692,0.00133612265827683,0.0392180893719568,0.14682842225595,0.073909666655224,0.176954732510288,243,243,0,32,MinorityDoc,equal observations,"","cluster franchise_id (CR1, t with G-1 df)","LPM hire race on hire-cycle era, cluster franchise","",,,documented_positive
table-31,(3),Rule2003,0.11531007751938,0.0366405967047127,0.00363011364124391,0.0405810878561304,0.19003906718263,0.102651754110762,0.176954732510288,243,243,0,32,MinorityDoc,equal observations,"","cluster franchise_id (CR1, t with G-1 df)","LPM hire race on hire-cycle era, cluster franchise","",,,documented_positive
table-31,(3),Post2021,0.177247014456317,0.0867010342247403,0.049492011522661,0.00041908933848378,0.35407493957415,0.242900335879139,0.176954732510288,243,243,0,32,MinorityDoc,equal observations,"","cluster franchise_id (CR1, t with G-1 df)","LPM hire race on hire-cycle era, cluster franchise","",,,documented_positive
table-31,(4),Rule2003,0.0951165662084951,0.038174564342857,0.0182744526706376,0.0172590289209134,0.172974103496077,0.106949295170851,0.148148148148148,243,243,0,32,BlackDoc,equal observations,franchise_id,"cluster franchise_id (CR1, t with G-1 df)","LPM hire race on hire-cycle era, cluster franchise","",,,documented_positive
table-31,(4),Post2021,0.168761656740911,0.0711344755212116,0.0240588323164508,0.0236819374130441,0.313841376068778,0.199289295118445,0.148148148148148,243,243,0,32,BlackDoc,equal observations,franchise_id,"cluster franchise_id (CR1, t with G-1 df)","LPM hire race on hire-cycle era, cluster franchise","",,,documented_positive
table-31,(5),BlackDoc,0.150838362803467,0.0540713638152404,0.00894373521602861,0.0405590892372923,0.261117636369642,0.151485533587986,0.353561486322924,243,243,0,32,LagWinPct,equal observations,season,"cluster franchise_id (CR1, t with G-1 df)","inherited situation, Black x era, season FE, cluster franchise","",,,documented_positive
table-31,(5),BlackXRule,-0.0573983338097338,0.0838122926190975,0.498531367033135,-0.228334631579694,0.113537963960226,0.234807280097822,0.353561486322924,243,243,0,32,LagWinPct,equal observations,season,"cluster franchise_id (CR1, t with G-1 df)","inherited situation, Black x era, season FE, cluster franchise","",,,documented_positive
table-31,(5),BlackXPost,-0.10004083024361,0.0961549717553449,0.306195168489849,-0.296150188076503,0.096068527589283,0.269386347517844,0.353561486322924,243,243,0,32,LagWinPct,equal observations,season,"cluster franchise_id (CR1, t with G-1 df)","inherited situation, Black x era, season FE, cluster franchise","",,,documented_positive
table-31,(5),RetainedInterim,-0.0433058767198099,0.040005159466272,0.287375884904191,-0.124896937376504,0.0382851839368844,0.11207786340896,0.353561486322924,243,243,0,32,LagWinPct,equal observations,season,"cluster franchise_id (CR1, t with G-1 df)","inherited situation, Black x era, season FE, cluster franchise","",,,documented_positive
table-31,(6),BlackDoc,0.169324101707176,0.0982210117248209,0.0946851612443074,-0.0309989724242561,0.369647175838607,0.275174534556359,0.34814407046241,187,187,0,32,LagWinPct,equal observations,season,"cluster franchise_id (CR1, t with G-1 df)","inherited situation, Black x era, season FE, cluster franchise","",,,documented_positive
table-31,(6),BlackXRule,-0.0758304368963898,0.123802285387251,0.544666085517224,-0.328326862638294,0.176665988845514,0.346842652709526,0.34814407046241,187,187,0,32,LagWinPct,equal observations,season,"cluster franchise_id (CR1, t with G-1 df)","inherited situation, Black x era, season FE, cluster franchise","",,,documented_positive
table-31,(6),BlackXPost,-0.118467678968441,0.124910395297368,0.350250450234225,-0.373224109772115,0.136288751835232,0.349947117053755,0.34814407046241,187,187,0,32,LagWinPct,equal observations,season,"cluster franchise_id (CR1, t with G-1 df)","inherited situation, Black x era, season FE, cluster franchise","",,,documented_positive
table-31,(6),RetainedInterim,-0.043917325034206,0.0391738082234045,0.270859742581055,-0.123812833652394,0.0359781835839817,0.109748762055882,0.34814407046241,187,187,0,32,LagWinPct,equal observations,season,"cluster franchise_id (CR1, t with G-1 df)","inherited situation, Black x era, season FE, cluster franchise","",,,documented_positive
table-31,(7),BlackDoc,0.997253928492364,0.58971745529051,0.100854904185375,-0.205482751147303,2.19999060813203,1.65214370560509,7.00178726166365,187,179,8,32,LagExpectedWins,equal observations,season,"cluster franchise_id (CR1, t with G-1 df)","inherited situation, Black x era, season FE, cluster franchise","",,,documented_positive
table-31,(7),BlackXRule,-0.599082734968088,0.808854164172979,0.464475455498628,-2.24875167897261,1.05058620903643,2.26607386995614,7.00178726166365,187,179,8,32,LagExpectedWins,equal observations,season,"cluster franchise_id (CR1, t with G-1 df)","inherited situation, Black x era, season FE, cluster franchise","",,,documented_positive
table-31,(7),BlackXPost,-0.363111267798591,1.27492484235153,0.777683840596767,-2.96333762691935,2.23711509132216,3.57181059253704,7.00178726166365,187,179,8,32,LagExpectedWins,equal observations,season,"cluster franchise_id (CR1, t with G-1 df)","inherited situation, Black x era, season FE, cluster franchise","",,,documented_positive
table-31,(7),RetainedInterim,-0.711008180260915,0.488156656356398,0.15530474157285,-1.7066102448477,0.284593884325869,1.36761247257154,7.00178726166365,187,179,8,32,LagExpectedWins,equal observations,season,"cluster franchise_id (CR1, t with G-1 df)","inherited situation, Black x era, season FE, cluster franchise","",,,documented_positive
table-31,(8),BlackDoc,0.181164283410355,1.15847550956835,0.8767462075114,-2.18156209567523,2.54389066249594,3.24556786315259,-1.39284871417762,187,179,8,32,LagWinsOverExpected,equal observations,season,"cluster franchise_id (CR1, t with G-1 df)","inherited situation, Black x era, season FE, cluster franchise","",,,documented_positive
table-31,(8),BlackXRule,0.92148554852836,1.4118449621884,0.518772631577764,-1.9579912360819,3.80096233313862,3.95540397633428,-1.39284871417762,187,179,8,32,LagWinsOverExpected,equal observations,season,"cluster franchise_id (CR1, t with G-1 df)","inherited situation, Black x era, season FE, cluster franchise","",,,documented_positive
table-31,(8),BlackXPost,0.0497391071529776,1.47118919744348,0.973246392309291,-2.95077104322613,3.05024925753209,4.12166190860512,-1.39284871417762,187,179,8,32,LagWinsOverExpected,equal observations,season,"cluster franchise_id (CR1, t with G-1 df)","inherited situation, Black x era, season FE, cluster franchise","",,,documented_positive
table-31,(8),RetainedInterim,-0.0477842490771464,0.499935288393085,0.924468665169027,-1.06740899208291,0.971840493928617,1.40061131397511,-1.39284871417762,187,179,8,32,LagWinsOverExpected,equal observations,season,"cluster franchise_id (CR1, t with G-1 df)","inherited situation, Black x era, season FE, cluster franchise","",,,documented_positive
table-32,(1),BlackDoc,0.125987175183989,0.0628246194475666,0.0537194918053487,-0.00214448094406031,0.254118831312038,0.176008525177875,0.442954187847979,243,243,0,32,WinPct,equal observations,season,"cluster franchise_id (CR1, t with G-1 df)","hire outcome on documented Black x hire-cycle era, lag freely estimated, cluster franchise","Win \%, season $t$, 1990--",,,documented_positive
table-32,(1),BlackXRule,-0.197560478444824,0.0742136225617369,0.0121988396853886,-0.348920159565274,-0.0462007973243736,0.207915787951577,0.442954187847979,243,243,0,32,WinPct,equal observations,season,"cluster franchise_id (CR1, t with G-1 df)","hire outcome on documented Black x hire-cycle era, lag freely estimated, cluster franchise","Win \%, season $t$, 1990--",,,documented_positive
table-32,(1),BlackXPost,-0.230047538805524,0.102297183382555,0.0317732927324156,-0.438684019842724,-0.0214110577683244,0.286594276819157,0.442954187847979,243,243,0,32,WinPct,equal observations,season,"cluster franchise_id (CR1, t with G-1 df)","hire outcome on documented Black x hire-cycle era, lag freely estimated, cluster franchise","Win \%, season $t$, 1990--",,,documented_positive
table-32,(1),LagWinPct,0.272863982675058,0.0574924776698071,4.44153344085e-05,0.155607301400841,0.390120663949275,0.161070075592422,0.442954187847979,243,243,0,32,WinPct,equal observations,season,"cluster franchise_id (CR1, t with G-1 df)","hire outcome on documented Black x hire-cycle era, lag freely estimated, cluster franchise","Win \%, season $t$, 1990--",,,documented_positive
table-32,(1),RetainedInterim,-0.0146795896276163,0.0443343222412238,0.742788370633665,-0.105100035975464,0.075740856720231,0.12420638184607,0.442954187847979,243,243,0,32,WinPct,equal observations,season,"cluster franchise_id (CR1, t with G-1 df)","hire outcome on documented Black x hire-cycle era, lag freely estimated, cluster franchise","Win \%, season $t$, 1990--",,,documented_positive
table-32,(2),BlackDoc,0.0937178911154452,0.0827343370941084,0.266001877140444,-0.0750199018666821,0.262455684097572,0.23178729583323,0.442954187847979,243,243,0,32,WinPct,equal observations,season+franchise_id,"cluster franchise_id (CR1, t with G-1 df)","hire outcome on documented Black x hire-cycle era, lag freely estimated, cluster franchise","Win \%, $t$, 1990--, franchise FE",,,documented_positive
table-32,(2),BlackXRule,-0.183475589911521,0.101560133614205,0.0805457944402862,-0.390608848035507,0.0236576682124653,0.284529369083134,0.442954187847979,243,243,0,32,WinPct,equal observations,season+franchise_id,"cluster franchise_id (CR1, t with G-1 df)","hire outcome on documented Black x hire-cycle era, lag freely estimated, cluster franchise","Win \%, $t$, 1990--, franchise FE",,,documented_positive
table-32,(2),BlackXPost,-0.250580399508708,0.128568122559046,0.0603931814069319,-0.512796814245823,0.0116360152284072,0.360194551681959,0.442954187847979,243,243,0,32,WinPct,equal observations,season+franchise_id,"cluster franchise_id (CR1, t with G-1 df)","hire outcome on documented Black x hire-cycle era, lag freely estimated, cluster franchise","Win \%, $t$, 1990--, franchise FE",,,documented_positive
table-32,(2),LagWinPct,0.277802456789039,0.0682000101412505,0.000297802450890822,0.138707619061587,0.416897294516491,0.191068140286882,0.442954187847979,243,243,0,32,WinPct,equal observations,season+franchise_id,"cluster franchise_id (CR1, t with G-1 df)","hire outcome on documented Black x hire-cycle era, lag freely estimated, cluster franchise","Win \%, $t$, 1990--, franchise FE",,,documented_positive
table-32,(2),RetainedInterim,0.0175122707852038,0.0572584914879194,0.76176655746183,-0.0992671925247821,0.13429173409519,0.160414543364002,0.442954187847979,243,243,0,32,WinPct,equal observations,season+franchise_id,"cluster franchise_id (CR1, t with G-1 df)","hire outcome on documented Black x hire-cycle era, lag freely estimated, cluster franchise","Win \%, $t$, 1990--, franchise FE",,,documented_positive
table-32,(3),BlackDoc,0.191620450905884,0.0504003084492133,0.000631390152818667,0.088828344121187,0.294412557690581,0.14120075913965,0.462565428713858,243,236,7,32,LeadWinPct,equal observations,season,"cluster franchise_id (CR1, t with G-1 df)","hire outcome on documented Black x hire-cycle era, lag freely estimated, cluster franchise","Win \%, season $t+1$, 1990--",,,documented_positive
table-32,(3),BlackXRule,-0.205443495568087,0.0537886074292789,0.000601768212355473,-0.315146083683039,-0.0957409074531351,0.150693367476749,0.462565428713858,243,236,7,32,LeadWinPct,equal observations,season,"cluster franchise_id (CR1, t with G-1 df)","hire outcome on documented Black x hire-cycle era, lag freely estimated, cluster franchise","Win \%, season $t+1$, 1990--",,,documented_positive
table-32,(3),BlackXPost,-0.169295407933936,0.0909711881799442,0.0722549944895966,-0.35483236946159,0.0162415535937184,0.254863536079105,0.462565428713858,243,236,7,32,LeadWinPct,equal observations,season,"cluster franchise_id (CR1, t with G-1 df)","hire outcome on documented Black x hire-cycle era, lag freely estimated, cluster franchise","Win \%, season $t+1$, 1990--",,,documented_positive
table-32,(3),LagWinPct,0.0422048403284075,0.0737783452262876,0.571414018330545,-0.108267086813482,0.192676767470297,0.206696321402803,0.462565428713858,243,236,7,32,LeadWinPct,equal observations,season,"cluster franchise_id (CR1, t with G-1 df)","hire outcome on documented Black x hire-cycle era, lag freely estimated, cluster franchise","Win \%, season $t+1$, 1990--",,,documented_positive
table-32,(3),RetainedInterim,-0.0469275309932144,0.0616902950148009,0.452586519404437,-0.172745717188062,0.0788906552016333,0.172830618614494,0.462565428713858,243,236,7,32,LeadWinPct,equal observations,season,"cluster franchise_id (CR1, t with G-1 df)","hire outcome on documented Black x hire-cycle era, lag freely estimated, cluster franchise","Win \%, season $t+1$, 1990--",,,documented_positive
table-32,(4),BlackDoc,0.147978176299936,0.0838940168177095,0.0876081118857174,-0.0231247990719892,0.319081151671861,0.235036237404616,0.437397305290831,187,179,8,32,WinPct,equal observations,season,"cluster franchise_id (CR1, t with G-1 df)","hire outcome on documented Black x hire-cycle era, lag freely estimated, cluster franchise","Win \%, $t$, 1999--",,,documented_positive
table-32,(4),BlackXRule,-0.197806101660951,0.0955568082107538,0.0468677275932595,-0.392695496901506,-0.00291670642039613,0.267710541373304,0.437397305290831,187,179,8,32,WinPct,equal observations,season,"cluster franchise_id (CR1, t with G-1 df)","hire outcome on documented Black x hire-cycle era, lag freely estimated, cluster franchise","Win \%, $t$, 1999--",,,documented_positive
table-32,(4),BlackXPost,-0.25701777770736,0.13062221122068,0.0581114026288297,-0.523423533889969,0.00938797847524953,0.365949256113088,0.437397305290831,187,179,8,32,WinPct,equal observations,season,"cluster franchise_id (CR1, t with G-1 df)","hire outcome on documented Black x hire-cycle era, lag freely estimated, cluster franchise","Win \%, $t$, 1999--",,,documented_positive
table-32,(4),LagWinPct,-0.12902299729836,0.133108237244283,0.339893467857103,-0.400499036984199,0.142453042387479,0.372914069872658,0.437397305290831,187,179,8,32,WinPct,equal observations,season,"cluster franchise_id (CR1, t with G-1 df)","hire outcome on documented Black x hire-cycle era, lag freely estimated, cluster franchise","Win \%, $t$, 1999--",,,documented_positive
table-32,(4),LagExpectedWins,0.0408125203864678,0.012654017608121,0.00296346069105848,0.0150044813237681,0.0666205594491675,0.0354513086806531,0.437397305290831,187,179,8,32,WinPct,equal observations,season,"cluster franchise_id (CR1, t with G-1 df)","hire outcome on documented Black x hire-cycle era, lag freely estimated, cluster franchise","Win \%, $t$, 1999--",,,documented_positive
table-32,(4),RetainedInterim,-0.00812057321360984,0.0571276661492195,0.887883082030858,-0.124633216486188,0.108392070058968,0.160048025028946,0.437397305290831,187,179,8,32,WinPct,equal observations,season,"cluster franchise_id (CR1, t with G-1 df)","hire outcome on documented Black x hire-cycle era, lag freely estimated, cluster franchise","Win \%, $t$, 1999--",,,documented_positive
table-32,(5),BlackDoc,1.08367336944444,1.11403865521404,0.338210561928686,-1.18842344766996,3.35577018655885,3.1210742288541,-0.0139822198247334,187,179,8,32,WinsOverExpected,equal observations,season,"cluster franchise_id (CR1, t with G-1 df)","hire outcome on documented Black x hire-cycle era, lag freely estimated, cluster franchise","Wins over expected, $t$, 1999--",,,documented_positive
table-32,(5),BlackXRule,-1.66865181687439,1.30000745741078,0.208804274422638,-4.32003450667928,0.982730872930491,3.64208167611865,-0.0139822198247334,187,179,8,32,WinsOverExpected,equal observations,season,"cluster franchise_id (CR1, t with G-1 df)","hire outcome on documented Black x hire-cycle era, lag freely estimated, cluster franchise","Wins over expected, $t$, 1999--",,,documented_positive
table-32,(5),BlackXPost,-1.84683630879768,1.57153689629645,0.248870949378589,-5.05200694030237,1.35833432270701,4.40279453838327,-0.0139822198247334,187,179,8,32,WinsOverExpected,equal observations,season,"cluster franchise_id (CR1, t with G-1 df)","hire outcome on documented Black x hire-cycle era, lag freely estimated, cluster franchise","Wins over expected, $t$, 1999--",,,documented_positive
table-32,(5),LagWinPct,-3.15760061263165,1.66807460595453,0.0677317845013845,-6.5596612010683,0.244459975805004,4.67325315875182,-0.0139822198247334,187,179,8,32,WinsOverExpected,equal observations,season,"cluster franchise_id (CR1, t with G-1 df)","hire outcome on documented Black x hire-cycle era, lag freely estimated, cluster franchise","Wins over expected, $t$, 1999--",,,documented_positive
table-32,(5),LagExpectedWins,0.259392594542742,0.157559832749385,0.109801995507973,-0.0619528029615981,0.580737992047082,0.441417298399028,-0.0139822198247334,187,179,8,32,WinsOverExpected,equal observations,season,"cluster franchise_id (CR1, t with G-1 df)","hire outcome on documented Black x hire-cycle era, lag freely estimated, cluster franchise","Wins over expected, $t$, 1999--",,,documented_positive
table-32,(5),RetainedInterim,-0.420735333650408,0.51532125856771,0.420471390371556,-1.47173996971317,0.630269302412356,1.44371642058267,-0.0139822198247334,187,179,8,32,WinsOverExpected,equal observations,season,"cluster franchise_id (CR1, t with G-1 df)","hire outcome on documented Black x hire-cycle era, lag freely estimated, cluster franchise","Wins over expected, $t$, 1999--",,,documented_positive
table-32,(6),BlackDoc,2.57499719210392,0.601430949787609,0.000166126505306724,1.34837068293313,3.80162370127471,1.68496005864061,0.0310916624167798,187,172,15,32,LeadWinsOverExpected,equal observations,season,"cluster franchise_id (CR1, t with G-1 df)","hire outcome on documented Black x hire-cycle era, lag freely estimated, cluster franchise","Wins over expected, $t+1$, 1999--",,,documented_positive
table-32,(6),BlackXRule,-2.4741351673965,0.687583538500207,0.00109983989412768,-3.87647103968849,-1.0717992951045,1.92632387767999,0.0310916624167798,187,172,15,32,LeadWinsOverExpected,equal observations,season,"cluster franchise_id (CR1, t with G-1 df)","hire outcome on documented Black x hire-cycle era, lag freely estimated, cluster franchise","Wins over expected, $t+1$, 1999--",,,documented_positive
table-32,(6),BlackXPost,-2.49224242026395,0.929855379723832,0.0116751912121835,-4.38869497041474,-0.595789870113154,2.60506908681711,0.0310916624167798,187,172,15,32,LeadWinsOverExpected,equal observations,season,"cluster franchise_id (CR1, t with G-1 df)","hire outcome on documented Black x hire-cycle era, lag freely estimated, cluster franchise","Wins over expected, $t+1$, 1999--",,,documented_positive
table-32,(6),LagWinPct,-2.27736787185366,1.63454676647283,0.173448210647848,-5.61104798083877,1.05631223713146,4.57932205926464,0.0310916624167798,187,172,15,32,LeadWinsOverExpected,equal observations,season,"cluster franchise_id (CR1, t with G-1 df)","hire outcome on documented Black x hire-cycle era, lag freely estimated, cluster franchise","Wins over expected, $t+1$, 1999--",,,documented_positive
table-32,(6),LagExpectedWins,0.10486910196411,0.135927761388061,0.446248396039261,-0.172357395125403,0.382095599053623,0.380813207035978,0.0310916624167798,187,172,15,32,LeadWinsOverExpected,equal observations,season,"cluster franchise_id (CR1, t with G-1 df)","hire outcome on documented Black x hire-cycle era, lag freely estimated, cluster franchise","Wins over expected, $t+1$, 1999--",,,documented_positive
table-32,(6),RetainedInterim,-0.55062320480361,0.631775775923866,0.390154820128305,-1.83913839490786,0.73789198530064,1.76997367499015,0.0310916624167798,187,172,15,32,LeadWinsOverExpected,equal observations,season,"cluster franchise_id (CR1, t with G-1 df)","hire outcome on documented Black x hire-cycle era, lag freely estimated, cluster franchise","Wins over expected, $t+1$, 1999--",,,documented_positive
table-32-sensitivity,(1),PBlackPred,0.246654408001352,0.115827691485089,0.0412598579006089,0.0104222737524579,0.482886542250247,0.324501148312776,0.439072821642026,187,187,0,32,WinPct,equal observations,season,"cluster franchise_id (CR1, t with G-1 df)","association with predicted P(Black) score, not the latent Black/non-Black gap (no prior controls; descriptive)","Win \%, season $t$, 1990--",,,predicted_score_descriptive
table-32-sensitivity,(1),PBlackXRule,-0.475801346763059,0.126851485707245,0.000726336630922996,-0.734516657558347,-0.217086035967772,0.355385247253086,0.439072821642026,187,187,0,32,WinPct,equal observations,season,"cluster franchise_id (CR1, t with G-1 df)","association with predicted P(Black) score, not the latent Black/non-Black gap (no prior controls; descriptive)","Win \%, season $t$, 1990--",,,predicted_score_descriptive
table-32-sensitivity,(1),PBlackXPost,-0.328789665648547,0.162178319235565,0.0513003136514439,-0.659554528443452,0.00197519714635841,0.454356381868766,0.439072821642026,187,187,0,32,WinPct,equal observations,season,"cluster franchise_id (CR1, t with G-1 df)","association with predicted P(Black) score, not the latent Black/non-Black gap (no prior controls; descriptive)","Win \%, season $t$, 1990--",,,predicted_score_descriptive
table-32-sensitivity,(1),LagWinPct,0.250794111118138,0.0694038605335427,0.00105541462956059,0.109244004328156,0.392344217908119,0.194440829750747,0.439072821642026,187,187,0,32,WinPct,equal observations,season,"cluster franchise_id (CR1, t with G-1 df)","association with predicted P(Black) score, not the latent Black/non-Black gap (no prior controls; descriptive)","Win \%, season $t$, 1990--",,,predicted_score_descriptive
table-32-sensitivity,(1),RetainedInterim,-0.0153627024171141,0.0656308771208333,0.816463971426789,-0.149217758803844,0.118492353969616,0.183870495193515,0.439072821642026,187,187,0,32,WinPct,equal observations,season,"cluster franchise_id (CR1, t with G-1 df)","association with predicted P(Black) score, not the latent Black/non-Black gap (no prior controls; descriptive)","Win \%, season $t$, 1990--",,,predicted_score_descriptive
table-32-sensitivity,(4),PBlackPred,0.307329664359986,0.118426692190005,0.0143189362321528,0.0657968332262224,0.54886249549375,0.331782470269532,0.437397305290831,187,179,8,32,WinPct,equal observations,season,"cluster franchise_id (CR1, t with G-1 df)","association with predicted P(Black) score, not the latent Black/non-Black gap (no prior controls; descriptive)","Win \%, $t$, 1999--",,,predicted_score_descriptive
table-32-sensitivity,(4),PBlackXRule,-0.498142412771898,0.123385188213427,0.000329295219310319,-0.749788163219335,-0.246496662324462,0.345674119432824,0.437397305290831,187,179,8,32,WinPct,equal observations,season,"cluster franchise_id (CR1, t with G-1 df)","association with predicted P(Black) score, not the latent Black/non-Black gap (no prior controls; descriptive)","Win \%, $t$, 1999--",,,predicted_score_descriptive
table-32-sensitivity,(4),PBlackXPost,-0.376912498178811,0.177166083924251,0.0414420593240106,-0.738245108587717,-0.015579887769906,0.496345881873144,0.437397305290831,187,179,8,32,WinPct,equal observations,season,"cluster franchise_id (CR1, t with G-1 df)","association with predicted P(Black) score, not the latent Black/non-Black gap (no prior controls; descriptive)","Win \%, $t$, 1999--",,,predicted_score_descriptive
table-32-sensitivity,(4),LagWinPct,-0.0728443365098026,0.141634373486894,0.610680802583355,-0.361709545708254,0.216020872688649,0.396800767137574,0.437397305290831,187,179,8,32,WinPct,equal observations,season,"cluster franchise_id (CR1, t with G-1 df)","association with predicted P(Black) score, not the latent Black/non-Black gap (no prior controls; descriptive)","Win \%, $t$, 1999--",,,predicted_score_descriptive
table-32-sensitivity,(4),LagExpectedWins,0.0357830931182932,0.0141340513940502,0.0166365830534827,0.00695650524806987,0.0646096809885165,0.0395977494576201,0.437397305290831,187,179,8,32,WinPct,equal observations,season,"cluster franchise_id (CR1, t with G-1 df)","association with predicted P(Black) score, not the latent Black/non-Black gap (no prior controls; descriptive)","Win \%, $t$, 1999--",,,predicted_score_descriptive
table-32-sensitivity,(4),RetainedInterim,-0.00378515787348458,0.0633295414297785,0.952723087595681,-0.132946609173636,0.125376293426667,0.17742310713954,0.437397305290831,187,179,8,32,WinPct,equal observations,season,"cluster franchise_id (CR1, t with G-1 df)","association with predicted P(Black) score, not the latent Black/non-Black gap (no prior controls; descriptive)","Win \%, $t$, 1999--",,,predicted_score_descriptive
table-32-diagnostics,(1),BlackXTrend,-0.0167423494963126,0.0133093131266464,0.218447560026403,-0.0439629512193557,0.0104782522267305,0.0372871749188494,0.464026162790698,86,86,0,30,WinPct,equal observations,season,"cluster franchise_id (CR1, t with G-1 df)",pre-rule Black x linear trend,"Win \%, season $t$, 1990--",,,documented_positive
table-32-diagnostics,(1),BlackX1997,-0.0726709525394287,0.0941552039666444,0.446464768640485,-0.265239966653061,0.119898061574203,0.263783827641363,0.464026162790698,86,86,0,30,WinPct,equal observations,season,"cluster franchise_id (CR1, t with G-1 df)",pre-rule placebo break 1997,"Win \%, season $t$, 1990--",,,documented_positive
table-32-diagnostics,(1),BlackXTrend,-0.0138219338638794,0.00958984708614027,0.159854949653436,-0.0334070144280444,0.00576314670028557,0.0268667738404943,0.436979166666667,120,120,0,31,WinPct,equal observations,season,"cluster franchise_id (CR1, t with G-1 df)",rule-era Black x linear trend,"Win \%, season $t$, 1990--",,,documented_positive
table-32-diagnostics,(2),BlackXTrend,-0.0167423494963126,0.0133093131266464,0.218447560026403,-0.0439629512193557,0.0104782522267305,0.0372871749188494,0.464026162790698,86,86,0,30,WinPct,equal observations,season,"cluster franchise_id (CR1, t with G-1 df)",pre-rule Black x linear trend,"Win \%, $t$, 1990--, franchise FE",,,documented_positive
table-32-diagnostics,(2),BlackX1997,-0.0726709525394287,0.0941552039666444,0.446464768640485,-0.265239966653061,0.119898061574203,0.263783827641363,0.464026162790698,86,86,0,30,WinPct,equal observations,season,"cluster franchise_id (CR1, t with G-1 df)",pre-rule placebo break 1997,"Win \%, $t$, 1990--, franchise FE",,,documented_positive
table-32-diagnostics,(2),BlackXTrend,-0.0138219338638794,0.00958984708614027,0.159854949653436,-0.0334070144280444,0.00576314670028557,0.0268667738404943,0.436979166666667,120,120,0,31,WinPct,equal observations,season,"cluster franchise_id (CR1, t with G-1 df)",rule-era Black x linear trend,"Win \%, $t$, 1990--, franchise FE",,,documented_positive
table-32-diagnostics,(3),BlackXTrend,0.00492817048664886,0.0115234934338983,0.672055659408171,-0.0186400198652814,0.0284963608385791,0.0322840488654312,0.468023255813954,86,86,0,30,LeadWinPct,equal observations,season,"cluster franchise_id (CR1, t with G-1 df)",pre-rule Black x linear trend,"Win \%, season $t+1$, 1990--",,,documented_positive
table-32-diagnostics,(3),BlackX1997,-0.0043497085920327,0.0886211213850811,0.961190374276676,-0.185600252967841,0.176900835783776,0.248279623685038,0.468023255813954,86,86,0,30,LeadWinPct,equal observations,season,"cluster franchise_id (CR1, t with G-1 df)",pre-rule placebo break 1997,"Win \%, season $t+1$, 1990--",,,documented_positive
table-32-diagnostics,(3),BlackXTrend,-0.00488080589369708,0.0097577005423804,0.620583569525021,-0.0248086889482362,0.0150470771608421,0.0273370296023058,0.451501225490196,120,120,0,31,LeadWinPct,equal observations,season,"cluster franchise_id (CR1, t with G-1 df)",rule-era Black x linear trend,"Win \%, season $t+1$, 1990--",,,documented_positive
table-32-diagnostics,(4),BlackXTrend,-0.191718003045217,0.116133830582863,0.115204690966985,-0.434788903985728,0.0513528978952937,0.325358823083784,0.480113636363636,30,22,8,20,WinPct,equal observations,season,"cluster franchise_id (CR1, t with G-1 df)",pre-rule Black x linear trend,"Win \%, $t$, 1999--",,,documented_positive
table-32-diagnostics,(4),BlackXTrend,-0.0152093390896807,0.00958091004302635,0.122893187014983,-0.0347761677768533,0.00435748959749196,0.0268417359526127,0.436979166666667,120,120,0,31,WinPct,equal observations,season,"cluster franchise_id (CR1, t with G-1 df)",rule-era Black x linear trend,"Win \%, $t$, 1999--",,,documented_positive
table-32-diagnostics,(5),BlackXTrend,-3.46854079606655,1.15649820989872,0.0073751795484343,-5.88911936826472,-1.04796222386839,3.24002828962635,0.175308424865724,30,22,8,20,WinsOverExpected,equal observations,season,"cluster franchise_id (CR1, t with G-1 df)",pre-rule Black x linear trend,"Wins over expected, $t$, 1999--",,,documented_positive
table-32-diagnostics,(5),BlackXTrend,-0.178077413255865,0.0910318183493313,0.0598070994711504,-0.363989188517722,0.00783436200599189,0.255033396665431,0.0283952925340211,120,120,0,31,WinsOverExpected,equal observations,season,"cluster franchise_id (CR1, t with G-1 df)",rule-era Black x linear trend,"Wins over expected, $t$, 1999--",,,documented_positive
table-32-diagnostics,(6),BlackXTrend,1.13091042226371,1.51832316477995,0.465481593557241,-2.04697648398609,4.30879732851351,4.25371173476602,0.0142341846406755,30,22,8,20,LeadWinsOverExpected,equal observations,season,"cluster franchise_id (CR1, t with G-1 df)",pre-rule Black x linear trend,"Wins over expected, $t+1$, 1999--",,,documented_positive
table-32-diagnostics,(6),BlackXTrend,-0.0664551658434774,0.112416991619529,0.558848896713594,-0.296041291448289,0.163130959761335,0.314945781986003,-0.0813457911650963,120,120,0,31,LeadWinsOverExpected,equal observations,season,"cluster franchise_id (CR1, t with G-1 df)",rule-era Black x linear trend,"Wins over expected, $t+1$, 1999--",,,documented_positive
table-33,NCoaches,OffXMandate,0.552083333333331,0.161341103217983,0.00176568504030186,0.223025983863823,0.881140682802838,0.45201084984954,8.11266447368421,1216,1216,0,32,NCoaches,equal observations,FranchiseUnit+season,"cluster franchise_id (CR1, t with G-1 df)","offense vs defense DiD, franchise x unit + season FE, cluster franchise",Coaches on the opening staff,,,documented_positive
table-33,NCoaches,OffXPost,0.500000000000009,0.215385412601852,0.0270089704628141,0.0607185548408935,0.939281445159125,0.603420588142511,8.11266447368421,1216,1216,0,32,NCoaches,equal observations,FranchiseUnit+season,"cluster franchise_id (CR1, t with G-1 df)","offense vs defense DiD, franchise x unit + season FE, cluster franchise",Coaches on the opening staff,,,documented_positive
table-33-pretrend,NCoaches,OffXTrend,0.0174107142857142,0.0139216209543732,0.220429228109824,-0.0109826188463638,0.0458040474177923,0.0390026074779436,7.62916666666667,960,960,0,32,NCoaches,equal observations,FranchiseUnit+season,"cluster franchise_id (CR1, t with G-1 df)","offense x linear trend, pre-2022 seasons, franchise x unit + season FE","joint leads p: 0.0221 (13 leads 2008-20), 0.0214 (4 leads 2017-20)",,,documented_positive
table-33-event-study,NCoaches,OffX2007,-0.281250000000006,0.258791510326207,0.285511485773492,-0.80905876512354,0.246558765123527,0.72502646990303,8.11266447368421,1216,1216,0,32,NCoaches,equal observations,FranchiseUnit+season,"cluster franchise_id (CR1, t with G-1 df)","offense x season, ref 2021, franchise x unit + season FE",Coaches on the opening staff,2007,NCoaches,documented_positive
table-33-event-study,NCoaches,OffX2008,-0.0937500000000026,0.242738534638813,0.701973344511822,-0.588818505354422,0.401318505354416,0.680052690510501,8.11266447368421,1216,1216,0,32,NCoaches,equal observations,FranchiseUnit+season,"cluster franchise_id (CR1, t with G-1 df)","offense x season, ref 2021, franchise x unit + season FE",Coaches on the opening staff,2008,NCoaches,documented_positive
table-33-event-study,NCoaches,OffX2009,-0.43750000000001,0.253532130720273,0.0943726924947024,-0.954582189697539,0.0795821896975188,0.710291869742602,8.11266447368421,1216,1216,0,32,NCoaches,equal observations,FranchiseUnit+season,"cluster franchise_id (CR1, t with G-1 df)","offense x season, ref 2021, franchise x unit + season FE",Coaches on the opening staff,2009,NCoaches,documented_positive
table-33-event-study,NCoaches,OffX2010,0.0625000000000012,0.308939953176671,0.841000387433086,-0.567587188632896,0.692587188632898,0.865521606104274,8.11266447368421,1216,1216,0,32,NCoaches,equal observations,FranchiseUnit+season,"cluster franchise_id (CR1, t with G-1 df)","offense x season, ref 2021, franchise x unit + season FE",Coaches on the opening staff,2010,NCoaches,documented_positive
table-33-event-study,NCoaches,OffX2011,-0.187500000000004,0.259605617511805,0.475554628289317,-0.716969147675374,0.341969147675365,0.727307260560162,8.11266447368421,1216,1216,0,32,NCoaches,equal observations,FranchiseUnit+season,"cluster franchise_id (CR1, t with G-1 df)","offense x season, ref 2021, franchise x unit + season FE",Coaches on the opening staff,2011,NCoaches,documented_positive
table-33-event-study,NCoaches,OffX2012,0.0625000000000016,0.325318837126315,0.848901806511426,-0.60099214268516,0.725992142685163,0.911408445266783,8.11266447368421,1216,1216,0,32,NCoaches,equal observations,FranchiseUnit+season,"cluster franchise_id (CR1, t with G-1 df)","offense x season, ref 2021, franchise x unit + season FE",Coaches on the opening staff,2012,NCoaches,documented_positive
table-33-event-study,NCoaches,OffX2013,-0.0625000000000015,0.298681810622199,0.835619943426712,-0.671665568958002,0.546665568958,0.83678254555837,8.11266447368421,1216,1216,0,32,NCoaches,equal observations,FranchiseUnit+season,"cluster franchise_id (CR1, t with G-1 df)","offense x season, ref 2021, franchise x unit + season FE",Coaches on the opening staff,2013,NCoaches,documented_positive
table-33-event-study,NCoaches,OffX2014,-0.0312500000000002,0.29710161664617,0.916908349243545,-0.637192742095975,0.574692742095974,0.832355497473375,8.11266447368421,1216,1216,0,32,NCoaches,equal observations,FranchiseUnit+season,"cluster franchise_id (CR1, t with G-1 df)","offense x season, ref 2021, franchise x unit + season FE",Coaches on the opening staff,2014,NCoaches,documented_positive
table-33-event-study,NCoaches,OffX2015,-0.406250000000009,0.301871155746755,0.188136441657316,-1.02192028122474,0.209420281224722,0.845717767714786,8.11266447368421,1216,1216,0,32,NCoaches,equal observations,FranchiseUnit+season,"cluster franchise_id (CR1, t with G-1 df)","offense x season, ref 2021, franchise x unit + season FE",Coaches on the opening staff,2015,NCoaches,documented_positive
table-33-event-study,NCoaches,OffX2016,-0.531250000000011,0.26572354752461,0.0544114861216002,-1.07319674820061,0.0106967482005862,0.744447162849487,8.11266447368421,1216,1216,0,32,NCoaches,equal observations,FranchiseUnit+season,"cluster franchise_id (CR1, t with G-1 df)","offense x season, ref 2021, franchise x unit + season FE",Coaches on the opening staff,2016,NCoaches,documented_positive
table-33-event-study,NCoaches,OffX2017,-0.500000000000011,0.30235470867781,0.108283961047433,-1.11665649392967,0.116656493929651,0.847072482458604,8.11266447368421,1216,1216,0,32,NCoaches,equal observations,FranchiseUnit+season,"cluster franchise_id (CR1, t with G-1 df)","offense x season, ref 2021, franchise x unit + season FE",Coaches on the opening staff,2017,NCoaches,documented_positive
table-33-event-study,NCoaches,OffX2018,0.0937500000000021,0.310355312878785,0.764613715459192,-0.539223833776845,0.726723833776849,0.86948685692403,8.11266447368421,1216,1216,0,32,NCoaches,equal observations,FranchiseUnit+season,"cluster franchise_id (CR1, t with G-1 df)","offense x season, ref 2021, franchise x unit + season FE",Coaches on the opening staff,2018,NCoaches,documented_positive
table-33-event-study,NCoaches,OffX2019,0.125000000000003,0.287381604156027,0.666603377798717,-0.461118645923184,0.71111864592319,0.805124054161118,8.11266447368421,1216,1216,0,32,NCoaches,equal observations,FranchiseUnit+season,"cluster franchise_id (CR1, t with G-1 df)","offense x season, ref 2021, franchise x unit + season FE",Coaches on the opening staff,2019,NCoaches,documented_positive
table-33-event-study,NCoaches,OffX2020,0.312500000000006,0.215912422993347,0.157837902506228,-0.127856289938954,0.752856289938966,0.604897052665115,8.11266447368421,1216,1216,0,32,NCoaches,equal observations,FranchiseUnit+season,"cluster franchise_id (CR1, t with G-1 df)","offense x season, ref 2021, franchise x unit + season FE",Coaches on the opening staff,2020,NCoaches,documented_positive
table-33-event-study,NCoaches,OffX2022,0.250000000000005,0.227908436882161,0.28111937140419,-0.214822321568349,0.71482232156836,0.638504907852295,8.11266447368421,1216,1216,0,32,NCoaches,equal observations,FranchiseUnit+season,"cluster franchise_id (CR1, t with G-1 df)","offense x season, ref 2021, franchise x unit + season FE",Coaches on the opening staff,2022,NCoaches,documented_positive
table-33-event-study,NCoaches,OffX2023,0.312500000000007,0.271345070557647,0.258261690280701,-0.240911920015696,0.86591192001571,0.760196338682124,8.11266447368421,1216,1216,0,32,NCoaches,equal observations,FranchiseUnit+season,"cluster franchise_id (CR1, t with G-1 df)","offense x season, ref 2021, franchise x unit + season FE",Coaches on the opening staff,2023,NCoaches,documented_positive
table-33-event-study,NCoaches,OffX2024,0.718750000000014,0.28912725158584,0.0185187496498181,0.129071082671056,1.30842891732897,0.810014634196518,8.11266447368421,1216,1216,0,32,NCoaches,equal observations,FranchiseUnit+season,"cluster franchise_id (CR1, t with G-1 df)","offense x season, ref 2021, franchise x unit + season FE",Coaches on the opening staff,2024,NCoaches,documented_positive
table-33-event-study,NCoaches,OffX2025,0.375000000000008,0.3215044146635,0.252351321439624,-0.280712576782006,1.03071257678202,0.900722015679322,8.11266447368421,1216,1216,0,32,NCoaches,equal observations,FranchiseUnit+season,"cluster franchise_id (CR1, t with G-1 df)","offense x season, ref 2021, franchise x unit + season FE",Coaches on the opening staff,2025,NCoaches,documented_positive
table-33,NNewCoaches,OffXMandate,0.256696428571435,0.269711930919945,0.348589524415419,-0.293384681193332,0.806777538336202,0.755620958814024,2.73177083333333,1152,1152,0,32,NNewCoaches,equal observations,FranchiseUnit+season,"cluster franchise_id (CR1, t with G-1 df)","offense vs defense DiD, franchise x unit + season FE, cluster franchise",New to the franchise,,,documented_positive
table-33,NNewCoaches,OffXPost,-0.680803571428561,0.501568275205087,0.184470538777725,-1.70375881299519,0.342151670138069,1.40518626568899,2.73177083333333,1152,1152,0,32,NNewCoaches,equal observations,FranchiseUnit+season,"cluster franchise_id (CR1, t with G-1 df)","offense vs defense DiD, franchise x unit + season FE, cluster franchise",New to the franchise,,,documented_positive
table-33-pretrend,NNewCoaches,OffXTrend,0.00954670329670328,0.0225934165919352,0.675544844749589,-0.0365328736425842,0.0556262802359908,0.0632973819506339,2.43638392857143,896,896,0,32,NNewCoaches,equal observations,FranchiseUnit+season,"cluster franchise_id (CR1, t with G-1 df)","offense x linear trend, pre-2022 seasons, franchise x unit + season FE","joint leads p: 0.0000 (13 leads 2008-20), 0.0395 (4 leads 2017-20)",,,documented_positive
table-33-event-study,NNewCoaches,OffX2008,0.906250000000042,0.504183770762955,0.0820106525388493,-0.122039579925848,1.93453957992593,1.41251379938195,2.73177083333333,1152,1152,0,32,NNewCoaches,equal observations,FranchiseUnit+season,"cluster franchise_id (CR1, t with G-1 df)","offense x season, ref 2021, franchise x unit + season FE",New to the franchise,2008,NNewCoaches,documented_positive
table-33-event-study,NNewCoaches,OffX2009,-0.468749999999933,0.378569484748532,0.224932127734101,-1.24084755453992,0.303347554540058,1.06059467250013,2.73177083333333,1152,1152,0,32,NNewCoaches,equal observations,FranchiseUnit+season,"cluster franchise_id (CR1, t with G-1 df)","offense x season, ref 2021, franchise x unit + season FE",New to the franchise,2009,NNewCoaches,documented_positive
table-33-event-study,NNewCoaches,OffX2010,0.781250000000044,0.40954297502788,0.0657424194209908,-0.0540184044465042,1.61651840444659,1.14736954502012,2.73177083333333,1152,1152,0,32,NNewCoaches,equal observations,FranchiseUnit+season,"cluster franchise_id (CR1, t with G-1 df)","offense x season, ref 2021, franchise x unit + season FE",New to the franchise,2010,NNewCoaches,documented_positive
table-33-event-study,NNewCoaches,OffX2011,0.187500000000056,0.413840169670109,0.653651236689425,-0.656532590701103,1.03153259070122,1.15940850200914,2.73177083333333,1152,1152,0,32,NNewCoaches,equal observations,FranchiseUnit+season,"cluster franchise_id (CR1, t with G-1 df)","offense x season, ref 2021, franchise x unit + season FE",New to the franchise,2011,NNewCoaches,documented_positive
table-33-event-study,NNewCoaches,OffX2012,0.437500000000051,0.410057849625606,0.294245695366514,-0.39881849811177,1.27381849811187,1.14881201008229,2.73177083333333,1152,1152,0,32,NNewCoaches,equal observations,FranchiseUnit+season,"cluster franchise_id (CR1, t with G-1 df)","offense x season, ref 2021, franchise x unit + season FE",New to the franchise,2012,NNewCoaches,documented_positive
table-33-event-study,NNewCoaches,OffX2013,0.781250000000045,0.380621830402929,0.0486390796701193,0.0049666589012588,1.55753334109883,1.06634449374795,2.73177083333333,1152,1152,0,32,NNewCoaches,equal observations,FranchiseUnit+season,"cluster franchise_id (CR1, t with G-1 df)","offense x season, ref 2021, franchise x unit + season FE",New to the franchise,2013,NNewCoaches,documented_positive
table-33-event-study,NNewCoaches,OffX2014,0.562500000000049,0.466912599881132,0.237427621228662,-0.389774525749426,1.51477452574952,1.30809543797767,2.73177083333333,1152,1152,0,32,NNewCoaches,equal observations,FranchiseUnit+season,"cluster franchise_id (CR1, t with G-1 df)","offense x season, ref 2021, franchise x unit + season FE",New to the franchise,2014,NNewCoaches,documented_positive
table-33-event-study,NNewCoaches,OffX2015,0.46875000000005,0.480176782640609,0.336520729399741,-0.510577004842837,1.44807700484294,1.34525617632697,2.73177083333333,1152,1152,0,32,NNewCoaches,equal observations,FranchiseUnit+season,"cluster franchise_id (CR1, t with G-1 df)","offense x season, ref 2021, franchise x unit + season FE",New to the franchise,2015,NNewCoaches,documented_positive
table-33-event-study,NNewCoaches,OffX2016,0.281250000000054,0.397965715125883,0.485019595284316,-0.530406427203948,1.09290642720406,1.11493486481243,2.73177083333333,1152,1152,0,32,NNewCoaches,equal observations,FranchiseUnit+season,"cluster franchise_id (CR1, t with G-1 df)","offense x season, ref 2021, franchise x unit + season FE",New to the franchise,2016,NNewCoaches,documented_positive
table-33-event-study,NNewCoaches,OffX2017,0.46875000000005,0.441873610888483,0.296965342552672,-0.432457171014745,1.36995717101485,1.23794657653938,2.73177083333333,1152,1152,0,32,NNewCoaches,equal observations,FranchiseUnit+season,"cluster franchise_id (CR1, t with G-1 df)","offense x season, ref 2021, franchise x unit + season FE",New to the franchise,2017,NNewCoaches,documented_positive
table-33-event-study,NNewCoaches,OffX2018,1.18750000000004,0.476818743241907,0.0183238851674158,0.21502176166433,2.15997823833574,1.33584834278573,2.73177083333333,1152,1152,0,32,NNewCoaches,equal observations,FranchiseUnit+season,"cluster franchise_id (CR1, t with G-1 df)","offense x season, ref 2021, franchise x unit + season FE",New to the franchise,2018,NNewCoaches,documented_positive
table-33-event-study,NNewCoaches,OffX2019,1.00000000000004,0.484517490025059,0.04748229810077,0.0118200640796958,1.98817993592039,1.3574170379714,2.73177083333333,1152,1152,0,32,NNewCoaches,equal observations,FranchiseUnit+season,"cluster franchise_id (CR1, t with G-1 df)","offense x season, ref 2021, franchise x unit + season FE",New to the franchise,2019,NNewCoaches,documented_positive
table-33-event-study,NNewCoaches,OffX2020,0.312500000000053,0.401093753864626,0.441816707945489,-0.505536104272463,1.13053610427257,1.12369833190458,2.73177083333333,1152,1152,0,32,NNewCoaches,equal observations,FranchiseUnit+season,"cluster franchise_id (CR1, t with G-1 df)","offense x season, ref 2021, franchise x unit + season FE",New to the franchise,2020,NNewCoaches,documented_positive
table-33-event-study,NNewCoaches,OffX2022,0.812500000000044,0.483310051512293,0.102790427656316,-0.173217348837819,1.79821734883791,1.35403429608226,2.73177083333333,1152,1152,0,32,NNewCoaches,equal observations,FranchiseUnit+season,"cluster franchise_id (CR1, t with G-1 df)","offense x season, ref 2021, franchise x unit + season FE",New to the franchise,2022,NNewCoaches,documented_positive
table-33-event-study,NNewCoaches,OffX2023,0.437500000000051,0.505373453837741,0.393307250739703,-0.593215954553816,1.46821595455392,1.41584679789851,2.73177083333333,1152,1152,0,32,NNewCoaches,equal observations,FranchiseUnit+season,"cluster franchise_id (CR1, t with G-1 df)","offense x season, ref 2021, franchise x unit + season FE",New to the franchise,2023,NNewCoaches,documented_positive
table-33-event-study,NNewCoaches,OffX2024,1.00000000000004,0.651006493861262,0.134662857246716,-0.327736497921384,2.32773649792147,1.82385017009726,2.73177083333333,1152,1152,0,32,NNewCoaches,equal observations,FranchiseUnit+season,"cluster franchise_id (CR1, t with G-1 df)","offense x season, ref 2021, franchise x unit + season FE",New to the franchise,2024,NNewCoaches,documented_positive
table-33-event-study,NNewCoaches,OffX2025,-0.18749999999994,0.575526698199567,0.74677334651637,-1.36129443973808,0.986294439738205,1.61238709030527,2.73177083333333,1152,1152,0,32,NNewCoaches,equal observations,FranchiseUnit+season,"cluster franchise_id (CR1, t with G-1 df)","offense x season, ref 2021, franchise x unit + season FE",New to the franchise,2025,NNewCoaches,documented_positive
table-33,EligibleShareLower,OffXMandate,0.0331444365819364,0.0266906974248907,0.223624898799582,-0.0212915997098262,0.087580472873699,0.0747762633666997,0.212033251835883,1216,1216,0,32,EligibleShareLower,equal observations,FranchiseUnit+season,"cluster franchise_id (CR1, t with G-1 df)","offense vs defense DiD, franchise x unit + season FE, cluster franchise","Eligible share, documented (lower bound)",,,documented_positive
table-33,EligibleShareLower,OffXPost,0.0311172392422397,0.0350527633807282,0.381524415284408,-0.0403733430061071,0.102607821490587,0.0982033037414597,0.212033251835883,1216,1216,0,32,EligibleShareLower,equal observations,FranchiseUnit+season,"cluster franchise_id (CR1, t with G-1 df)","offense vs defense DiD, franchise x unit + season FE, cluster franchise","Eligible share, documented (lower bound)",,,documented_positive
table-33-pretrend,EligibleShareLower,OffXTrend,0.000321362665112669,0.00286264517433614,0.911340454440233,-0.00551704066020768,0.00615976599043301,0.00801994440512255,0.213247597310097,960,960,0,32,EligibleShareLower,equal observations,FranchiseUnit+season,"cluster franchise_id (CR1, t with G-1 df)","offense x linear trend, pre-2022 seasons, franchise x unit + season FE","joint leads p: 0.5096 (13 leads 2008-20), 0.8459 (4 leads 2017-20)",,,documented_positive
table-33-event-study,EligibleShareLower,OffX2007,-0.0136668019480521,0.0389709575252508,0.728191440986718,-0.0931485938397444,0.0658149899436403,0.109180458538451,0.212033251835883,1216,1216,0,32,EligibleShareLower,equal observations,FranchiseUnit+season,"cluster franchise_id (CR1, t with G-1 df)","offense x season, ref 2021, franchise x unit + season FE","Eligible share, documented (lower bound)",2007,EligibleShareLower,documented_positive
table-33-event-study,EligibleShareLower,OffX2008,-0.00689596861471858,0.0381629689622648,0.857780873588599,-0.0847298569676663,0.0709379197382292,0.106916809723985,0.212033251835883,1216,1216,0,32,EligibleShareLower,equal observations,FranchiseUnit+season,"cluster franchise_id (CR1, t with G-1 df)","offense x season, ref 2021, franchise x unit + season FE","Eligible share, documented (lower bound)",2008,EligibleShareLower,documented_positive
table-33-event-study,EligibleShareLower,OffX2009,0.012746888528139,0.046092429816555,0.783960759842631,-0.0812592418598077,0.106753018916086,0.12913187004097,0.212033251835883,1216,1216,0,32,EligibleShareLower,equal observations,FranchiseUnit+season,"cluster franchise_id (CR1, t with G-1 df)","offense x season, ref 2021, franchise x unit + season FE","Eligible share, documented (lower bound)",2009,EligibleShareLower,documented_positive
table-33-event-study,EligibleShareLower,OffX2010,0.0219234758297265,0.0443265161230139,0.624376268275893,-0.0684810498350676,0.112328001494521,0.124184512340682,0.212033251835883,1216,1216,0,32,EligibleShareLower,equal observations,FranchiseUnit+season,"cluster franchise_id (CR1, t with G-1 df)","offense x season, ref 2021, franchise x unit + season FE","Eligible share, documented (lower bound)",2010,EligibleShareLower,documented_positive
table-33-event-study,EligibleShareLower,OffX2011,-0.0256707702020206,0.0439903661549781,0.563742222982702,-0.115389713487,0.0640481730829586,0.123242759559164,0.212033251835883,1216,1216,0,32,EligibleShareLower,equal observations,FranchiseUnit+season,"cluster franchise_id (CR1, t with G-1 df)","offense x season, ref 2021, franchise x unit + season FE","Eligible share, documented (lower bound)",2011,EligibleShareLower,documented_positive
table-33-event-study,EligibleShareLower,OffX2012,-0.0392992424242431,0.0425756989926902,0.363113308090472,-0.126132953009561,0.0475344681610746,0.119279448948748,0.212033251835883,1216,1216,0,32,EligibleShareLower,equal observations,FranchiseUnit+season,"cluster franchise_id (CR1, t with G-1 df)","offense x season, ref 2021, franchise x unit + season FE","Eligible share, documented (lower bound)",2012,EligibleShareLower,documented_positive
table-33-event-study,EligibleShareLower,OffX2013,-0.00492311507936498,0.0436848209348624,0.91099800874651,-0.0940188947794361,0.0841726646207062,0.122386748587022,0.212033251835883,1216,1216,0,32,EligibleShareLower,equal observations,FranchiseUnit+season,"cluster franchise_id (CR1, t with G-1 df)","offense x season, ref 2021, franchise x unit + season FE","Eligible share, documented (lower bound)",2013,EligibleShareLower,documented_positive
table-33-event-study,EligibleShareLower,OffX2014,-0.0182043650793653,0.0411990491298847,0.661655015031374,-0.102230379758511,0.0658216495997807,0.115422647042595,0.212033251835883,1216,1216,0,32,EligibleShareLower,equal observations,FranchiseUnit+season,"cluster franchise_id (CR1, t with G-1 df)","offense x season, ref 2021, franchise x unit + season FE","Eligible share, documented (lower bound)",2014,EligibleShareLower,documented_positive
table-33-event-study,EligibleShareLower,OffX2015,-0.0147704725829727,0.043453721780202,0.736214685039072,-0.103394922449663,0.0738539772837178,0.121739304611407,0.212033251835883,1216,1216,0,32,EligibleShareLower,equal observations,FranchiseUnit+season,"cluster franchise_id (CR1, t with G-1 df)","offense x season, ref 2021, franchise x unit + season FE","Eligible share, documented (lower bound)",2015,EligibleShareLower,documented_positive
table-33-event-study,EligibleShareLower,OffX2016,-0.0193937139249641,0.0447081394650008,0.66744866260036,-0.110576565527199,0.071789137677271,0.125253662654479,0.212033251835883,1216,1216,0,32,EligibleShareLower,equal observations,FranchiseUnit+season,"cluster franchise_id (CR1, t with G-1 df)","offense x season, ref 2021, franchise x unit + season FE","Eligible share, documented (lower bound)",2016,EligibleShareLower,documented_positive
table-33-event-study,EligibleShareLower,OffX2017,0.0116217983405488,0.0427930367369926,0.787744277605383,-0.075655175496683,0.0988987721777806,0.119888339160524,0.212033251835883,1216,1216,0,32,EligibleShareLower,equal observations,FranchiseUnit+season,"cluster franchise_id (CR1, t with G-1 df)","offense x season, ref 2021, franchise x unit + season FE","Eligible share, documented (lower bound)",2017,EligibleShareLower,documented_positive
table-33-event-study,EligibleShareLower,OffX2018,-0.0175178120490623,0.0467399988648802,0.71036650837093,-0.112844668218538,0.0778090441204137,0.130946089914465,0.212033251835883,1216,1216,0,32,EligibleShareLower,equal observations,FranchiseUnit+season,"cluster franchise_id (CR1, t with G-1 df)","offense x season, ref 2021, franchise x unit + season FE","Eligible share, documented (lower bound)",2018,EligibleShareLower,documented_positive
table-33-event-study,EligibleShareLower,OffX2019,-0.0157303633866135,0.0427575533823704,0.715450383248782,-0.10293496844497,0.0714742416717432,0.119788929518725,0.212033251835883,1216,1216,0,32,EligibleShareLower,equal observations,FranchiseUnit+season,"cluster franchise_id (CR1, t with G-1 df)","offense x season, ref 2021, franchise x unit + season FE","Eligible share, documented (lower bound)",2019,EligibleShareLower,documented_positive
table-33-event-study,EligibleShareLower,OffX2020,0.0185413544788551,0.0326955471626614,0.574736086549122,-0.0481416535966807,0.0852243625543909,0.0915993616290275,0.212033251835883,1216,1216,0,32,EligibleShareLower,equal observations,FranchiseUnit+season,"cluster franchise_id (CR1, t with G-1 df)","offense x season, ref 2021, franchise x unit + season FE","Eligible share, documented (lower bound)",2020,EligibleShareLower,documented_positive
table-33-event-study,EligibleShareLower,OffX2022,0.0164130140692646,0.0310452269088802,0.600791998425559,-0.0469041436578241,0.0797301717963534,0.0869758488008817,0.212033251835883,1216,1216,0,32,EligibleShareLower,equal observations,FranchiseUnit+season,"cluster franchise_id (CR1, t with G-1 df)","offense x season, ref 2021, franchise x unit + season FE","Eligible share, documented (lower bound)",2022,EligibleShareLower,documented_positive
table-33-event-study,EligibleShareLower,OffX2023,0.0306666423853932,0.0354182594712393,0.393228250357881,-0.0415693740541562,0.102902658824943,0.0992272721859136,0.212033251835883,1216,1216,0,32,EligibleShareLower,equal observations,FranchiseUnit+season,"cluster franchise_id (CR1, t with G-1 df)","offense x season, ref 2021, franchise x unit + season FE","Eligible share, documented (lower bound)",2023,EligibleShareLower,documented_positive
table-33-event-study,EligibleShareLower,OffX2024,0.0301058316683325,0.0407710712547186,0.465818308600478,-0.0530473163796522,0.113258979716317,0.11422363055385,0.212033251835883,1216,1216,0,32,EligibleShareLower,equal observations,FranchiseUnit+season,"cluster franchise_id (CR1, t with G-1 df)","offense x season, ref 2021, franchise x unit + season FE","Eligible share, documented (lower bound)",2024,EligibleShareLower,documented_positive
table-33-event-study,EligibleShareLower,OffX2025,0.0237012987012993,0.0408787756327039,0.566243454619688,-0.0596715138738222,0.107074111276421,0.11452537354714,0.212033251835883,1216,1216,0,32,EligibleShareLower,equal observations,FranchiseUnit+season,"cluster franchise_id (CR1, t with G-1 df)","offense x season, ref 2021, franchise x unit + season FE","Eligible share, documented (lower bound)",2025,EligibleShareLower,documented_positive
table-33,EligibleShareUpperCensus,OffXMandate,0.00797498797498794,0.00710054317469132,0.26999628475409,-0.00650666530651324,0.0224566412564891,0.0198927767987881,0.988641080684666,1216,1216,0,32,EligibleShareUpperCensus,equal observations,FranchiseUnit+season,"cluster franchise_id (CR1, t with G-1 df)","offense vs defense DiD, franchise x unit + season FE, cluster franchise","Eligible share, Census-white-man assumption (upper bound)",,,documented_positive
table-33,EligibleShareUpperCensus,OffXPost,0.00326644420394425,0.00778114892130998,0.677534497027556,-0.0126033136494804,0.0191362020573689,0.0217995517978777,0.988641080684666,1216,1216,0,32,EligibleShareUpperCensus,equal observations,FranchiseUnit+season,"cluster franchise_id (CR1, t with G-1 df)","offense vs defense DiD, franchise x unit + season FE, cluster franchise","Eligible share, Census-white-man assumption (upper bound)",,,documented_positive
table-33-pretrend,EligibleShareUpperCensus,OffXTrend,0.00107982729076479,0.00109764912875996,0.332847931143974,-0.00115884286676645,0.00331849744829603,0.00307515757380848,0.987175061628187,960,960,0,32,EligibleShareUpperCensus,equal observations,FranchiseUnit+season,"cluster franchise_id (CR1, t with G-1 df)","offense x linear trend, pre-2022 seasons, franchise x unit + season FE","joint leads p: 0.3691 (13 leads 2008-20), 0.4740 (4 leads 2017-20)",,,documented_positive
table-33-event-study,EligibleShareUpperCensus,OffX2007,-0.017559523809524,0.0137364893037515,0.210627842657532,-0.0455752784508055,0.0104562308317576,0.038483945382157,0.988641080684666,1216,1216,0,32,EligibleShareUpperCensus,equal observations,FranchiseUnit+season,"cluster franchise_id (CR1, t with G-1 df)","offense x season, ref 2021, franchise x unit + season FE","Eligible share, Census-white-man assumption (upper bound)",2007,EligibleShareUpperCensus,documented_positive
table-33-event-study,EligibleShareUpperCensus,OffX2008,-0.0186011904761907,0.0132190000832937,0.169328964201365,-0.0455615188939833,0.00835913794160196,0.0370341552315896,0.988641080684666,1216,1216,0,32,EligibleShareUpperCensus,equal observations,FranchiseUnit+season,"cluster franchise_id (CR1, t with G-1 df)","offense x season, ref 2021, franchise x unit + season FE","Eligible share, Census-white-man assumption (upper bound)",2008,EligibleShareUpperCensus,documented_positive
table-33-event-study,EligibleShareUpperCensus,OffX2009,-0.020089285714286,0.0178921009550662,0.270142595623622,-0.0565804661964254,0.0164018947678535,0.0501262455566983,0.988641080684666,1216,1216,0,32,EligibleShareUpperCensus,equal observations,FranchiseUnit+season,"cluster franchise_id (CR1, t with G-1 df)","offense x season, ref 2021, franchise x unit + season FE","Eligible share, Census-white-man assumption (upper bound)",2009,EligibleShareUpperCensus,documented_positive
table-33-event-study,EligibleShareUpperCensus,OffX2010,-0.0190972222222224,0.0168229679687974,0.26499789367415,-0.0534078916028808,0.015213447158436,0.0471309783861708,0.988641080684666,1216,1216,0,32,EligibleShareUpperCensus,equal observations,FranchiseUnit+season,"cluster franchise_id (CR1, t with G-1 df)","offense x season, ref 2021, franchise x unit + season FE","Eligible share, Census-white-man assumption (upper bound)",2010,EligibleShareUpperCensus,documented_positive
table-33-event-study,EligibleShareUpperCensus,OffX2011,-0.023995535714286,0.0173379028658073,0.176244678581079,-0.0593564217414149,0.0113653503128428,0.0485736123819242,0.988641080684666,1216,1216,0,32,EligibleShareUpperCensus,equal observations,FranchiseUnit+season,"cluster franchise_id (CR1, t with G-1 df)","offense x season, ref 2021, franchise x unit + season FE","Eligible share, Census-white-man assumption (upper bound)",2011,EligibleShareUpperCensus,documented_positive
table-33-event-study,EligibleShareUpperCensus,OffX2012,-0.0193452380952383,0.01584143855144,0.231224676481056,-0.0516540650311626,0.012963588840686,0.0443811400793592,0.988641080684666,1216,1216,0,32,EligibleShareUpperCensus,equal observations,FranchiseUnit+season,"cluster franchise_id (CR1, t with G-1 df)","offense x season, ref 2021, franchise x unit + season FE","Eligible share, Census-white-man assumption (upper bound)",2012,EligibleShareUpperCensus,documented_positive
table-33-event-study,EligibleShareUpperCensus,OffX2013,-0.00985863095238097,0.0156605912432273,0.53362212696597,-0.0417986173714609,0.022081355466699,0.043874480933935,0.988641080684666,1216,1216,0,32,EligibleShareUpperCensus,equal observations,FranchiseUnit+season,"cluster franchise_id (CR1, t with G-1 df)","offense x season, ref 2021, franchise x unit + season FE","Eligible share, Census-white-man assumption (upper bound)",2013,EligibleShareUpperCensus,documented_positive
table-33-event-study,EligibleShareUpperCensus,OffX2014,-0.0211309523809526,0.0143744072496401,0.151628277414716,-0.0504477492505717,0.00818584448866645,0.0402711268697277,0.988641080684666,1216,1216,0,32,EligibleShareUpperCensus,equal observations,FranchiseUnit+season,"cluster franchise_id (CR1, t with G-1 df)","offense x season, ref 2021, franchise x unit + season FE","Eligible share, Census-white-man assumption (upper bound)",2014,EligibleShareUpperCensus,documented_positive
table-33-event-study,EligibleShareUpperCensus,OffX2015,-0.0255580357142861,0.0130975130389051,0.0601003416711739,-0.0522705896714853,0.00115451824291316,0.0366937989238384,0.988641080684666,1216,1216,0,32,EligibleShareUpperCensus,equal observations,FranchiseUnit+season,"cluster franchise_id (CR1, t with G-1 df)","offense x season, ref 2021, franchise x unit + season FE","Eligible share, Census-white-man assumption (upper bound)",2015,EligibleShareUpperCensus,documented_positive
table-33-event-study,EligibleShareUpperCensus,OffX2016,-0.0168898809523811,0.0112961796677763,0.144977441915732,-0.0399285912777205,0.00614882937295828,0.0316472099783902,0.988641080684666,1216,1216,0,32,EligibleShareUpperCensus,equal observations,FranchiseUnit+season,"cluster franchise_id (CR1, t with G-1 df)","offense x season, ref 2021, franchise x unit + season FE","Eligible share, Census-white-man assumption (upper bound)",2016,EligibleShareUpperCensus,documented_positive
table-33-event-study,EligibleShareUpperCensus,OffX2017,-0.0121899801587302,0.0110457574501339,0.278264625558709,-0.0347179510039117,0.0103379906864512,0.0309456307951564,0.988641080684666,1216,1216,0,32,EligibleShareUpperCensus,equal observations,FranchiseUnit+season,"cluster franchise_id (CR1, t with G-1 df)","offense x season, ref 2021, franchise x unit + season FE","Eligible share, Census-white-man assumption (upper bound)",2017,EligibleShareUpperCensus,documented_positive
table-33-event-study,EligibleShareUpperCensus,OffX2018,-0.014212436868687,0.0134106308526916,0.297428556615915,-0.04156359881741,0.013138725080036,0.0375710251624704,0.988641080684666,1216,1216,0,32,EligibleShareUpperCensus,equal observations,FranchiseUnit+season,"cluster franchise_id (CR1, t with G-1 df)","offense x season, ref 2021, franchise x unit + season FE","Eligible share, Census-white-man assumption (upper bound)",2018,EligibleShareUpperCensus,documented_positive
table-33-event-study,EligibleShareUpperCensus,OffX2019,-0.0109375,0.00999598858160414,0.282301527314186,-0.0313244531222066,0.00944945312220657,0.0280046138506482,0.988641080684666,1216,1216,0,32,EligibleShareUpperCensus,equal observations,FranchiseUnit+season,"cluster franchise_id (CR1, t with G-1 df)","offense x season, ref 2021, franchise x unit + season FE","Eligible share, Census-white-man assumption (upper bound)",2019,EligibleShareUpperCensus,documented_positive
table-33-event-study,EligibleShareUpperCensus,OffX2020,-0.00368303571428559,0.00320449401017605,0.259208542136818,-0.0102186443369364,0.00285257290836522,0.00897766305044078,0.988641080684666,1216,1216,0,32,EligibleShareUpperCensus,equal observations,FranchiseUnit+season,"cluster franchise_id (CR1, t with G-1 df)","offense x season, ref 2021, franchise x unit + season FE","Eligible share, Census-white-man assumption (upper bound)",2020,EligibleShareUpperCensus,documented_positive
table-33-event-study,EligibleShareUpperCensus,OffX2022,-0.00880456349206349,0.00534949861711445,0.109894078032161,-0.0197149378531474,0.00210581086902042,0.0149870762500236,0.988641080684666,1216,1216,0,32,EligibleShareUpperCensus,equal observations,FranchiseUnit+season,"cluster franchise_id (CR1, t with G-1 df)","offense x season, ref 2021, franchise x unit + season FE","Eligible share, Census-white-man assumption (upper bound)",2022,EligibleShareUpperCensus,documented_positive
table-33-event-study,EligibleShareUpperCensus,OffX2023,-0.00856782106782106,0.00523283500284594,0.111676760080299,-0.0192402584188991,0.00210461628325703,0.0146602331927973,0.988641080684666,1216,1216,0,32,EligibleShareUpperCensus,equal observations,FranchiseUnit+season,"cluster franchise_id (CR1, t with G-1 df)","offense x season, ref 2021, franchise x unit + season FE","Eligible share, Census-white-man assumption (upper bound)",2023,EligibleShareUpperCensus,documented_positive
table-33-event-study,EligibleShareUpperCensus,OffX2024,-0.00533234126984117,0.00885268879142992,0.551327761434727,-0.0233875190967253,0.0127228365570429,0.0248015620586244,0.988641080684666,1216,1216,0,32,EligibleShareUpperCensus,equal observations,FranchiseUnit+season,"cluster franchise_id (CR1, t with G-1 df)","offense x season, ref 2021, franchise x unit + season FE","Eligible share, Census-white-man assumption (upper bound)",2024,EligibleShareUpperCensus,documented_positive
table-33-event-study,EligibleShareUpperCensus,OffX2025,-0.0122767857142858,0.00833254815885371,0.150738245028042,-0.0292711297270136,0.00471755829844199,0.023344343751059,0.988641080684666,1216,1216,0,32,EligibleShareUpperCensus,equal observations,FranchiseUnit+season,"cluster franchise_id (CR1, t with G-1 df)","offense x season, ref 2021, franchise x unit + season FE","Eligible share, Census-white-man assumption (upper bound)",2025,EligibleShareUpperCensus,documented_positive
table-33,NewEligibleShareLower,OffXMandate,0.0251752425472624,0.0358762292173223,0.488085993160282,-0.0479948093474662,0.098345294441991,0.100510313456883,0.206431114737824,939,939,0,32,NewEligibleShareLower,equal observations,FranchiseUnit+season,"cluster franchise_id (CR1, t with G-1 df)","offense vs defense DiD, franchise x unit + season FE, cluster franchise","Eligible share of new coaches, documented (lower bound)",,,documented_positive
table-33,NewEligibleShareLower,OffXPost,0.00539482476373193,0.0716671493728157,0.940478713671731,-0.140771290047026,0.15156093957449,0.200781626307175,0.206431114737824,939,939,0,32,NewEligibleShareLower,equal observations,FranchiseUnit+season,"cluster franchise_id (CR1, t with G-1 df)","offense vs defense DiD, franchise x unit + season FE, cluster franchise","Eligible share of new coaches, documented (lower bound)",,,documented_positive
table-33-pretrend,NewEligibleShareLower,OffXTrend,0.00278100075053837,0.00587231229820129,0.639118768658791,-0.00919565914308216,0.0147576606441589,0.0164517833307837,0.213555374666486,702,702,0,32,NewEligibleShareLower,equal observations,FranchiseUnit+season,"cluster franchise_id (CR1, t with G-1 df)","offense x linear trend, pre-2022 seasons, franchise x unit + season FE","joint leads p: 0.4280 (13 leads 2008-20), 0.3363 (4 leads 2017-20)",,,documented_positive
table-33-event-study,NewEligibleShareLower,OffX2008,-0.0776136648085601,0.151536216036452,0.612155656122112,-0.386673815030936,0.231446485413816,0.424541622856499,0.206431114737824,939,939,0,32,NewEligibleShareLower,equal observations,FranchiseUnit+season,"cluster franchise_id (CR1, t with G-1 df)","offense x season, ref 2021, franchise x unit + season FE","Eligible share of new coaches, documented (lower bound)",2008,NewEligibleShareLower,documented_positive
table-33-event-study,NewEligibleShareLower,OffX2009,0.0233353539954659,0.121170639501031,0.848541999982949,-0.223793794575339,0.27046450256627,0.339469872495384,0.206431114737824,939,939,0,32,NewEligibleShareLower,equal observations,FranchiseUnit+season,"cluster franchise_id (CR1, t with G-1 df)","offense x season, ref 2021, franchise x unit + season FE","Eligible share of new coaches, documented (lower bound)",2009,NewEligibleShareLower,documented_positive
table-33-event-study,NewEligibleShareLower,OffX2010,0.0514387536062462,0.132575435320688,0.700670536904677,-0.218950629392155,0.321828136604648,0.371421379879333,0.206431114737824,939,939,0,32,NewEligibleShareLower,equal observations,FranchiseUnit+season,"cluster franchise_id (CR1, t with G-1 df)","offense x season, ref 2021, franchise x unit + season FE","Eligible share of new coaches, documented (lower bound)",2010,NewEligibleShareLower,documented_positive
table-33-event-study,NewEligibleShareLower,OffX2011,-0.0692982907067273,0.12318790201435,0.577792999304774,-0.320541673298357,0.181945091884902,0.345121405333751,0.206431114737824,939,939,0,32,NewEligibleShareLower,equal observations,FranchiseUnit+season,"cluster franchise_id (CR1, t with G-1 df)","offense x season, ref 2021, franchise x unit + season FE","Eligible share of new coaches, documented (lower bound)",2011,NewEligibleShareLower,documented_positive
table-33-event-study,NewEligibleShareLower,OffX2012,-0.0886777581834033,0.133781842210525,0.512323255688364,-0.361527624255451,0.184172107888645,0.374801231588928,0.206431114737824,939,939,0,32,NewEligibleShareLower,equal observations,FranchiseUnit+season,"cluster franchise_id (CR1, t with G-1 df)","offense x season, ref 2021, franchise x unit + season FE","Eligible share of new coaches, documented (lower bound)",2012,NewEligibleShareLower,documented_positive
table-33-event-study,NewEligibleShareLower,OffX2013,0.0168610552147857,0.128577692195949,0.896515744651273,-0.245374876925472,0.279096987355043,0.360221361835251,0.206431114737824,939,939,0,32,NewEligibleShareLower,equal observations,FranchiseUnit+season,"cluster franchise_id (CR1, t with G-1 df)","offense x season, ref 2021, franchise x unit + season FE","Eligible share of new coaches, documented (lower bound)",2013,NewEligibleShareLower,documented_positive
table-33-event-study,NewEligibleShareLower,OffX2014,-0.12068200220349,0.130441634755266,0.362018776435468,-0.386719470256784,0.145355465849804,0.365443355756844,0.206431114737824,939,939,0,32,NewEligibleShareLower,equal observations,FranchiseUnit+season,"cluster franchise_id (CR1, t with G-1 df)","offense x season, ref 2021, franchise x unit + season FE","Eligible share of new coaches, documented (lower bound)",2014,NewEligibleShareLower,documented_positive
table-33-event-study,NewEligibleShareLower,OffX2015,0.0144828618214099,0.105201671403633,0.891393435835302,-0.200077361589676,0.229043085232496,0.294731447525196,0.206431114737824,939,939,0,32,NewEligibleShareLower,equal observations,FranchiseUnit+season,"cluster franchise_id (CR1, t with G-1 df)","offense x season, ref 2021, franchise x unit + season FE","Eligible share of new coaches, documented (lower bound)",2015,NewEligibleShareLower,documented_positive
table-33-event-study,NewEligibleShareLower,OffX2016,-0.0324106970526774,0.121317710613569,0.791118736203765,-0.279839799135079,0.215018405029724,0.339881904750281,0.206431114737824,939,939,0,32,NewEligibleShareLower,equal observations,FranchiseUnit+season,"cluster franchise_id (CR1, t with G-1 df)","offense x season, ref 2021, franchise x unit + season FE","Eligible share of new coaches, documented (lower bound)",2016,NewEligibleShareLower,documented_positive
table-33-event-study,NewEligibleShareLower,OffX2017,0.167887717900789,0.139224696346023,0.236988780708931,-0.116062922367382,0.451838358168961,0.390049851279285,0.206431114737824,939,939,0,32,NewEligibleShareLower,equal observations,FranchiseUnit+season,"cluster franchise_id (CR1, t with G-1 df)","offense x season, ref 2021, franchise x unit + season FE","Eligible share of new coaches, documented (lower bound)",2017,NewEligibleShareLower,documented_positive
table-33-event-study,NewEligibleShareLower,OffX2018,-0.0268179250983886,0.11380539650208,0.815256309131168,-0.258925561536856,0.205289711340079,0.318835516581714,0.206431114737824,939,939,0,32,NewEligibleShareLower,equal observations,FranchiseUnit+season,"cluster franchise_id (CR1, t with G-1 df)","offense x season, ref 2021, franchise x unit + season FE","Eligible share of new coaches, documented (lower bound)",2018,NewEligibleShareLower,documented_positive
table-33-event-study,NewEligibleShareLower,OffX2019,-0.0907705564201626,0.106645449108516,0.401216831416258,-0.308275383873965,0.12673427103364,0.298776313801437,0.206431114737824,939,939,0,32,NewEligibleShareLower,equal observations,FranchiseUnit+season,"cluster franchise_id (CR1, t with G-1 df)","offense x season, ref 2021, franchise x unit + season FE","Eligible share of new coaches, documented (lower bound)",2019,NewEligibleShareLower,documented_positive
table-33-event-study,NewEligibleShareLower,OffX2020,0.00886539985634054,0.146768120373638,0.952221517782737,-0.290470155148021,0.308200954860702,0.411183396529009,0.206431114737824,939,939,0,32,NewEligibleShareLower,equal observations,FranchiseUnit+season,"cluster franchise_id (CR1, t with G-1 df)","offense x season, ref 2021, franchise x unit + season FE","Eligible share of new coaches, documented (lower bound)",2020,NewEligibleShareLower,documented_positive
table-33-event-study,NewEligibleShareLower,OffX2022,0.0382852881970632,0.125884694286483,0.763061174587217,-0.218458238495719,0.295028814889846,0.35267669869968,0.206431114737824,939,939,0,32,NewEligibleShareLower,equal observations,FranchiseUnit+season,"cluster franchise_id (CR1, t with G-1 df)","offense x season, ref 2021, franchise x unit + season FE","Eligible share of new coaches, documented (lower bound)",2022,NewEligibleShareLower,documented_positive
table-33-event-study,NewEligibleShareLower,OffX2023,0.014245556916694,0.0979717603297764,0.88533266502307,-0.185569165643011,0.214060279476399,0.274476235532408,0.206431114737824,939,939,0,32,NewEligibleShareLower,equal observations,FranchiseUnit+season,"cluster franchise_id (CR1, t with G-1 df)","offense x season, ref 2021, franchise x unit + season FE","Eligible share of new coaches, documented (lower bound)",2023,NewEligibleShareLower,documented_positive
table-33-event-study,NewEligibleShareLower,OffX2024,-0.0236171692667158,0.119923489413379,0.845163665650197,-0.268202738464079,0.220968399930647,0.335975875245048,0.206431114737824,939,939,0,32,NewEligibleShareLower,equal observations,FranchiseUnit+season,"cluster franchise_id (CR1, t with G-1 df)","offense x season, ref 2021, franchise x unit + season FE","Eligible share of new coaches, documented (lower bound)",2024,NewEligibleShareLower,documented_positive
table-33-event-study,NewEligibleShareLower,OffX2025,-0.00836930284486452,0.107602183669223,0.938502892971804,-0.227825403299862,0.211086797610133,0.301456687204373,0.206431114737824,939,939,0,32,NewEligibleShareLower,equal observations,FranchiseUnit+season,"cluster franchise_id (CR1, t with G-1 df)","offense x season, ref 2021, franchise x unit + season FE","Eligible share of new coaches, documented (lower bound)",2025,NewEligibleShareLower,documented_positive
table-33,NewEligibleShareUpperCensus,OffXMandate,0.0100145139270487,0.00664830568656446,0.142106707902298,-0.0035447949164532,0.0235738227705506,0.0186257949369754,0.989733674797573,939,939,0,32,NewEligibleShareUpperCensus,equal observations,FranchiseUnit+season,"cluster franchise_id (CR1, t with G-1 df)","offense vs defense DiD, franchise x unit + season FE, cluster franchise","Eligible share of new coaches, assumption (upper bound)",,,documented_positive
table-33,NewEligibleShareUpperCensus,OffXPost,0.0113590224562389,0.00689278105214229,0.109461349639561,-0.00269889718267164,0.0254169420951495,0.019310713507371,0.989733674797573,939,939,0,32,NewEligibleShareUpperCensus,equal observations,FranchiseUnit+season,"cluster franchise_id (CR1, t with G-1 df)","offense vs defense DiD, franchise x unit + season FE, cluster franchise","Eligible share of new coaches, assumption (upper bound)",,,documented_positive
table-33-pretrend,NewEligibleShareUpperCensus,OffXTrend,0.00273072970194936,0.00144857767878953,0.0688187924787212,-0.00022366395209158,0.0056851233559903,0.00405831381218514,0.9875814000814,702,702,0,32,NewEligibleShareUpperCensus,equal observations,FranchiseUnit+season,"cluster franchise_id (CR1, t with G-1 df)","offense x linear trend, pre-2022 seasons, franchise x unit + season FE","joint leads p: 0.2809 (13 leads 2008-20), 0.3486 (4 leads 2017-20)",,,documented_positive
table-33-event-study,NewEligibleShareUpperCensus,OffX2008,-0.00290073245798866,0.00439514326816331,0.514137019940952,-0.0118646862522464,0.00606322133626907,0.0123133684115751,0.989733674797573,939,939,0,32,NewEligibleShareUpperCensus,equal observations,FranchiseUnit+season,"cluster franchise_id (CR1, t with G-1 df)","offense x season, ref 2021, franchise x unit + season FE","Eligible share of new coaches, assumption (upper bound)",2008,NewEligibleShareUpperCensus,documented_positive
table-33-event-study,NewEligibleShareUpperCensus,OffX2009,-0.0470951815319162,0.044947956389845,0.30284477560588,-0.138767142977044,0.044576779913212,0.125925530206176,0.989733674797573,939,939,0,32,NewEligibleShareUpperCensus,equal observations,FranchiseUnit+season,"cluster franchise_id (CR1, t with G-1 df)","offense x season, ref 2021, franchise x unit + season FE","Eligible share of new coaches, assumption (upper bound)",2009,NewEligibleShareUpperCensus,documented_positive
table-33-event-study,NewEligibleShareUpperCensus,OffX2010,-0.00160288380530768,0.00315191467556328,0.614672939415268,-0.00803125616801317,0.00482548855739782,0.00883035756381143,0.989733674797573,939,939,0,32,NewEligibleShareUpperCensus,equal observations,FranchiseUnit+season,"cluster franchise_id (CR1, t with G-1 df)","offense x season, ref 2021, franchise x unit + season FE","Eligible share of new coaches, assumption (upper bound)",2010,NewEligibleShareUpperCensus,documented_positive
table-33-event-study,NewEligibleShareUpperCensus,OffX2011,-0.0129017323905406,0.0132145697317466,0.336460583088087,-0.0398530250467808,0.0140495602656996,0.0370217432241843,0.989733674797573,939,939,0,32,NewEligibleShareUpperCensus,equal observations,FranchiseUnit+season,"cluster franchise_id (CR1, t with G-1 df)","offense x season, ref 2021, franchise x unit + season FE","Eligible share of new coaches, assumption (upper bound)",2011,NewEligibleShareUpperCensus,documented_positive
table-33-event-study,NewEligibleShareUpperCensus,OffX2012,-0.052880505233778,0.0420725464349055,0.218182110993373,-0.138688029411905,0.032927018944349,0.117869824180403,0.989733674797573,939,939,0,32,NewEligibleShareUpperCensus,equal observations,FranchiseUnit+season,"cluster franchise_id (CR1, t with G-1 df)","offense x season, ref 2021, franchise x unit + season FE","Eligible share of new coaches, assumption (upper bound)",2012,NewEligibleShareUpperCensus,documented_positive
table-33-event-study,NewEligibleShareUpperCensus,OffX2013,-0.000591956362946094,0.0190358832237266,0.975391637979419,-0.0394158961617682,0.0382319834358761,0.053330649053317,0.989733674797573,939,939,0,32,NewEligibleShareUpperCensus,equal observations,FranchiseUnit+season,"cluster franchise_id (CR1, t with G-1 df)","offense x season, ref 2021, franchise x unit + season FE","Eligible share of new coaches, assumption (upper bound)",2013,NewEligibleShareUpperCensus,documented_positive
table-33-event-study,NewEligibleShareUpperCensus,OffX2014,-0.0454907651280741,0.0426212197397733,0.29406614005586,-0.132417315889158,0.0414357856330096,0.119406979200894,0.989733674797573,939,939,0,32,NewEligibleShareUpperCensus,equal observations,FranchiseUnit+season,"cluster franchise_id (CR1, t with G-1 df)","offense x season, ref 2021, franchise x unit + season FE","Eligible share of new coaches, assumption (upper bound)",2014,NewEligibleShareUpperCensus,documented_positive
table-33-event-study,NewEligibleShareUpperCensus,OffX2015,-0.0129445642936479,0.0085499569729978,0.140158019600063,-0.0303823165061876,0.00449318791889183,0.0239534330710525,0.989733674797573,939,939,0,32,NewEligibleShareUpperCensus,equal observations,FranchiseUnit+season,"cluster franchise_id (CR1, t with G-1 df)","offense x season, ref 2021, franchise x unit + season FE","Eligible share of new coaches, assumption (upper bound)",2015,NewEligibleShareUpperCensus,documented_positive
table-33-event-study,NewEligibleShareUpperCensus,OffX2016,0.00808988221130725,0.0168809823534444,0.635138104589176,-0.0263391082869231,0.0425188727095376,0.0472935106286357,0.989733674797573,939,939,0,32,NewEligibleShareUpperCensus,equal observations,FranchiseUnit+season,"cluster franchise_id (CR1, t with G-1 df)","offense x season, ref 2021, franchise x unit + season FE","Eligible share of new coaches, assumption (upper bound)",2016,NewEligibleShareUpperCensus,documented_positive
table-33-event-study,NewEligibleShareUpperCensus,OffX2017,0.0167874412335612,0.0159570366977365,0.300913082768164,-0.0157571496761133,0.0493320321432356,0.0447049981372646,0.989733674797573,939,939,0,32,NewEligibleShareUpperCensus,equal observations,FranchiseUnit+season,"cluster franchise_id (CR1, t with G-1 df)","offense x season, ref 2021, franchise x unit + season FE","Eligible share of new coaches, assumption (upper bound)",2017,NewEligibleShareUpperCensus,documented_positive
table-33-event-study,NewEligibleShareUpperCensus,OffX2018,-0.0102202326109272,0.0139759944795287,0.470105806825045,-0.0387244612786879,0.0182839960568334,0.0391549395422759,0.989733674797573,939,939,0,32,NewEligibleShareUpperCensus,equal observations,FranchiseUnit+season,"cluster franchise_id (CR1, t with G-1 df)","offense x season, ref 2021, franchise x unit + season FE","Eligible share of new coaches, assumption (upper bound)",2018,NewEligibleShareUpperCensus,documented_positive
table-33-event-study,NewEligibleShareUpperCensus,OffX2019,0.00152791210668285,0.00866065310846139,0.861111530941902,-0.016135606362599,0.0191914305759647,0.0242635577278696,0.989733674797573,939,939,0,32,NewEligibleShareUpperCensus,equal observations,FranchiseUnit+season,"cluster franchise_id (CR1, t with G-1 df)","offense x season, ref 2021, franchise x unit + season FE","Eligible share of new coaches, assumption (upper bound)",2019,NewEligibleShareUpperCensus,documented_positive
table-33-event-study,NewEligibleShareUpperCensus,OffX2020,0.0136458479351558,0.0100817312292252,0.185676342651116,-0.00691597846980366,0.0342076743401153,0.0282448291847853,0.989733674797573,939,939,0,32,NewEligibleShareUpperCensus,equal observations,FranchiseUnit+season,"cluster franchise_id (CR1, t with G-1 df)","offense x season, ref 2021, franchise x unit + season FE","Eligible share of new coaches, assumption (upper bound)",2020,NewEligibleShareUpperCensus,documented_positive
table-33-event-study,NewEligibleShareUpperCensus,OffX2022,-0.0107447137206989,0.0107046099964132,0.323271890759397,-0.0325769097468131,0.0110874823054153,0.0299898771316157,0.989733674797573,939,939,0,32,NewEligibleShareUpperCensus,equal observations,FranchiseUnit+season,"cluster franchise_id (CR1, t with G-1 df)","offense x season, ref 2021, franchise x unit + season FE","Eligible share of new coaches, assumption (upper bound)",2022,NewEligibleShareUpperCensus,documented_positive
table-33-event-study,NewEligibleShareUpperCensus,OffX2023,0.000876356476147842,0.00117707044802955,0.462166956213385,-0.00152429452996428,0.00327700748225996,0.00329766316787721,0.989733674797573,939,939,0,32,NewEligibleShareUpperCensus,equal observations,FranchiseUnit+season,"cluster franchise_id (CR1, t with G-1 df)","offense x season, ref 2021, franchise x unit + season FE","Eligible share of new coaches, assumption (upper bound)",2023,NewEligibleShareUpperCensus,documented_positive
table-33-event-study,NewEligibleShareUpperCensus,OffX2024,0.0102992974988021,0.00938679361350564,0.280999015058478,-0.00884519429449058,0.0294437892920948,0.0262979022330746,0.989733674797573,939,939,0,32,NewEligibleShareUpperCensus,equal observations,FranchiseUnit+season,"cluster franchise_id (CR1, t with G-1 df)","offense x season, ref 2021, franchise x unit + season FE","Eligible share of new coaches, assumption (upper bound)",2024,NewEligibleShareUpperCensus,documented_positive
table-33-event-study,NewEligibleShareUpperCensus,OffX2025,0.00128717099387726,0.00586632542526753,0.827763667275476,-0.010677278591893,0.0132516205796475,0.0164350105960698,0.989733674797573,939,939,0,32,NewEligibleShareUpperCensus,equal observations,FranchiseUnit+season,"cluster franchise_id (CR1, t with G-1 df)","offense x season, ref 2021, franchise x unit + season FE","Eligible share of new coaches, assumption (upper bound)",2025,NewEligibleShareUpperCensus,documented_positive
table-33,RetentionRate,OffXMandate,0.0335639938764946,0.0298543528766769,0.26953409276944,-0.0273243602489512,0.0944523480019405,0.0836395137156264,0.687234572911656,1152,1152,0,32,RetentionRate,equal observations,FranchiseUnit+season,"cluster franchise_id (CR1, t with G-1 df)","offense vs defense DiD, franchise x unit + season FE, cluster franchise",Retained on the staff next season,,,documented_positive
table-33-pretrend,RetentionRate,OffXTrend,-0.0027595327539524,0.00265640667993433,0.306922814692349,-0.00817730989677571,0.00265824438887091,0.00744214968780057,0.695172188922189,960,960,0,32,RetentionRate,equal observations,FranchiseUnit+season,"cluster franchise_id (CR1, t with G-1 df)","offense x linear trend, pre-2022 seasons, franchise x unit + season FE","joint leads p: 0.0083 (13 leads 2008-20), 0.1095 (4 leads 2017-20)",,,documented_positive
table-33-event-study,RetentionRate,OffX2007,-0.00778318903318104,0.0719541684675452,0.914558967530621,-0.154534683147012,0.13896830508065,0.201585734760285,0.687234572911656,1152,1152,0,32,RetentionRate,equal observations,FranchiseUnit+season,"cluster franchise_id (CR1, t with G-1 df)","offense x season, ref 2021, franchise x unit + season FE",Retained on the staff next season,2007,RetentionRate,documented_positive
table-33-event-study,RetentionRate,OffX2008,0.194882981601736,0.0576286831242484,0.00196428203599075,0.0773485074717138,0.312417455731758,0.16145166678021,0.687234572911656,1152,1152,0,32,RetentionRate,equal observations,FranchiseUnit+season,"cluster franchise_id (CR1, t with G-1 df)","offense x season, ref 2021, franchise x unit + season FE",Retained on the staff next season,2008,RetentionRate,documented_positive
table-33-event-study,RetentionRate,OffX2009,0.0378021284271356,0.0700347672955692,0.593217409800712,-0.105034721187421,0.180638978041692,0.196208368809248,0.687234572911656,1152,1152,0,32,RetentionRate,equal observations,FranchiseUnit+season,"cluster franchise_id (CR1, t with G-1 df)","offense x season, ref 2021, franchise x unit + season FE",Retained on the staff next season,2009,RetentionRate,documented_positive
table-33-event-study,RetentionRate,OffX2010,0.0987148268398329,0.0688599384409907,0.161707846352351,-0.0417259435285965,0.239155597208262,0.192916985656448,0.687234572911656,1152,1152,0,32,RetentionRate,equal observations,FranchiseUnit+season,"cluster franchise_id (CR1, t with G-1 df)","offense x season, ref 2021, franchise x unit + season FE",Retained on the staff next season,2010,RetentionRate,documented_positive
table-33-event-study,RetentionRate,OffX2011,0.0655179022366589,0.052922743745284,0.225013481614736,-0.0424187452520392,0.173454549725357,0.148267576578768,0.687234572911656,1152,1152,0,32,RetentionRate,equal observations,FranchiseUnit+season,"cluster franchise_id (CR1, t with G-1 df)","offense x season, ref 2021, franchise x unit + season FE",Retained on the staff next season,2011,RetentionRate,documented_positive
table-33-event-study,RetentionRate,OffX2012,0.0122316919191995,0.0606988232578332,0.841612801382826,-0.11156437429559,0.136027758133989,0.170052925995997,0.687234572911656,1152,1152,0,32,RetentionRate,equal observations,FranchiseUnit+season,"cluster franchise_id (CR1, t with G-1 df)","offense x season, ref 2021, franchise x unit + season FE",Retained on the staff next season,2012,RetentionRate,documented_positive
table-33-event-study,RetentionRate,OffX2013,0.0638156114718681,0.053279028814418,0.240087736809241,-0.0448476842060791,0.172478907149815,0.149265739561888,0.687234572911656,1152,1152,0,32,RetentionRate,equal observations,FranchiseUnit+season,"cluster franchise_id (CR1, t with G-1 df)","offense x season, ref 2021, franchise x unit + season FE",Retained on the staff next season,2013,RetentionRate,documented_positive
table-33-event-study,RetentionRate,OffX2014,0.0662484217171784,0.0657806358883774,0.321678088241406,-0.0679120696896735,0.20040891312403,0.18429005714295,0.687234572911656,1152,1152,0,32,RetentionRate,equal observations,FranchiseUnit+season,"cluster franchise_id (CR1, t with G-1 df)","offense x season, ref 2021, franchise x unit + season FE",Retained on the staff next season,2014,RetentionRate,documented_positive
table-33-event-study,RetentionRate,OffX2015,0.0243968704906279,0.0510025360988984,0.635760188515939,-0.0796234876833937,0.128417228664649,0.142887951220947,0.687234572911656,1152,1152,0,32,RetentionRate,equal observations,FranchiseUnit+season,"cluster franchise_id (CR1, t with G-1 df)","offense x season, ref 2021, franchise x unit + season FE",Retained on the staff next season,2015,RetentionRate,documented_positive
table-33-event-study,RetentionRate,OffX2016,0.0298768939394012,0.0546491366318751,0.588496141561195,-0.0815807550552627,0.141334542934065,0.153104213370497,0.687234572911656,1152,1152,0,32,RetentionRate,equal observations,FranchiseUnit+season,"cluster franchise_id (CR1, t with G-1 df)","offense x season, ref 2021, franchise x unit + season FE",Retained on the staff next season,2016,RetentionRate,documented_positive
table-33-event-study,RetentionRate,OffX2017,0.0416677940115511,0.0618493181101448,0.505495495110509,-0.0844747219245382,0.16781030994764,0.173276135367748,0.687234572911656,1152,1152,0,32,RetentionRate,equal observations,FranchiseUnit+season,"cluster franchise_id (CR1, t with G-1 df)","offense x season, ref 2021, franchise x unit + season FE",Retained on the staff next season,2017,RetentionRate,documented_positive
table-33-event-study,RetentionRate,OffX2018,0.0266447961760535,0.0661220520279104,0.689740527094387,-0.108212018038193,0.1615016103903,0.18524656355269,0.687234572911656,1152,1152,0,32,RetentionRate,equal observations,FranchiseUnit+season,"cluster franchise_id (CR1, t with G-1 df)","offense x season, ref 2021, franchise x unit + season FE",Retained on the staff next season,2018,RetentionRate,documented_positive
table-33-event-study,RetentionRate,OffX2019,0.1157144938395,0.0532066406735925,0.0373942340039211,0.00719883474812573,0.224230152930873,0.149062938016585,0.687234572911656,1152,1152,0,32,RetentionRate,equal observations,FranchiseUnit+season,"cluster franchise_id (CR1, t with G-1 df)","offense x season, ref 2021, franchise x unit + season FE",Retained on the staff next season,2019,RetentionRate,documented_positive
table-33-event-study,RetentionRate,OffX2020,0.0527572254134823,0.0592417811008402,0.380035214498066,-0.0680671837301539,0.173581634557118,0.165970898226798,0.687234572911656,1152,1152,0,32,RetentionRate,equal observations,FranchiseUnit+season,"cluster franchise_id (CR1, t with G-1 df)","offense x season, ref 2021, franchise x unit + season FE",Retained on the staff next season,2020,RetentionRate,documented_positive
table-33-event-study,RetentionRate,OffX2022,0.0872125270562833,0.0743096595948036,0.24947914053951,-0.0643430228844585,0.238768076997025,0.208184843883808,0.687234572911656,1152,1152,0,32,RetentionRate,equal observations,FranchiseUnit+season,"cluster franchise_id (CR1, t with G-1 df)","offense x season, ref 2021, franchise x unit + season FE",Retained on the staff next season,2022,RetentionRate,documented_positive
table-33-event-study,RetentionRate,OffX2023,0.05291956307582,0.0688878846514939,0.448182027597744,-0.0875782039647066,0.193417330116346,0.192995279346697,0.687234572911656,1152,1152,0,32,RetentionRate,equal observations,FranchiseUnit+season,"cluster franchise_id (CR1, t with G-1 df)","offense x season, ref 2021, franchise x unit + season FE",Retained on the staff next season,2023,RetentionRate,documented_positive
table-33-event-study,RetentionRate,OffX2024,0.125057581307587,0.0545227600519092,0.0287475125393475,0.0138576790470734,0.236257483568101,0.152750158612149,0.687234572911656,1152,1152,0,32,RetentionRate,equal observations,FranchiseUnit+season,"cluster franchise_id (CR1, t with G-1 df)","offense x season, ref 2021, franchise x unit + season FE",Retained on the staff next season,2024,RetentionRate,documented_positive
table-33,PromotionRate,OffXMandate,-0.0153474823787327,0.0120573683796077,0.21252724466043,-0.0399386473170974,0.0092436825596321,0.0337797450216516,0.0624272019454311,1152,1152,0,32,PromotionRate,equal observations,FranchiseUnit+season,"cluster franchise_id (CR1, t with G-1 df)","offense vs defense DiD, franchise x unit + season FE, cluster franchise",Promoted within the franchise next season,,,documented_positive
table-33-pretrend,PromotionRate,OffXTrend,0.00035789978870336,0.00135947183272804,0.794089217406019,-0.00241476129414265,0.00313056087154937,0.00380867619101183,0.0625876322751323,960,960,0,32,PromotionRate,equal observations,FranchiseUnit+season,"cluster franchise_id (CR1, t with G-1 df)","offense x linear trend, pre-2022 seasons, franchise x unit + season FE","joint leads p: 0.2939 (13 leads 2008-20), 0.2786 (4 leads 2017-20)",,,documented_positive
table-33-event-study,PromotionRate,OffX2007,0.0184839466089499,0.0370479330601342,0.62135801959621,-0.0570758110283878,0.0940437042462876,0.103792941622911,0.0624272019454311,1152,1152,0,32,PromotionRate,equal observations,FranchiseUnit+season,"cluster franchise_id (CR1, t with G-1 df)","offense x season, ref 2021, franchise x unit + season FE",Promoted within the franchise next season,2007,PromotionRate,documented_positive
table-33-event-study,PromotionRate,OffX2008,0.0241635101010133,0.0442882881208925,0.58924846926235,-0.0661630490394253,0.114490069241452,0.124077413335021,0.0624272019454311,1152,1152,0,32,PromotionRate,equal observations,FranchiseUnit+season,"cluster franchise_id (CR1, t with G-1 df)","offense x season, ref 2021, franchise x unit + season FE",Promoted within the franchise next season,2008,PromotionRate,documented_positive
table-33-event-study,PromotionRate,OffX2009,0.0328316648629179,0.0347075835640141,0.351489203818897,-0.0379549185078159,0.103618248233652,0.0972362530693625,0.0624272019454311,1152,1152,0,32,PromotionRate,equal observations,FranchiseUnit+season,"cluster franchise_id (CR1, t with G-1 df)","offense x season, ref 2021, franchise x unit + season FE",Promoted within the franchise next season,2009,PromotionRate,documented_positive
table-33-event-study,PromotionRate,OffX2010,0.0439799783549812,0.0362925302204398,0.2347377743446,-0.0300391250333539,0.117999081743316,0.101676616193502,0.0624272019454311,1152,1152,0,32,PromotionRate,equal observations,FranchiseUnit+season,"cluster franchise_id (CR1, t with G-1 df)","offense x season, ref 2021, franchise x unit + season FE",Promoted within the franchise next season,2010,PromotionRate,documented_positive
table-33-event-study,PromotionRate,OffX2011,0.00809208152958498,0.0303572564362539,0.791571804043836,-0.0538219511678588,0.0700061142270288,0.0850484408942738,0.0624272019454311,1152,1152,0,32,PromotionRate,equal observations,FranchiseUnit+season,"cluster franchise_id (CR1, t with G-1 df)","offense x season, ref 2021, franchise x unit + season FE",Promoted within the franchise next season,2011,PromotionRate,documented_positive
table-33-event-study,PromotionRate,OffX2012,0.059480970418473,0.0310810589014275,0.0649262446267559,-0.00390926713922724,0.122871207976173,0.0870762351815379,0.0624272019454311,1152,1152,0,32,PromotionRate,equal observations,FranchiseUnit+season,"cluster franchise_id (CR1, t with G-1 df)","offense x season, ref 2021, franchise x unit + season FE",Promoted within the franchise next season,2012,PromotionRate,documented_positive
table-33-event-study,PromotionRate,OffX2013,0.0450723755411284,0.0326021241434854,0.176698478613818,-0.021420095030595,0.111564846112852,0.0913376290794725,0.0624272019454311,1152,1152,0,32,PromotionRate,equal observations,FranchiseUnit+season,"cluster franchise_id (CR1, t with G-1 df)","offense x season, ref 2021, franchise x unit + season FE",Promoted within the franchise next season,2013,PromotionRate,documented_positive
table-33-event-study,PromotionRate,OffX2014,-0.00661525974025602,0.0383039297945149,0.864006394113773,-0.0847366396059931,0.0715061201254811,0.10731172350795,0.0624272019454311,1152,1152,0,32,PromotionRate,equal observations,FranchiseUnit+season,"cluster franchise_id (CR1, t with G-1 df)","offense x season, ref 2021, franchise x unit + season FE",Promoted within the franchise next season,2014,PromotionRate,documented_positive
table-33-event-study,PromotionRate,OffX2015,0.0151109307359341,0.0350782206951011,0.669610234162677,-0.0564315720473855,0.0866534335192536,0.0982746245770997,0.0624272019454311,1152,1152,0,32,PromotionRate,equal observations,FranchiseUnit+season,"cluster franchise_id (CR1, t with G-1 df)","offense x season, ref 2021, franchise x unit + season FE",Promoted within the franchise next season,2015,PromotionRate,documented_positive
table-33-event-study,PromotionRate,OffX2016,0.0345317009379539,0.0332934290977577,0.30766915629623,-0.0333706953835684,0.102434097259476,0.0932743788205702,0.0624272019454311,1152,1152,0,32,PromotionRate,equal observations,FranchiseUnit+season,"cluster franchise_id (CR1, t with G-1 df)","offense x season, ref 2021, franchise x unit + season FE",Promoted within the franchise next season,2016,PromotionRate,documented_positive
table-33-event-study,PromotionRate,OffX2017,0.069007034632037,0.0432526538402535,0.120759505343385,-0.0192073344674893,0.157221403731563,0.121175995643011,0.0624272019454311,1152,1152,0,32,PromotionRate,equal observations,FranchiseUnit+season,"cluster franchise_id (CR1, t with G-1 df)","offense x season, ref 2021, franchise x unit + season FE",Promoted within the franchise next season,2017,PromotionRate,documented_positive
table-33-event-study,PromotionRate,OffX2018,0.0314822330447361,0.0339463125995981,0.360877238186677,-0.03775172795772,0.100716194047192,0.095103487588476,0.0624272019454311,1152,1152,0,32,PromotionRate,equal observations,FranchiseUnit+season,"cluster franchise_id (CR1, t with G-1 df)","offense x season, ref 2021, franchise x unit + season FE",Promoted within the franchise next season,2018,PromotionRate,documented_positive
table-33-event-study,PromotionRate,OffX2019,0.0200261544011577,0.0386267396023718,0.607823311612913,-0.0587536004083323,0.0988059092106476,0.108216102693904,0.0624272019454311,1152,1152,0,32,PromotionRate,equal observations,FranchiseUnit+season,"cluster franchise_id (CR1, t with G-1 df)","offense x season, ref 2021, franchise x unit + season FE",Promoted within the franchise next season,2019,PromotionRate,documented_positive
table-33-event-study,PromotionRate,OffX2020,0.0642857142857167,0.0314157935492107,0.0492894825609046,0.000212780912888025,0.128358647658545,0.0880140228227574,0.0624272019454311,1152,1152,0,32,PromotionRate,equal observations,FranchiseUnit+season,"cluster franchise_id (CR1, t with G-1 df)","offense x season, ref 2021, franchise x unit + season FE",Promoted within the franchise next season,2020,PromotionRate,documented_positive
table-33-event-study,PromotionRate,OffX2022,0.0304428210678241,0.0406416007458276,0.459470104645335,-0.0524462701363656,0.113331912272014,0.11386090788996,0.0624272019454311,1152,1152,0,32,PromotionRate,equal observations,FranchiseUnit+season,"cluster franchise_id (CR1, t with G-1 df)","offense x season, ref 2021, franchise x unit + season FE",Promoted within the franchise next season,2022,PromotionRate,documented_positive
table-33-event-study,PromotionRate,OffX2023,-0.0244690205627666,0.0300486478746887,0.421676960396646,-0.085753641949225,0.0368156008236917,0.0841838477100094,0.0624272019454311,1152,1152,0,32,PromotionRate,equal observations,FranchiseUnit+season,"cluster franchise_id (CR1, t with G-1 df)","offense x season, ref 2021, franchise x unit + season FE",Promoted within the franchise next season,2023,PromotionRate,documented_positive
table-33-event-study,PromotionRate,OffX2024,0.0399703595016124,0.0311848382211196,0.209443341900323,-0.0236315373740577,0.103572256377282,0.087366981789533,0.0624272019454311,1152,1152,0,32,PromotionRate,equal observations,FranchiseUnit+season,"cluster franchise_id (CR1, t with G-1 df)","offense x season, ref 2021, franchise x unit + season FE",Promoted within the franchise next season,2024,PromotionRate,documented_positive
table-33,MeanPBlackPred,OffXMandate,0.0148672244081478,0.0200879560801677,0.464804116668106,-0.0261024321279747,0.0558368809442702,0.0562781208163003,0.244439272030135,1216,1216,0,32,MeanPBlackPred,equal observations,FranchiseUnit+season,"cluster franchise_id (CR1, t with G-1 df)","offense vs defense DiD, franchise x unit + season FE, cluster franchise",Mean predicted P(Black),,,documented_positive
table-33,MeanPBlackPred,OffXPost,0.00603396425264026,0.0187406610349155,0.749635265243561,-0.0321878659224271,0.0442557944277076,0.0525035589330848,0.244439272030135,1216,1216,0,32,MeanPBlackPred,equal observations,FranchiseUnit+season,"cluster franchise_id (CR1, t with G-1 df)","offense vs defense DiD, franchise x unit + season FE, cluster franchise",Mean predicted P(Black),,,documented_positive
table-33-pretrend,MeanPBlackPred,OffXTrend,-0.00276965401888571,0.00277756924630625,0.326411805280611,-0.00843454384502444,0.00289523580725301,0.00778159694273676,0.229470317849463,960,960,0,32,MeanPBlackPred,equal observations,FranchiseUnit+season,"cluster franchise_id (CR1, t with G-1 df)","offense x linear trend, pre-2022 seasons, franchise x unit + season FE","joint leads p: 0.0209 (13 leads 2008-20), 0.6670 (4 leads 2017-20)",,,documented_positive
table-33-event-study,MeanPBlackPred,OffX2007,0.0186557332259579,0.0351877568307395,0.599766716057888,-0.0531101699788623,0.090421636430778,0.0985814993955533,0.244439272030135,1216,1216,0,32,MeanPBlackPred,equal observations,FranchiseUnit+season,"cluster franchise_id (CR1, t with G-1 df)","offense x season, ref 2021, franchise x unit + season FE",Mean predicted P(Black),2007,MeanPBlackPred,documented_positive
table-33-event-study,MeanPBlackPred,OffX2008,0.00600316531379529,0.0398128296912507,0.881122461707449,-0.0751956361806006,0.0872019668081912,0.111539035154257,0.244439272030135,1216,1216,0,32,MeanPBlackPred,equal observations,FranchiseUnit+season,"cluster franchise_id (CR1, t with G-1 df)","offense x season, ref 2021, franchise x unit + season FE",Mean predicted P(Black),2008,MeanPBlackPred,documented_positive
table-33-event-study,MeanPBlackPred,OffX2009,0.0214777201475876,0.0351879133315525,0.546064442027658,-0.0502885022427451,0.0932439425379203,0.0985819378459176,0.244439272030135,1216,1216,0,32,MeanPBlackPred,equal observations,FranchiseUnit+season,"cluster franchise_id (CR1, t with G-1 df)","offense x season, ref 2021, franchise x unit + season FE",Mean predicted P(Black),2009,MeanPBlackPred,documented_positive
table-33-event-study,MeanPBlackPred,OffX2010,0.00673819323259883,0.0365398030616018,0.854895296464001,-0.0677852264402146,0.0812616129054123,0.102369372130143,0.244439272030135,1216,1216,0,32,MeanPBlackPred,equal observations,FranchiseUnit+season,"cluster franchise_id (CR1, t with G-1 df)","offense x season, ref 2021, franchise x unit + season FE",Mean predicted P(Black),2010,MeanPBlackPred,documented_positive
table-33-event-study,MeanPBlackPred,OffX2011,0.0136652966235199,0.0424711663444319,0.749798172088316,-0.0729552182200875,0.100285811467127,0.118986591826577,0.244439272030135,1216,1216,0,32,MeanPBlackPred,equal observations,FranchiseUnit+season,"cluster franchise_id (CR1, t with G-1 df)","offense x season, ref 2021, franchise x unit + season FE",Mean predicted P(Black),2011,MeanPBlackPred,documented_positive
table-33-event-study,MeanPBlackPred,OffX2012,-0.00519331559851293,0.0334826153230812,0.877744188576722,-0.0734815597704554,0.0630949285734295,0.0938044001529069,0.244439272030135,1216,1216,0,32,MeanPBlackPred,equal observations,FranchiseUnit+season,"cluster franchise_id (CR1, t with G-1 df)","offense x season, ref 2021, franchise x unit + season FE",Mean predicted P(Black),2012,MeanPBlackPred,documented_positive
table-33-event-study,MeanPBlackPred,OffX2013,0.0270033855752428,0.0327821088460561,0.41638934988255,-0.0398561662175192,0.0938629373680049,0.0918418715616811,0.244439272030135,1216,1216,0,32,MeanPBlackPred,equal observations,FranchiseUnit+season,"cluster franchise_id (CR1, t with G-1 df)","offense x season, ref 2021, franchise x unit + season FE",Mean predicted P(Black),2013,MeanPBlackPred,documented_positive
table-33-event-study,MeanPBlackPred,OffX2014,0.00158939726310117,0.0315661055926879,0.960165409329399,-0.0627900995435546,0.0659688940697569,0.0884351348218674,0.244439272030135,1216,1216,0,32,MeanPBlackPred,equal observations,FranchiseUnit+season,"cluster franchise_id (CR1, t with G-1 df)","offense x season, ref 2021, franchise x unit + season FE",Mean predicted P(Black),2014,MeanPBlackPred,documented_positive
table-33-event-study,MeanPBlackPred,OffX2015,-0.0145897134253396,0.0257965914565063,0.575758898746272,-0.0672022085720789,0.0380227817213998,0.0722713493022474,0.244439272030135,1216,1216,0,32,MeanPBlackPred,equal observations,FranchiseUnit+season,"cluster franchise_id (CR1, t with G-1 df)","offense x season, ref 2021, franchise x unit + season FE",Mean predicted P(Black),2015,MeanPBlackPred,documented_positive
table-33-event-study,MeanPBlackPred,OffX2016,-0.0127937015850022,0.0247215806580003,0.608472623609086,-0.0632136977531673,0.0376262945831628,0.0692596149398412,0.244439272030135,1216,1216,0,32,MeanPBlackPred,equal observations,FranchiseUnit+season,"cluster franchise_id (CR1, t with G-1 df)","offense x season, ref 2021, franchise x unit + season FE",Mean predicted P(Black),2016,MeanPBlackPred,documented_positive
table-33-event-study,MeanPBlackPred,OffX2017,-0.0161841329976619,0.0276600831851281,0.562710315809701,-0.0725972445821739,0.04022897858685,0.0774920801832299,0.244439272030135,1216,1216,0,32,MeanPBlackPred,equal observations,FranchiseUnit+season,"cluster franchise_id (CR1, t with G-1 df)","offense x season, ref 2021, franchise x unit + season FE",Mean predicted P(Black),2017,MeanPBlackPred,documented_positive
table-33-event-study,MeanPBlackPred,OffX2018,-0.0296860813527838,0.0310539175379424,0.346491997391099,-0.0930209637347026,0.0336488010291349,0.0870001963387985,0.244439272030135,1216,1216,0,32,MeanPBlackPred,equal observations,FranchiseUnit+season,"cluster franchise_id (CR1, t with G-1 df)","offense x season, ref 2021, franchise x unit + season FE",Mean predicted P(Black),2018,MeanPBlackPred,documented_positive
table-33-event-study,MeanPBlackPred,OffX2019,-0.0297943350484125,0.0214867210689811,0.175443506014352,-0.0736167915875684,0.0140281214907435,0.0601968801325739,0.244439272030135,1216,1216,0,32,MeanPBlackPred,equal observations,FranchiseUnit+season,"cluster franchise_id (CR1, t with G-1 df)","offense x season, ref 2021, franchise x unit + season FE",Mean predicted P(Black),2019,MeanPBlackPred,documented_positive
table-33-event-study,MeanPBlackPred,OffX2020,-0.0100824111108168,0.0216373667593656,0.644493021623808,-0.0542121115611536,0.0340472893395201,0.0606189268719276,0.244439272030135,1216,1216,0,32,MeanPBlackPred,equal observations,FranchiseUnit+season,"cluster franchise_id (CR1, t with G-1 df)","offense x season, ref 2021, franchise x unit + season FE",Mean predicted P(Black),2020,MeanPBlackPred,documented_positive
table-33-event-study,MeanPBlackPred,OffX2022,0.0137248147311171,0.0178492813383993,0.447755009529555,-0.0226790345670608,0.050128664029295,0.0500062827515992,0.244439272030135,1216,1216,0,32,MeanPBlackPred,equal observations,FranchiseUnit+season,"cluster franchise_id (CR1, t with G-1 df)","offense x season, ref 2021, franchise x unit + season FE",Mean predicted P(Black),2022,MeanPBlackPred,documented_positive
table-33-event-study,MeanPBlackPred,OffX2023,0.00523353137014747,0.0213164826415921,0.807675323342481,-0.0382417216072552,0.0487087843475501,0.059719942670846,0.244439272030135,1216,1216,0,32,MeanPBlackPred,equal observations,FranchiseUnit+season,"cluster franchise_id (CR1, t with G-1 df)","offense x season, ref 2021, franchise x unit + season FE",Mean predicted P(Black),2023,MeanPBlackPred,documented_positive
table-33-event-study,MeanPBlackPred,OffX2024,0.0210051671758346,0.0297125847252339,0.48488111754752,-0.0395940488984724,0.0816043832501417,0.0832423381581445,0.244439272030135,1216,1216,0,32,MeanPBlackPred,equal observations,FranchiseUnit+season,"cluster franchise_id (CR1, t with G-1 df)","offense x season, ref 2021, franchise x unit + season FE",Mean predicted P(Black),2024,MeanPBlackPred,documented_positive
table-33-event-study,MeanPBlackPred,OffX2025,0.00448791093685856,0.0233038282746701,0.848542012081125,-0.043040560181844,0.0520163820555611,0.0652876608197589,0.244439272030135,1216,1216,0,32,MeanPBlackPred,equal observations,FranchiseUnit+season,"cluster franchise_id (CR1, t with G-1 df)","offense x season, ref 2021, franchise x unit + season FE",Mean predicted P(Black),2025,MeanPBlackPred,documented_positive
