group,category,unit,season,value,base_n,derived_percent,derived_base,report_year,as_of,timing_basis,definition_caveat,n_alternatives,alt_values,rooney_era,coarse_era,source_type,source_url,page_or_section
assistant_coaches,american_indian_alaska_native,percent,2018,0.2,,,,2023,"",retrospective (2023 Appendix II),two-or-more-races and not-disclosed categories from 2018,0,"",rule_2003,rule_2003,primary,https://www.tidesport.org/_files/ugd/326b62_f8ae68d67f744fdbba5962c84b43f3bf.pdf,"PDF p. 50; Appendix II, Table 4a (Assistant Coaches | Race)"
assistant_coaches,american_indian_alaska_native,percent,2019,0.2,,,,2023,"",retrospective (2023 Appendix II),two-or-more-races and not-disclosed categories from 2018,0,"",rule_2003,rule_2003,primary,https://www.tidesport.org/_files/ugd/326b62_f8ae68d67f744fdbba5962c84b43f3bf.pdf,"PDF p. 50; Appendix II, Table 4a (Assistant Coaches | Race)"
assistant_coaches,american_indian_alaska_native,percent,2020,0.1,,,,2023,"",retrospective (2023 Appendix II),two-or-more-races and not-disclosed categories from 2018,0,"",rule_2003,rule_2003,primary,https://www.tidesport.org/_files/ugd/326b62_f8ae68d67f744fdbba5962c84b43f3bf.pdf,"PDF p. 50; Appendix II, Table 4a (Assistant Coaches | Race)"
assistant_coaches,american_indian_alaska_native,percent,2021,0.1,,,,2023,"",retrospective (2023 Appendix II),two-or-more-races and not-disclosed categories from 2018,0,"",amend_2020,post_2021,primary,https://www.tidesport.org/_files/ugd/326b62_f8ae68d67f744fdbba5962c84b43f3bf.pdf,"PDF p. 50; Appendix II, Table 4a (Assistant Coaches | Race)"
assistant_coaches,american_indian_alaska_native,percent,2022,0.1,,,,2023,"",retrospective (2023 Appendix II),two-or-more-races and not-disclosed categories from 2018,0,"",amend_2022,post_2021,primary,https://www.tidesport.org/_files/ugd/326b62_f8ae68d67f744fdbba5962c84b43f3bf.pdf,"PDF p. 50; Appendix II, Table 4a (Assistant Coaches | Race)"
assistant_coaches,american_indian_alaska_native,percent,2023,0.1,,,,2023,"",retrospective (2023 Appendix II),two-or-more-races and not-disclosed categories from 2018,0,"",amend_2022,post_2021,primary,https://www.tidesport.org/_files/ugd/326b62_f8ae68d67f744fdbba5962c84b43f3bf.pdf,"PDF p. 50; Appendix II, Table 4a (Assistant Coaches | Race)"
assistant_coaches,asian,percent,2005,1,,,,2023,"",retrospective (2023 Appendix II),"",0,"",rule_2003,rule_2003,primary,https://www.tidesport.org/_files/ugd/326b62_f8ae68d67f744fdbba5962c84b43f3bf.pdf,"PDF p. 50; Appendix II, Table 4a (Assistant Coaches | Race)"
assistant_coaches,asian,percent,2006,1,,,,2023,"",retrospective (2023 Appendix II),"",0,"",rule_2003,rule_2003,primary,https://www.tidesport.org/_files/ugd/326b62_f8ae68d67f744fdbba5962c84b43f3bf.pdf,"PDF p. 50; Appendix II, Table 4a (Assistant Coaches | Race)"
assistant_coaches,asian,percent,2007,1,,,,2023,"",retrospective (2023 Appendix II),"",0,"",rule_2003,rule_2003,primary,https://www.tidesport.org/_files/ugd/326b62_f8ae68d67f744fdbba5962c84b43f3bf.pdf,"PDF p. 50; Appendix II, Table 4a (Assistant Coaches | Race)"
assistant_coaches,asian,percent,2008,1,,,,2023,"",retrospective (2023 Appendix II),"",0,"",rule_2003,rule_2003,primary,https://www.tidesport.org/_files/ugd/326b62_f8ae68d67f744fdbba5962c84b43f3bf.pdf,"PDF p. 50; Appendix II, Table 4a (Assistant Coaches | Race)"
assistant_coaches,asian,percent,2009,1,,,,2023,"",retrospective (2023 Appendix II),"",0,"",rule_2003,rule_2003,primary,https://www.tidesport.org/_files/ugd/326b62_f8ae68d67f744fdbba5962c84b43f3bf.pdf,"PDF p. 50; Appendix II, Table 4a (Assistant Coaches | Race)"
assistant_coaches,asian,percent,2010,1,,,,2023,"",retrospective (2023 Appendix II),"",0,"",rule_2003,rule_2003,primary,https://www.tidesport.org/_files/ugd/326b62_f8ae68d67f744fdbba5962c84b43f3bf.pdf,"PDF p. 50; Appendix II, Table 4a (Assistant Coaches | Race)"
assistant_coaches,asian,percent,2011,1,,,,2023,"",retrospective (2023 Appendix II),"",0,"",rule_2003,rule_2003,primary,https://www.tidesport.org/_files/ugd/326b62_f8ae68d67f744fdbba5962c84b43f3bf.pdf,"PDF p. 50; Appendix II, Table 4a (Assistant Coaches | Race)"
assistant_coaches,asian,percent,2012,1,,,,2023,"",retrospective (2023 Appendix II),"",0,"",rule_2003,rule_2003,primary,https://www.tidesport.org/_files/ugd/326b62_f8ae68d67f744fdbba5962c84b43f3bf.pdf,"PDF p. 50; Appendix II, Table 4a (Assistant Coaches | Race)"
assistant_coaches,asian,percent,2013,0.9,,,,2023,"",retrospective (2023 Appendix II),"",0,"",rule_2003,rule_2003,primary,https://www.tidesport.org/_files/ugd/326b62_f8ae68d67f744fdbba5962c84b43f3bf.pdf,"PDF p. 50; Appendix II, Table 4a (Assistant Coaches | Race)"
assistant_coaches,asian,percent,2014,0.8,,,,2023,"",retrospective (2023 Appendix II),"",0,"",rule_2003,rule_2003,primary,https://www.tidesport.org/_files/ugd/326b62_f8ae68d67f744fdbba5962c84b43f3bf.pdf,"PDF p. 50; Appendix II, Table 4a (Assistant Coaches | Race)"
assistant_coaches,asian,percent,2015,0.9,,,,2023,"",retrospective (2023 Appendix II),"",0,"",rule_2003,rule_2003,primary,https://www.tidesport.org/_files/ugd/326b62_f8ae68d67f744fdbba5962c84b43f3bf.pdf,"PDF p. 50; Appendix II, Table 4a (Assistant Coaches | Race)"
assistant_coaches,asian,percent,2016,0.7,,,,2023,"",retrospective (2023 Appendix II),"",0,"",rule_2003,rule_2003,primary,https://www.tidesport.org/_files/ugd/326b62_f8ae68d67f744fdbba5962c84b43f3bf.pdf,"PDF p. 50; Appendix II, Table 4a (Assistant Coaches | Race)"
assistant_coaches,asian,percent,2017,0.7,,,,2023,"",retrospective (2023 Appendix II),"",0,"",rule_2003,rule_2003,primary,https://www.tidesport.org/_files/ugd/326b62_f8ae68d67f744fdbba5962c84b43f3bf.pdf,"PDF p. 50; Appendix II, Table 4a (Assistant Coaches | Race)"
assistant_coaches,asian,percent,2018,1.1,,,,2023,"",retrospective (2023 Appendix II),two-or-more-races and not-disclosed categories from 2018,0,"",rule_2003,rule_2003,primary,https://www.tidesport.org/_files/ugd/326b62_f8ae68d67f744fdbba5962c84b43f3bf.pdf,"PDF p. 50; Appendix II, Table 4a (Assistant Coaches | Race)"
assistant_coaches,asian,percent,2019,0.8,,,,2023,"",retrospective (2023 Appendix II),two-or-more-races and not-disclosed categories from 2018,0,"",rule_2003,rule_2003,primary,https://www.tidesport.org/_files/ugd/326b62_f8ae68d67f744fdbba5962c84b43f3bf.pdf,"PDF p. 50; Appendix II, Table 4a (Assistant Coaches | Race)"
assistant_coaches,asian,percent,2020,1.2,,,,2023,"",retrospective (2023 Appendix II),two-or-more-races and not-disclosed categories from 2018,0,"",rule_2003,rule_2003,primary,https://www.tidesport.org/_files/ugd/326b62_f8ae68d67f744fdbba5962c84b43f3bf.pdf,"PDF p. 50; Appendix II, Table 4a (Assistant Coaches | Race)"
assistant_coaches,asian,percent,2021,0.5,,,,2023,"",retrospective (2023 Appendix II),two-or-more-races and not-disclosed categories from 2018,0,"",amend_2020,post_2021,primary,https://www.tidesport.org/_files/ugd/326b62_f8ae68d67f744fdbba5962c84b43f3bf.pdf,"PDF p. 50; Appendix II, Table 4a (Assistant Coaches | Race)"
assistant_coaches,asian,percent,2022,0.4,,,,2023,"",retrospective (2023 Appendix II),two-or-more-races and not-disclosed categories from 2018,0,"",amend_2022,post_2021,primary,https://www.tidesport.org/_files/ugd/326b62_f8ae68d67f744fdbba5962c84b43f3bf.pdf,"PDF p. 50; Appendix II, Table 4a (Assistant Coaches | Race)"
assistant_coaches,asian,percent,2023,0.9,,,,2023,"",retrospective (2023 Appendix II),two-or-more-races and not-disclosed categories from 2018,0,"",amend_2022,post_2021,primary,https://www.tidesport.org/_files/ugd/326b62_f8ae68d67f744fdbba5962c84b43f3bf.pdf,"PDF p. 50; Appendix II, Table 4a (Assistant Coaches | Race)"
assistant_coaches,black,percent,1994,23,,,,2023,"",retrospective (2023 Appendix II),"",0,"",pre_rule,pre_rule,primary,https://www.tidesport.org/_files/ugd/326b62_f8ae68d67f744fdbba5962c84b43f3bf.pdf,"PDF p. 50; Appendix II, Table 4a (Assistant Coaches | Race)"
assistant_coaches,black,percent,1995,23,,,,2023,"",retrospective (2023 Appendix II),"",0,"",pre_rule,pre_rule,primary,https://www.tidesport.org/_files/ugd/326b62_f8ae68d67f744fdbba5962c84b43f3bf.pdf,"PDF p. 50; Appendix II, Table 4a (Assistant Coaches | Race)"
assistant_coaches,black,percent,1996,25,,,,2023,"",retrospective (2023 Appendix II),"",0,"",pre_rule,pre_rule,primary,https://www.tidesport.org/_files/ugd/326b62_f8ae68d67f744fdbba5962c84b43f3bf.pdf,"PDF p. 50; Appendix II, Table 4a (Assistant Coaches | Race)"
assistant_coaches,black,percent,1997,26,,,,2023,"",retrospective (2023 Appendix II),"",0,"",pre_rule,pre_rule,primary,https://www.tidesport.org/_files/ugd/326b62_f8ae68d67f744fdbba5962c84b43f3bf.pdf,"PDF p. 50; Appendix II, Table 4a (Assistant Coaches | Race)"
assistant_coaches,black,percent,1999,28,,,,2023,"",retrospective (2023 Appendix II),appendix 1999/2000 season labels unreliable (README),0,"",pre_rule,pre_rule,primary,https://www.tidesport.org/_files/ugd/326b62_f8ae68d67f744fdbba5962c84b43f3bf.pdf,"PDF p. 50; Appendix II, Table 4a (Assistant Coaches | Race)"
assistant_coaches,black,percent,2000,28,,,,2001,"",contemporaneous report,"",0,"",pre_rule,pre_rule,primary,https://www.tidesport.org/_files/ugd/7d86e5_fff5f25555de4e0087a8078790afe2fc.pdf,PDF p. 33; Assistant Coaches
assistant_coaches,black,percent,2001,28,,,,2023,"",retrospective (2023 Appendix II),"",0,"",pre_rule,pre_rule,primary,https://www.tidesport.org/_files/ugd/326b62_f8ae68d67f744fdbba5962c84b43f3bf.pdf,"PDF p. 50; Appendix II, Table 4a (Assistant Coaches | Race)"
assistant_coaches,black,percent,2002,28,,,,2003,"",contemporaneous report,season label ambiguous (2001 or 2002),0,"",pre_rule,pre_rule,primary,https://www.tidesport.org/_files/ugd/7d86e5_2b6a39fc09ce4fdfa47bbae7b94458de.pdf,PDF p. 32; Assistant Coaches
assistant_coaches,black,percent,2003,30,,,,2004,"",contemporaneous report,"",1,30 (2023),rule_2003,rule_2003,primary,https://www.tidesport.org/_files/ugd/7d86e5_d4e81d551510470ab133adcdff26c44e.pdf,PDF p. 6; Assistant Coaches
assistant_coaches,black,percent,2005,32,,,,2023,"",retrospective (2023 Appendix II),"",0,"",rule_2003,rule_2003,primary,https://www.tidesport.org/_files/ugd/326b62_f8ae68d67f744fdbba5962c84b43f3bf.pdf,"PDF p. 50; Appendix II, Table 4a (Assistant Coaches | Race)"
assistant_coaches,black,percent,2006,35,,,,2006,"",contemporaneous report,"",1,35 (2023),rule_2003,rule_2003,primary,https://www.tidesport.org/_files/ugd/7d86e5_7232193e48f64e90af2cdf09e65a8a94.pdf,PDF p. 7; Assistant Coaches
assistant_coaches,black,percent,2007,36,,,,2008,"",contemporaneous report,"",1,36 (2023),rule_2003,rule_2003,primary,https://www.tidesport.org/_files/ugd/7d86e5_6b3e09108aba4deb891cfbc7cac66b02.pdf,PDF p. 8; Assistant Coaches
assistant_coaches,black,percent,2008,34,,,,2009,"",contemporaneous report,"",1,34 (2023),rule_2003,rule_2003,primary,https://www.tidesport.org/_files/ugd/7d86e5_45094cb7ae7544be9b7babc6cc0a63ed.pdf,PDF p. 8; Assistant Coaches
assistant_coaches,black,percent,2009,34,,,,2010,"",contemporaneous report,"",1,34 (2023),rule_2003,rule_2003,primary,https://www.tidesport.org/_files/ugd/7d86e5_bdd6b1a988ef46d08cc23d64293b611c.pdf,PDF p. 7; Assistant Coaches
assistant_coaches,black,percent,2010,31,,,,2011,"",contemporaneous report,"",1,31 (2023),rule_2003,rule_2003,primary,https://www.tidesport.org/_files/ugd/7d86e5_a8bf63c80f4947118f37f73d32f40737.pdf,"PDF p. 24; Appendix I, Assistant Coaches table"
assistant_coaches,black,percent,2011,32,,,,2012,"",contemporaneous report,"",1,31 (2023),rule_2003,rule_2003,primary,https://www.tidesport.org/_files/ugd/7d86e5_888d1dd1047441cca0b8a9e300dc1f94.pdf,"PDF p. 22; Appendix I, Assistant Coaches table"
assistant_coaches,black,percent,2012,31,537,,,2013,"",contemporaneous report,"",1,31 (2023),rule_2003,rule_2003,primary,https://www.tidesport.org/_files/ugd/7d86e5_cdc71c7a4cf540118817b7fce8f040db.pdf,"PDF p. 22; Appendix I, Assistant Coaches table"
assistant_coaches,black,percent,2013,29,,,,2014,"",contemporaneous report,"",1,29.1 (2023),rule_2003,rule_2003,primary,https://www.tidesport.org/_files/ugd/7d86e5_72d723866ba848a3886212e393822840.pdf,"PDF p. 22; Appendix I, Assistant Coaches table"
assistant_coaches,black,percent,2014,29.6,,,,2023,"",retrospective (2023 Appendix II),"",0,"",rule_2003,rule_2003,primary,https://www.tidesport.org/_files/ugd/326b62_f8ae68d67f744fdbba5962c84b43f3bf.pdf,"PDF p. 50; Appendix II, Table 4a (Assistant Coaches | Race)"
assistant_coaches,black,percent,2015,34.7,,,,2015,2015-08-21,contemporaneous report,"",1,34.7 (2023),rule_2003,rule_2003,primary,https://www.tidesport.org/_files/ugd/a4ad0c_96113214204e492b986abb8549e85ce2.pdf,"PDF p. 28; Appendix I, Assistant Coaches table"
assistant_coaches,black,percent,2016,27.7,,,,2016,2016-08,contemporaneous report,"",1,27.8 (2023),rule_2003,rule_2003,primary,https://www.tidesport.org/_files/ugd/a4ad0c_83cebda86fed4f8a820adcb3af3d71d8.pdf,"PDF p. 29; Appendix I, Assistant Coaches table"
assistant_coaches,black,percent,2017,28.2,,,,2017,2017-09,contemporaneous report,"",1,28.2 (2023),rule_2003,rule_2003,primary,https://www.tidesport.org/_files/ugd/a4ad0c_f71f36ac32b04656859ea5618ee957cc.pdf,"PDF p. 30; Appendix I, Assistant Coaches table"
assistant_coaches,black,percent,2018,30.9,631,,,2018,2018-12,contemporaneous report,two-or-more-races and not-disclosed categories from 2018,1,30.9 (2023),rule_2003,rule_2003,primary,https://www.tidesport.org/_files/ugd/7d86e5_4a7afdf9bf414bffa46b3a099bf8c9f5.pdf,"PDF p. 29; Appendix I, Table 5 (Assistant Coaches)"
assistant_coaches,black,percent,2019,29.6,,,,2019,2019-09,contemporaneous report,two-or-more-races and not-disclosed categories from 2018,1,29.6 (2023),rule_2003,rule_2003,primary,https://www.tidesport.org/_files/ugd/7d86e5_5af5faf45ba7443da733f900f54638b4.pdf,PDF p. 12; Assistant Coaches
assistant_coaches,black,percent,2020,30.5,,,,2020,2020-09,contemporaneous report,two-or-more-races and not-disclosed categories from 2018,1,30.5 (2023),rule_2003,rule_2003,primary,https://www.tidesport.org/_files/ugd/138a69_8715a573a51742ce95dddeb0461cfc82.pdf,PDF p. 12; Assistant Coaches
assistant_coaches,black,percent,2021,34.5,,,,2021,2021-09,contemporaneous report,two-or-more-races and not-disclosed categories from 2018,1,34.5 (2023),amend_2020,post_2021,primary,https://www.tidesport.org/_files/ugd/326b62_5afc0093dedf4b53bdba964fa0c1eb0c.pdf,PDF p. 13; Assistant Coaches
assistant_coaches,black,percent,2022,36.3,,,,2022,2022-08,contemporaneous report,two-or-more-races and not-disclosed categories from 2018,1,36.3 (2023),amend_2022,post_2021,primary,https://www.tidesport.org/_files/ugd/ac4087_d74e4aa674334087b6c4506f6d353a48.pdf,PDF p. 13; Assistant Coaches
assistant_coaches,black,percent,2023,36.6,,,,2023,2023-08,contemporaneous report,two-or-more-races and not-disclosed categories from 2018,1,36.6 (2023),amend_2022,post_2021,primary,https://www.tidesport.org/_files/ugd/326b62_f8ae68d67f744fdbba5962c84b43f3bf.pdf,PDF p. 12; Assistant Coaches
assistant_coaches,latino,percent,1997,1,,,,2023,"",retrospective (2023 Appendix II),"",0,"",pre_rule,pre_rule,primary,https://www.tidesport.org/_files/ugd/326b62_f8ae68d67f744fdbba5962c84b43f3bf.pdf,"PDF p. 50; Appendix II, Table 4a (Assistant Coaches | Race)"
assistant_coaches,latino,percent,2002,1,,,,2003,"",contemporaneous report,season label ambiguous (2001 or 2002),0,"",pre_rule,pre_rule,primary,https://www.tidesport.org/_files/ugd/7d86e5_2b6a39fc09ce4fdfa47bbae7b94458de.pdf,PDF p. 32; Assistant Coaches
assistant_coaches,latino,percent,2003,2,,,,2004,"",contemporaneous report,"",1,2 (2023),rule_2003,rule_2003,primary,https://www.tidesport.org/_files/ugd/7d86e5_d4e81d551510470ab133adcdff26c44e.pdf,PDF p. 6; Assistant Coaches
assistant_coaches,latino,percent,2005,1,,,,2023,"",retrospective (2023 Appendix II),"",0,"",rule_2003,rule_2003,primary,https://www.tidesport.org/_files/ugd/326b62_f8ae68d67f744fdbba5962c84b43f3bf.pdf,"PDF p. 50; Appendix II, Table 4a (Assistant Coaches | Race)"
assistant_coaches,latino,percent,2006,2,,,,2006,"",contemporaneous report,"",1,2 (2023),rule_2003,rule_2003,primary,https://www.tidesport.org/_files/ugd/7d86e5_7232193e48f64e90af2cdf09e65a8a94.pdf,PDF p. 7; Assistant Coaches
assistant_coaches,latino,percent,2007,1,,,,2023,"",retrospective (2023 Appendix II),"",0,"",rule_2003,rule_2003,primary,https://www.tidesport.org/_files/ugd/326b62_f8ae68d67f744fdbba5962c84b43f3bf.pdf,"PDF p. 50; Appendix II, Table 4a (Assistant Coaches | Race)"
assistant_coaches,latino,percent,2008,2,,,,2023,"",retrospective (2023 Appendix II),"",0,"",rule_2003,rule_2003,primary,https://www.tidesport.org/_files/ugd/326b62_f8ae68d67f744fdbba5962c84b43f3bf.pdf,"PDF p. 50; Appendix II, Table 4a (Assistant Coaches | Race)"
assistant_coaches,latino,percent,2009,1,,,,2023,"",retrospective (2023 Appendix II),"",0,"",rule_2003,rule_2003,primary,https://www.tidesport.org/_files/ugd/326b62_f8ae68d67f744fdbba5962c84b43f3bf.pdf,"PDF p. 50; Appendix II, Table 4a (Assistant Coaches | Race)"
assistant_coaches,latino,percent,2010,1,,,,2023,"",retrospective (2023 Appendix II),"",0,"",rule_2003,rule_2003,primary,https://www.tidesport.org/_files/ugd/326b62_f8ae68d67f744fdbba5962c84b43f3bf.pdf,"PDF p. 50; Appendix II, Table 4a (Assistant Coaches | Race)"
assistant_coaches,latino,percent,2011,1,,,,2023,"",retrospective (2023 Appendix II),"",0,"",rule_2003,rule_2003,primary,https://www.tidesport.org/_files/ugd/326b62_f8ae68d67f744fdbba5962c84b43f3bf.pdf,"PDF p. 50; Appendix II, Table 4a (Assistant Coaches | Race)"
assistant_coaches,latino,percent,2012,1,,,,2023,"",retrospective (2023 Appendix II),"",0,"",rule_2003,rule_2003,primary,https://www.tidesport.org/_files/ugd/326b62_f8ae68d67f744fdbba5962c84b43f3bf.pdf,"PDF p. 50; Appendix II, Table 4a (Assistant Coaches | Race)"
assistant_coaches,latino,percent,2013,1.1,,,,2023,"",retrospective (2023 Appendix II),"",0,"",rule_2003,rule_2003,primary,https://www.tidesport.org/_files/ugd/326b62_f8ae68d67f744fdbba5962c84b43f3bf.pdf,"PDF p. 50; Appendix II, Table 4a (Assistant Coaches | Race)"
assistant_coaches,latino,percent,2014,1.2,,,,2023,"",retrospective (2023 Appendix II),"",0,"",rule_2003,rule_2003,primary,https://www.tidesport.org/_files/ugd/326b62_f8ae68d67f744fdbba5962c84b43f3bf.pdf,"PDF p. 50; Appendix II, Table 4a (Assistant Coaches | Race)"
assistant_coaches,latino,percent,2015,1.5,,,,2023,"",retrospective (2023 Appendix II),"",0,"",rule_2003,rule_2003,primary,https://www.tidesport.org/_files/ugd/326b62_f8ae68d67f744fdbba5962c84b43f3bf.pdf,"PDF p. 50; Appendix II, Table 4a (Assistant Coaches | Race)"
assistant_coaches,latino,percent,2016,2.5,,,,2023,"",retrospective (2023 Appendix II),"",0,"",rule_2003,rule_2003,primary,https://www.tidesport.org/_files/ugd/326b62_f8ae68d67f744fdbba5962c84b43f3bf.pdf,"PDF p. 50; Appendix II, Table 4a (Assistant Coaches | Race)"
assistant_coaches,latino,percent,2017,1.1,,,,2023,"",retrospective (2023 Appendix II),"",0,"",rule_2003,rule_2003,primary,https://www.tidesport.org/_files/ugd/326b62_f8ae68d67f744fdbba5962c84b43f3bf.pdf,"PDF p. 50; Appendix II, Table 4a (Assistant Coaches | Race)"
assistant_coaches,latino,percent,2018,1.7,,,,2023,"",retrospective (2023 Appendix II),two-or-more-races and not-disclosed categories from 2018,0,"",rule_2003,rule_2003,primary,https://www.tidesport.org/_files/ugd/326b62_f8ae68d67f744fdbba5962c84b43f3bf.pdf,"PDF p. 50; Appendix II, Table 4a (Assistant Coaches | Race)"
assistant_coaches,latino,percent,2019,1,,,,2023,"",retrospective (2023 Appendix II),two-or-more-races and not-disclosed categories from 2018,0,"",rule_2003,rule_2003,primary,https://www.tidesport.org/_files/ugd/326b62_f8ae68d67f744fdbba5962c84b43f3bf.pdf,"PDF p. 50; Appendix II, Table 4a (Assistant Coaches | Race)"
assistant_coaches,latino,percent,2020,1.4,,,,2023,"",retrospective (2023 Appendix II),two-or-more-races and not-disclosed categories from 2018,0,"",rule_2003,rule_2003,primary,https://www.tidesport.org/_files/ugd/326b62_f8ae68d67f744fdbba5962c84b43f3bf.pdf,"PDF p. 50; Appendix II, Table 4a (Assistant Coaches | Race)"
assistant_coaches,latino,percent,2021,2.2,,,,2023,"",retrospective (2023 Appendix II),two-or-more-races and not-disclosed categories from 2018,0,"",amend_2020,post_2021,primary,https://www.tidesport.org/_files/ugd/326b62_f8ae68d67f744fdbba5962c84b43f3bf.pdf,"PDF p. 50; Appendix II, Table 4a (Assistant Coaches | Race)"
assistant_coaches,latino,percent,2022,2.5,,,,2023,"",retrospective (2023 Appendix II),two-or-more-races and not-disclosed categories from 2018,0,"",amend_2022,post_2021,primary,https://www.tidesport.org/_files/ugd/326b62_f8ae68d67f744fdbba5962c84b43f3bf.pdf,"PDF p. 50; Appendix II, Table 4a (Assistant Coaches | Race)"
assistant_coaches,latino,percent,2023,2.7,,,,2023,"",retrospective (2023 Appendix II),two-or-more-races and not-disclosed categories from 2018,0,"",amend_2022,post_2021,primary,https://www.tidesport.org/_files/ugd/326b62_f8ae68d67f744fdbba5962c84b43f3bf.pdf,"PDF p. 50; Appendix II, Table 4a (Assistant Coaches | Race)"
assistant_coaches,not_disclosed,percent,2018,1.9,,,,2023,"",retrospective (2023 Appendix II),two-or-more-races and not-disclosed categories from 2018,0,"",rule_2003,rule_2003,primary,https://www.tidesport.org/_files/ugd/326b62_f8ae68d67f744fdbba5962c84b43f3bf.pdf,"PDF p. 50; Appendix II, Table 4a (Assistant Coaches | Race)"
assistant_coaches,not_disclosed,percent,2019,4.1,,,,2023,"",retrospective (2023 Appendix II),two-or-more-races and not-disclosed categories from 2018,0,"",rule_2003,rule_2003,primary,https://www.tidesport.org/_files/ugd/326b62_f8ae68d67f744fdbba5962c84b43f3bf.pdf,"PDF p. 50; Appendix II, Table 4a (Assistant Coaches | Race)"
assistant_coaches,not_disclosed,percent,2020,0.6,,,,2023,"",retrospective (2023 Appendix II),two-or-more-races and not-disclosed categories from 2018,0,"",rule_2003,rule_2003,primary,https://www.tidesport.org/_files/ugd/326b62_f8ae68d67f744fdbba5962c84b43f3bf.pdf,"PDF p. 50; Appendix II, Table 4a (Assistant Coaches | Race)"
assistant_coaches,not_disclosed,percent,2021,1.4,,,,2023,"",retrospective (2023 Appendix II),two-or-more-races and not-disclosed categories from 2018,0,"",amend_2020,post_2021,primary,https://www.tidesport.org/_files/ugd/326b62_f8ae68d67f744fdbba5962c84b43f3bf.pdf,"PDF p. 50; Appendix II, Table 4a (Assistant Coaches | Race)"
assistant_coaches,not_disclosed,percent,2022,2.1,,,,2023,"",retrospective (2023 Appendix II),two-or-more-races and not-disclosed categories from 2018,0,"",amend_2022,post_2021,primary,https://www.tidesport.org/_files/ugd/326b62_f8ae68d67f744fdbba5962c84b43f3bf.pdf,"PDF p. 50; Appendix II, Table 4a (Assistant Coaches | Race)"
assistant_coaches,not_disclosed,percent,2023,3.4,,,,2023,"",retrospective (2023 Appendix II),two-or-more-races and not-disclosed categories from 2018,0,"",amend_2022,post_2021,primary,https://www.tidesport.org/_files/ugd/326b62_f8ae68d67f744fdbba5962c84b43f3bf.pdf,"PDF p. 50; Appendix II, Table 4a (Assistant Coaches | Race)"
assistant_coaches,other,percent,2013,0.5,,,,2023,"",retrospective (2023 Appendix II),"",0,"",rule_2003,rule_2003,primary,https://www.tidesport.org/_files/ugd/326b62_f8ae68d67f744fdbba5962c84b43f3bf.pdf,"PDF p. 50; Appendix II, Table 4a (Assistant Coaches | Race)"
assistant_coaches,other,percent,2014,0.5,,,,2023,"",retrospective (2023 Appendix II),"",0,"",rule_2003,rule_2003,primary,https://www.tidesport.org/_files/ugd/326b62_f8ae68d67f744fdbba5962c84b43f3bf.pdf,"PDF p. 50; Appendix II, Table 4a (Assistant Coaches | Race)"
assistant_coaches,other,percent,2015,0.8,,,,2023,"",retrospective (2023 Appendix II),"",0,"",rule_2003,rule_2003,primary,https://www.tidesport.org/_files/ugd/326b62_f8ae68d67f744fdbba5962c84b43f3bf.pdf,"PDF p. 50; Appendix II, Table 4a (Assistant Coaches | Race)"
assistant_coaches,other,percent,2016,0.1,,,,2023,"",retrospective (2023 Appendix II),"",0,"",rule_2003,rule_2003,primary,https://www.tidesport.org/_files/ugd/326b62_f8ae68d67f744fdbba5962c84b43f3bf.pdf,"PDF p. 50; Appendix II, Table 4a (Assistant Coaches | Race)"
assistant_coaches,other,percent,2017,1.4,,,,2023,"",retrospective (2023 Appendix II),"",0,"",rule_2003,rule_2003,primary,https://www.tidesport.org/_files/ugd/326b62_f8ae68d67f744fdbba5962c84b43f3bf.pdf,"PDF p. 50; Appendix II, Table 4a (Assistant Coaches | Race)"
assistant_coaches,pacific_islander,percent,2018,0.3,,,,2023,"",retrospective (2023 Appendix II),two-or-more-races and not-disclosed categories from 2018,0,"",rule_2003,rule_2003,primary,https://www.tidesport.org/_files/ugd/326b62_f8ae68d67f744fdbba5962c84b43f3bf.pdf,"PDF p. 50; Appendix II, Table 4a (Assistant Coaches | Race)"
assistant_coaches,pacific_islander,percent,2019,0.5,,,,2023,"",retrospective (2023 Appendix II),two-or-more-races and not-disclosed categories from 2018,0,"",rule_2003,rule_2003,primary,https://www.tidesport.org/_files/ugd/326b62_f8ae68d67f744fdbba5962c84b43f3bf.pdf,"PDF p. 50; Appendix II, Table 4a (Assistant Coaches | Race)"
assistant_coaches,pacific_islander,percent,2020,0.6,,,,2023,"",retrospective (2023 Appendix II),two-or-more-races and not-disclosed categories from 2018,0,"",rule_2003,rule_2003,primary,https://www.tidesport.org/_files/ugd/326b62_f8ae68d67f744fdbba5962c84b43f3bf.pdf,"PDF p. 50; Appendix II, Table 4a (Assistant Coaches | Race)"
assistant_coaches,pacific_islander,percent,2021,0.9,,,,2023,"",retrospective (2023 Appendix II),two-or-more-races and not-disclosed categories from 2018,0,"",amend_2020,post_2021,primary,https://www.tidesport.org/_files/ugd/326b62_f8ae68d67f744fdbba5962c84b43f3bf.pdf,"PDF p. 50; Appendix II, Table 4a (Assistant Coaches | Race)"
assistant_coaches,pacific_islander,percent,2022,0.8,,,,2023,"",retrospective (2023 Appendix II),two-or-more-races and not-disclosed categories from 2018,0,"",amend_2022,post_2021,primary,https://www.tidesport.org/_files/ugd/326b62_f8ae68d67f744fdbba5962c84b43f3bf.pdf,"PDF p. 50; Appendix II, Table 4a (Assistant Coaches | Race)"
assistant_coaches,pacific_islander,percent,2023,0.7,,,,2023,"",retrospective (2023 Appendix II),two-or-more-races and not-disclosed categories from 2018,0,"",amend_2022,post_2021,primary,https://www.tidesport.org/_files/ugd/326b62_f8ae68d67f744fdbba5962c84b43f3bf.pdf,"PDF p. 50; Appendix II, Table 4a (Assistant Coaches | Race)"
assistant_coaches,people_of_color,count,2003,169,,,,2004,"",contemporaneous report,"",0,"",rule_2003,rule_2003,primary,https://www.tidesport.org/_files/ugd/7d86e5_d4e81d551510470ab133adcdff26c44e.pdf,PDF p. 6; Assistant Coaches
assistant_coaches,people_of_color,count,2004,173,,,,2004,2004 season,contemporaneous report,"",0,"",rule_2003,rule_2003,primary,https://www.tidesport.org/_files/ugd/7d86e5_d4e81d551510470ab133adcdff26c44e.pdf,PDF p. 6; Assistant Coaches
assistant_coaches,people_of_color,count,2005,162,,,,2005,"",contemporaneous report,"",0,"",rule_2003,rule_2003,primary,https://www.tidesport.org/_files/ugd/7d86e5_9548089523184f6c8577f07fe91f5397.pdf,"PDF p. 3,6; Assistant Coaches"
assistant_coaches,people_of_color,count,2006,165,,,,2006,"",contemporaneous report,"",0,"",rule_2003,rule_2003,primary,https://www.tidesport.org/_files/ugd/7d86e5_7232193e48f64e90af2cdf09e65a8a94.pdf,PDF p. 7; Assistant Coaches
assistant_coaches,people_of_color,count,2007,172,,,,2008,"",contemporaneous report,"",0,"",rule_2003,rule_2003,primary,https://www.tidesport.org/_files/ugd/7d86e5_6b3e09108aba4deb891cfbc7cac66b02.pdf,PDF p. 7; Assistant Coaches
assistant_coaches,people_of_color,count,2008,160,,,,2009,"",contemporaneous report,"",0,"",rule_2003,rule_2003,primary,https://www.tidesport.org/_files/ugd/7d86e5_45094cb7ae7544be9b7babc6cc0a63ed.pdf,PDF p. 8; Assistant Coaches
assistant_coaches,people_of_color,count,2009,157,,,,2010,"",contemporaneous report,"",0,"",rule_2003,rule_2003,primary,https://www.tidesport.org/_files/ugd/7d86e5_bdd6b1a988ef46d08cc23d64293b611c.pdf,PDF p. 7; Assistant Coaches
assistant_coaches,people_of_color,count,2010,170,,,,2011,"",contemporaneous report,"",0,"",rule_2003,rule_2003,primary,https://www.tidesport.org/_files/ugd/7d86e5_a8bf63c80f4947118f37f73d32f40737.pdf,PDF p. 9; Assistant Coaches
assistant_coaches,people_of_color,count,2012,173,537,32.2160148975791,537,2013,"",contemporaneous report,"",0,"",rule_2003,rule_2003,primary,https://www.tidesport.org/_files/ugd/7d86e5_cdc71c7a4cf540118817b7fce8f040db.pdf,"PDF p. 22; Appendix I, Assistant Coaches table"
assistant_coaches,people_of_color,percent,2003,33,,,,2004,"",contemporaneous report,"",0,"",rule_2003,rule_2003,primary,https://www.tidesport.org/_files/ugd/7d86e5_d4e81d551510470ab133adcdff26c44e.pdf,PDF p. 3; Report Highlights
assistant_coaches,people_of_color,percent,2005,34,,,,2005,"",contemporaneous report,"",0,"",rule_2003,rule_2003,primary,https://www.tidesport.org/_files/ugd/7d86e5_9548089523184f6c8577f07fe91f5397.pdf,"PDF p. 3,6; Assistant Coaches"
assistant_coaches,people_of_color,percent,2006,38,,,,2006,"",contemporaneous report,"",0,"",rule_2003,rule_2003,primary,https://www.tidesport.org/_files/ugd/7d86e5_7232193e48f64e90af2cdf09e65a8a94.pdf,PDF p. 7; Assistant Coaches
assistant_coaches,people_of_color,percent,2007,38,,,,2008,"",contemporaneous report,"",0,"",rule_2003,rule_2003,primary,https://www.tidesport.org/_files/ugd/7d86e5_6b3e09108aba4deb891cfbc7cac66b02.pdf,PDF p. 7; Assistant Coaches
assistant_coaches,people_of_color,percent,2008,37,,,,2009,"",contemporaneous report,"",0,"",rule_2003,rule_2003,primary,https://www.tidesport.org/_files/ugd/7d86e5_45094cb7ae7544be9b7babc6cc0a63ed.pdf,PDF p. 8; Assistant Coaches
assistant_coaches,people_of_color,percent,2009,36,,,,2010,"",contemporaneous report,"",0,"",rule_2003,rule_2003,primary,https://www.tidesport.org/_files/ugd/7d86e5_bdd6b1a988ef46d08cc23d64293b611c.pdf,PDF p. 7; Assistant Coaches
assistant_coaches,people_of_color,percent,2010,32,,,,2011,"",contemporaneous report,"",1,33 (2012),rule_2003,rule_2003,primary,https://www.tidesport.org/_files/ugd/7d86e5_a8bf63c80f4947118f37f73d32f40737.pdf,PDF p. 9; Assistant Coaches
assistant_coaches,people_of_color,percent,2011,34,,,,2012,"",contemporaneous report,"",0,"",rule_2003,rule_2003,primary,https://www.tidesport.org/_files/ugd/7d86e5_888d1dd1047441cca0b8a9e300dc1f94.pdf,PDF p. 8; Assistant Coaches
assistant_coaches,people_of_color,percent,2012,32,,,,2013,"",contemporaneous report,"",0,"",rule_2003,rule_2003,primary,https://www.tidesport.org/_files/ugd/7d86e5_cdc71c7a4cf540118817b7fce8f040db.pdf,PDF p. 8; Assistant Coaches
assistant_coaches,people_of_color,percent,2013,31,,,,2014,"",contemporaneous report,"",0,"",rule_2003,rule_2003,primary,https://www.tidesport.org/_files/ugd/7d86e5_72d723866ba848a3886212e393822840.pdf,PDF p. 8; Assistant Coaches
assistant_coaches,people_of_color,percent,2015,37.9,,,,2015,2015-08-21,contemporaneous report,"",0,"",rule_2003,rule_2003,primary,https://www.tidesport.org/_files/ugd/a4ad0c_96113214204e492b986abb8549e85ce2.pdf,PDF p. 8; Assistant Coaches
assistant_coaches,people_of_color,percent,2016,31.9,,,,2016,2016-08,contemporaneous report,"",0,"",rule_2003,rule_2003,primary,https://www.tidesport.org/_files/ugd/a4ad0c_83cebda86fed4f8a820adcb3af3d71d8.pdf,PDF p. 9; Assistant Coaches
assistant_coaches,people_of_color,percent,2017,31.3,,,,2017,2017-09,contemporaneous report,"",0,"",rule_2003,rule_2003,primary,https://www.tidesport.org/_files/ugd/a4ad0c_f71f36ac32b04656859ea5618ee957cc.pdf,PDF p. 9; Assistant Coaches
assistant_coaches,people_of_color,percent,2018,35.5,,,,2018,2018-12,contemporaneous report,two-or-more-races and not-disclosed categories from 2018,0,"",rule_2003,rule_2003,primary,https://www.tidesport.org/_files/ugd/7d86e5_4a7afdf9bf414bffa46b3a099bf8c9f5.pdf,PDF p. 7; Executive Summary
assistant_coaches,people_of_color,percent,2019,33.6,,,,2019,2019-09,contemporaneous report,two-or-more-races and not-disclosed categories from 2018,0,"",rule_2003,rule_2003,primary,https://www.tidesport.org/_files/ugd/7d86e5_5af5faf45ba7443da733f900f54638b4.pdf,PDF p. 12; Assistant Coaches
assistant_coaches,people_of_color,percent,2020,35.6,,,,2020,2020-09,contemporaneous report,two-or-more-races and not-disclosed categories from 2018,0,"",rule_2003,rule_2003,primary,https://www.tidesport.org/_files/ugd/138a69_8715a573a51742ce95dddeb0461cfc82.pdf,PDF p. 12; Assistant Coaches
assistant_coaches,people_of_color,percent,2021,40.9,,,,2021,2021-09,contemporaneous report,two-or-more-races and not-disclosed categories from 2018,0,"",amend_2020,post_2021,primary,https://www.tidesport.org/_files/ugd/326b62_5afc0093dedf4b53bdba964fa0c1eb0c.pdf,PDF p. 13; Assistant Coaches
assistant_coaches,people_of_color,percent,2022,42.9,,,,2022,2022-08,contemporaneous report,two-or-more-races and not-disclosed categories from 2018,0,"",amend_2022,post_2021,primary,https://www.tidesport.org/_files/ugd/ac4087_d74e4aa674334087b6c4506f6d353a48.pdf,PDF p. 13; Assistant Coaches
assistant_coaches,people_of_color,percent,2023,43.6,,,,2023,2023-08,contemporaneous report,two-or-more-races and not-disclosed categories from 2018,0,"",amend_2022,post_2021,primary,https://www.tidesport.org/_files/ugd/326b62_f8ae68d67f744fdbba5962c84b43f3bf.pdf,PDF p. 12; Assistant Coaches
assistant_coaches,two_or_more_races,percent,2018,1.3,,,,2023,"",retrospective (2023 Appendix II),two-or-more-races and not-disclosed categories from 2018,0,"",rule_2003,rule_2003,primary,https://www.tidesport.org/_files/ugd/326b62_f8ae68d67f744fdbba5962c84b43f3bf.pdf,"PDF p. 50; Appendix II, Table 4a (Assistant Coaches | Race)"
assistant_coaches,two_or_more_races,percent,2019,1.5,,,,2023,"",retrospective (2023 Appendix II),two-or-more-races and not-disclosed categories from 2018,0,"",rule_2003,rule_2003,primary,https://www.tidesport.org/_files/ugd/326b62_f8ae68d67f744fdbba5962c84b43f3bf.pdf,"PDF p. 50; Appendix II, Table 4a (Assistant Coaches | Race)"
assistant_coaches,two_or_more_races,percent,2020,1.8,,,,2023,"",retrospective (2023 Appendix II),two-or-more-races and not-disclosed categories from 2018,0,"",rule_2003,rule_2003,primary,https://www.tidesport.org/_files/ugd/326b62_f8ae68d67f744fdbba5962c84b43f3bf.pdf,"PDF p. 50; Appendix II, Table 4a (Assistant Coaches | Race)"
assistant_coaches,two_or_more_races,percent,2021,2.7,,,,2023,"",retrospective (2023 Appendix II),two-or-more-races and not-disclosed categories from 2018,0,"",amend_2020,post_2021,primary,https://www.tidesport.org/_files/ugd/326b62_f8ae68d67f744fdbba5962c84b43f3bf.pdf,"PDF p. 50; Appendix II, Table 4a (Assistant Coaches | Race)"
assistant_coaches,two_or_more_races,percent,2022,2.7,,,,2023,"",retrospective (2023 Appendix II),two-or-more-races and not-disclosed categories from 2018,0,"",amend_2022,post_2021,primary,https://www.tidesport.org/_files/ugd/326b62_f8ae68d67f744fdbba5962c84b43f3bf.pdf,"PDF p. 50; Appendix II, Table 4a (Assistant Coaches | Race)"
assistant_coaches,two_or_more_races,percent,2023,2.5,,,,2023,"",retrospective (2023 Appendix II),two-or-more-races and not-disclosed categories from 2018,0,"",amend_2022,post_2021,primary,https://www.tidesport.org/_files/ugd/326b62_f8ae68d67f744fdbba5962c84b43f3bf.pdf,"PDF p. 50; Appendix II, Table 4a (Assistant Coaches | Race)"
assistant_coaches,white,percent,1994,77,,,,2023,"",retrospective (2023 Appendix II),"",0,"",pre_rule,pre_rule,primary,https://www.tidesport.org/_files/ugd/326b62_f8ae68d67f744fdbba5962c84b43f3bf.pdf,"PDF p. 50; Appendix II, Table 4a (Assistant Coaches | Race)"
assistant_coaches,white,percent,1995,76,,,,2023,"",retrospective (2023 Appendix II),"",0,"",pre_rule,pre_rule,primary,https://www.tidesport.org/_files/ugd/326b62_f8ae68d67f744fdbba5962c84b43f3bf.pdf,"PDF p. 50; Appendix II, Table 4a (Assistant Coaches | Race)"
assistant_coaches,white,percent,1996,74,,,,2023,"",retrospective (2023 Appendix II),"",0,"",pre_rule,pre_rule,primary,https://www.tidesport.org/_files/ugd/326b62_f8ae68d67f744fdbba5962c84b43f3bf.pdf,"PDF p. 50; Appendix II, Table 4a (Assistant Coaches | Race)"
assistant_coaches,white,percent,1997,73,,,,2023,"",retrospective (2023 Appendix II),"",0,"",pre_rule,pre_rule,primary,https://www.tidesport.org/_files/ugd/326b62_f8ae68d67f744fdbba5962c84b43f3bf.pdf,"PDF p. 50; Appendix II, Table 4a (Assistant Coaches | Race)"
assistant_coaches,white,percent,1999,72,,,,2023,"",retrospective (2023 Appendix II),appendix 1999/2000 season labels unreliable (README),0,"",pre_rule,pre_rule,primary,https://www.tidesport.org/_files/ugd/326b62_f8ae68d67f744fdbba5962c84b43f3bf.pdf,"PDF p. 50; Appendix II, Table 4a (Assistant Coaches | Race)"
assistant_coaches,white,percent,2000,72,,,,2001,"",contemporaneous report,"",0,"",pre_rule,pre_rule,primary,https://www.tidesport.org/_files/ugd/7d86e5_fff5f25555de4e0087a8078790afe2fc.pdf,PDF p. 33; Assistant Coaches
assistant_coaches,white,percent,2001,71,,,,2023,"",retrospective (2023 Appendix II),"",0,"",pre_rule,pre_rule,primary,https://www.tidesport.org/_files/ugd/326b62_f8ae68d67f744fdbba5962c84b43f3bf.pdf,"PDF p. 50; Appendix II, Table 4a (Assistant Coaches | Race)"
assistant_coaches,white,percent,2002,71,,,,2003,"",contemporaneous report,season label ambiguous (2001 or 2002),0,"",pre_rule,pre_rule,primary,https://www.tidesport.org/_files/ugd/7d86e5_2b6a39fc09ce4fdfa47bbae7b94458de.pdf,PDF p. 32; Assistant Coaches
assistant_coaches,white,percent,2003,67,,,,2004,"",contemporaneous report,"",1,67 (2023),rule_2003,rule_2003,primary,https://www.tidesport.org/_files/ugd/7d86e5_d4e81d551510470ab133adcdff26c44e.pdf,PDF p. 6; Assistant Coaches
assistant_coaches,white,percent,2005,66,,,,2005,"",contemporaneous report,"",1,66 (2023),rule_2003,rule_2003,primary,https://www.tidesport.org/_files/ugd/7d86e5_9548089523184f6c8577f07fe91f5397.pdf,PDF p. 7; Assistant Coaches
assistant_coaches,white,percent,2006,62,,,,2006,"",contemporaneous report,"",1,62 (2023),rule_2003,rule_2003,primary,https://www.tidesport.org/_files/ugd/7d86e5_7232193e48f64e90af2cdf09e65a8a94.pdf,PDF p. 7; Assistant Coaches
assistant_coaches,white,percent,2007,62,,,,2023,"",retrospective (2023 Appendix II),"",0,"",rule_2003,rule_2003,primary,https://www.tidesport.org/_files/ugd/326b62_f8ae68d67f744fdbba5962c84b43f3bf.pdf,"PDF p. 50; Appendix II, Table 4a (Assistant Coaches | Race)"
assistant_coaches,white,percent,2008,64,,,,2023,"",retrospective (2023 Appendix II),"",0,"",rule_2003,rule_2003,primary,https://www.tidesport.org/_files/ugd/326b62_f8ae68d67f744fdbba5962c84b43f3bf.pdf,"PDF p. 50; Appendix II, Table 4a (Assistant Coaches | Race)"
assistant_coaches,white,percent,2009,64,,,,2023,"",retrospective (2023 Appendix II),"",0,"",rule_2003,rule_2003,primary,https://www.tidesport.org/_files/ugd/326b62_f8ae68d67f744fdbba5962c84b43f3bf.pdf,"PDF p. 50; Appendix II, Table 4a (Assistant Coaches | Race)"
assistant_coaches,white,percent,2010,68,,,,2023,"",retrospective (2023 Appendix II),"",0,"",rule_2003,rule_2003,primary,https://www.tidesport.org/_files/ugd/326b62_f8ae68d67f744fdbba5962c84b43f3bf.pdf,"PDF p. 50; Appendix II, Table 4a (Assistant Coaches | Race)"
assistant_coaches,white,percent,2011,68,,,,2023,"",retrospective (2023 Appendix II),"",0,"",rule_2003,rule_2003,primary,https://www.tidesport.org/_files/ugd/326b62_f8ae68d67f744fdbba5962c84b43f3bf.pdf,"PDF p. 50; Appendix II, Table 4a (Assistant Coaches | Race)"
assistant_coaches,white,percent,2012,68.3,,,,2023,"",retrospective (2023 Appendix II),"",0,"",rule_2003,rule_2003,primary,https://www.tidesport.org/_files/ugd/326b62_f8ae68d67f744fdbba5962c84b43f3bf.pdf,"PDF p. 50; Appendix II, Table 4a (Assistant Coaches | Race)"
assistant_coaches,white,percent,2013,68.4,,,,2023,"",retrospective (2023 Appendix II),"",0,"",rule_2003,rule_2003,primary,https://www.tidesport.org/_files/ugd/326b62_f8ae68d67f744fdbba5962c84b43f3bf.pdf,"PDF p. 50; Appendix II, Table 4a (Assistant Coaches | Race)"
assistant_coaches,white,percent,2014,67.8,,,,2023,"",retrospective (2023 Appendix II),"",0,"",rule_2003,rule_2003,primary,https://www.tidesport.org/_files/ugd/326b62_f8ae68d67f744fdbba5962c84b43f3bf.pdf,"PDF p. 50; Appendix II, Table 4a (Assistant Coaches | Race)"
assistant_coaches,white,percent,2015,62.1,,,,2023,"",retrospective (2023 Appendix II),"",0,"",rule_2003,rule_2003,primary,https://www.tidesport.org/_files/ugd/326b62_f8ae68d67f744fdbba5962c84b43f3bf.pdf,"PDF p. 50; Appendix II, Table 4a (Assistant Coaches | Race)"
assistant_coaches,white,percent,2016,68.9,,,,2023,"",retrospective (2023 Appendix II),"",0,"",rule_2003,rule_2003,primary,https://www.tidesport.org/_files/ugd/326b62_f8ae68d67f744fdbba5962c84b43f3bf.pdf,"PDF p. 50; Appendix II, Table 4a (Assistant Coaches | Race)"
assistant_coaches,white,percent,2017,68.7,,,,2023,"",retrospective (2023 Appendix II),"",0,"",rule_2003,rule_2003,primary,https://www.tidesport.org/_files/ugd/326b62_f8ae68d67f744fdbba5962c84b43f3bf.pdf,"PDF p. 50; Appendix II, Table 4a (Assistant Coaches | Race)"
assistant_coaches,white,percent,2018,62.6,,,,2023,"",retrospective (2023 Appendix II),two-or-more-races and not-disclosed categories from 2018,0,"",rule_2003,rule_2003,primary,https://www.tidesport.org/_files/ugd/326b62_f8ae68d67f744fdbba5962c84b43f3bf.pdf,"PDF p. 50; Appendix II, Table 4a (Assistant Coaches | Race)"
assistant_coaches,white,percent,2020,63.7,,,,2023,"",retrospective (2023 Appendix II),two-or-more-races and not-disclosed categories from 2018,0,"",rule_2003,rule_2003,primary,https://www.tidesport.org/_files/ugd/326b62_f8ae68d67f744fdbba5962c84b43f3bf.pdf,"PDF p. 50; Appendix II, Table 4a (Assistant Coaches | Race)"
assistant_coaches,white,percent,2021,57.7,,,,2023,"",retrospective (2023 Appendix II),two-or-more-races and not-disclosed categories from 2018,0,"",amend_2020,post_2021,primary,https://www.tidesport.org/_files/ugd/326b62_f8ae68d67f744fdbba5962c84b43f3bf.pdf,"PDF p. 50; Appendix II, Table 4a (Assistant Coaches | Race)"
assistant_coaches,white,percent,2022,55.1,,,,2023,"",retrospective (2023 Appendix II),two-or-more-races and not-disclosed categories from 2018,0,"",amend_2022,post_2021,primary,https://www.tidesport.org/_files/ugd/326b62_f8ae68d67f744fdbba5962c84b43f3bf.pdf,"PDF p. 50; Appendix II, Table 4a (Assistant Coaches | Race)"
assistant_coaches,white,percent,2023,53,,,,2023,"",retrospective (2023 Appendix II),two-or-more-races and not-disclosed categories from 2018,0,"",amend_2022,post_2021,primary,https://www.tidesport.org/_files/ugd/326b62_f8ae68d67f744fdbba5962c84b43f3bf.pdf,"PDF p. 50; Appendix II, Table 4a (Assistant Coaches | Race)"
coordinators,black,count,2002,12,,,,2003,"",contemporaneous report,season label ambiguous (2001 or 2002),0,"",pre_rule,pre_rule,primary,https://www.tidesport.org/_files/ugd/7d86e5_2b6a39fc09ce4fdfa47bbae7b94458de.pdf,PDF p. 32; Assistant Coaches
coordinators,black,count,2003,12,,,,2004,"",contemporaneous report,"",0,"",rule_2003,rule_2003,primary,https://www.tidesport.org/_files/ugd/7d86e5_d4e81d551510470ab133adcdff26c44e.pdf,PDF p. 6; Assistant Coaches
coordinators,black,count,2005,7,,,,2005,"",contemporaneous report,"",0,"",rule_2003,rule_2003,primary,https://www.tidesport.org/_files/ugd/7d86e5_9548089523184f6c8577f07fe91f5397.pdf,PDF p. 7; Assistant Coaches
coordinators,black,count,2006,6,,,,2006,"",contemporaneous report,"",0,"",rule_2003,rule_2003,primary,https://www.tidesport.org/_files/ugd/7d86e5_7232193e48f64e90af2cdf09e65a8a94.pdf,PDF p. 7; Assistant Coaches
coordinators,black,count,2007,7,,,,2008,"",contemporaneous report,"",0,"",rule_2003,rule_2003,primary,https://www.tidesport.org/_files/ugd/7d86e5_6b3e09108aba4deb891cfbc7cac66b02.pdf,PDF p. 8; Assistant Coaches
coordinators,black,count,2008,9,,,,2008,2008-08-25,contemporaneous report,"",1,8 (2009),rule_2003,rule_2003,primary,https://www.tidesport.org/_files/ugd/7d86e5_6b3e09108aba4deb891cfbc7cac66b02.pdf,PDF p. 8; Assistant Coaches
coordinators,black,count,2009,9,,,,2009,2009-08-01,contemporaneous report,"",1,8 (2010),rule_2003,rule_2003,primary,https://www.tidesport.org/_files/ugd/7d86e5_45094cb7ae7544be9b7babc6cc0a63ed.pdf,PDF p. 9; Assistant Coaches
coordinators,black,count,2010,12,,,,2010,2010-08-01,contemporaneous report,"",0,"",rule_2003,rule_2003,primary,https://www.tidesport.org/_files/ugd/7d86e5_bdd6b1a988ef46d08cc23d64293b611c.pdf,PDF p. 7; Assistant Coaches
coordinators,black,count,2011,9,,,,2011,2011-09-01,contemporaneous report,"",1,8 (2012),rule_2003,rule_2003,primary,https://www.tidesport.org/_files/ugd/7d86e5_a8bf63c80f4947118f37f73d32f40737.pdf,PDF p. 9; Assistant Coaches
coordinators,black,count,2012,5,,,,2013,2012 season start,contemporaneous report,"",0,"",rule_2003,rule_2003,primary,https://www.tidesport.org/_files/ugd/7d86e5_cdc71c7a4cf540118817b7fce8f040db.pdf,PDF p. 8; Assistant Coaches
coordinators,black,count,2013,14,,,,2014,2013 season start,contemporaneous report,coordinator list broadened from the 2013 season,0,"",rule_2003,rule_2003,primary,https://www.tidesport.org/_files/ugd/7d86e5_72d723866ba848a3886212e393822840.pdf,PDF p. 8; Assistant Coaches
coordinators,black,count,2014,15,,,,2015,"",contemporaneous report,coordinator list broadened from the 2013 season,0,"",rule_2003,rule_2003,primary,https://www.tidesport.org/_files/ugd/a4ad0c_96113214204e492b986abb8549e85ce2.pdf,PDF p. 8; Assistant Coaches
coordinators,black,count,2015,15,,,,2015,2015-08-21,contemporaneous report,coordinator list broadened from the 2013 season,0,"",rule_2003,rule_2003,primary,https://www.tidesport.org/_files/ugd/a4ad0c_96113214204e492b986abb8549e85ce2.pdf,PDF p. 8; Assistant Coaches
coordinators,black,count,2016,13,,,,2016,2016-08,contemporaneous report,coordinator list broadened from the 2013 season,1,14 (2017),rule_2003,rule_2003,primary,https://www.tidesport.org/_files/ugd/a4ad0c_83cebda86fed4f8a820adcb3af3d71d8.pdf,PDF p. 9; Assistant Coaches
coordinators,black,count,2017,13,,,,2017,2017-09,contemporaneous report,coordinator list broadened from the 2013 season,0,"",rule_2003,rule_2003,primary,https://www.tidesport.org/_files/ugd/a4ad0c_f71f36ac32b04656859ea5618ee957cc.pdf,PDF p. 9; Assistant Coaches
coordinators,latino,count,2009,1,,,,2009,2009-08-01,contemporaneous report,"",0,"",rule_2003,rule_2003,primary,https://www.tidesport.org/_files/ugd/7d86e5_45094cb7ae7544be9b7babc6cc0a63ed.pdf,PDF p. 9; Assistant Coaches
coordinators,latino,count,2010,1,,,,2010,2010-08-01,contemporaneous report,"",0,"",rule_2003,rule_2003,primary,https://www.tidesport.org/_files/ugd/7d86e5_bdd6b1a988ef46d08cc23d64293b611c.pdf,PDF p. 7; Assistant Coaches
coordinators,latino,count,2011,1,,,,2011,2011-09-01,contemporaneous report,"",0,"",rule_2003,rule_2003,primary,https://www.tidesport.org/_files/ugd/7d86e5_a8bf63c80f4947118f37f73d32f40737.pdf,PDF p. 9; Assistant Coaches
coordinators,people_of_color,count,2004,14,,,,2004,2004 season,contemporaneous report,"",0,"",rule_2003,rule_2003,primary,https://www.tidesport.org/_files/ugd/7d86e5_d4e81d551510470ab133adcdff26c44e.pdf,PDF p. 6; Assistant Coaches
general_managers,black,count,2000,4,,,,2001,"",contemporaneous report,"",0,"",pre_rule,pre_rule,primary,https://www.tidesport.org/_files/ugd/7d86e5_fff5f25555de4e0087a8078790afe2fc.pdf,PDF p. 36; General Manager/Principal in Charge
general_managers,black,count,2001,2,,,,2003,"",contemporaneous report,"",0,"",pre_rule,pre_rule,primary,https://www.tidesport.org/_files/ugd/7d86e5_2b6a39fc09ce4fdfa47bbae7b94458de.pdf,PDF p. 37; General Manager/Principal in Charge
general_managers,black,count,2002,1,,,,2003,"",contemporaneous report,"",0,"",pre_rule,pre_rule,primary,https://www.tidesport.org/_files/ugd/7d86e5_2b6a39fc09ce4fdfa47bbae7b94458de.pdf,PDF p. 37; General Manager/Principal in Charge
general_managers,black,count,2003,2,,,,2004,"",contemporaneous report,"",0,"",rule_2003,rule_2003,primary,https://www.tidesport.org/_files/ugd/7d86e5_d4e81d551510470ab133adcdff26c44e.pdf,PDF p. 7; General Manager/Principal-in-Charge
general_managers,black,count,2005,4,,,,2005,"",contemporaneous report,"",0,"",rule_2003,rule_2003,primary,https://www.tidesport.org/_files/ugd/7d86e5_9548089523184f6c8577f07fe91f5397.pdf,PDF p. 7; General Manager/Principal-in-Charge
general_managers,black,count,2006,4,,,,2006,"",contemporaneous report,"",1,5 (2005),rule_2003,rule_2003,primary,https://www.tidesport.org/_files/ugd/7d86e5_7232193e48f64e90af2cdf09e65a8a94.pdf,PDF p. 7; General Manager/Principal-in-Charge
general_managers,black,count,2007,5,,,,2006,2007-08-25,contemporaneous report,"",1,5 (2008),rule_2003,rule_2003,primary,https://www.tidesport.org/_files/ugd/7d86e5_7232193e48f64e90af2cdf09e65a8a94.pdf,PDF p. 1; Executive Summary
general_managers,black,count,2008,5,,,,2008,2008-08-25,contemporaneous report,"",0,"",rule_2003,rule_2003,primary,https://www.tidesport.org/_files/ugd/7d86e5_6b3e09108aba4deb891cfbc7cac66b02.pdf,PDF p. 9; General Manager/Principal-in-Charge
general_managers,black,count,2009,5,,,,2010,"",contemporaneous report,"",0,"",rule_2003,rule_2003,primary,https://www.tidesport.org/_files/ugd/7d86e5_bdd6b1a988ef46d08cc23d64293b611c.pdf,PDF p. 8; General Manager/Principal-in-Charge
general_managers,black,count,2010,5,,,,2010,2010-08-01,contemporaneous report,"",1,5 (2011),rule_2003,rule_2003,primary,https://www.tidesport.org/_files/ugd/7d86e5_bdd6b1a988ef46d08cc23d64293b611c.pdf,PDF p. 8; General Manager/Principal-in-Charge
general_managers,black,count,2011,5,,,,2011,2011-09-01,contemporaneous report,"",0,"",rule_2003,rule_2003,primary,https://www.tidesport.org/_files/ugd/7d86e5_a8bf63c80f4947118f37f73d32f40737.pdf,PDF p. 10; General Manager/Principal-in-Charge
general_managers,black,count,2012,6,,,,2012,2012-09-01,contemporaneous report,"",0,"",rule_2003,rule_2003,primary,https://www.tidesport.org/_files/ugd/7d86e5_888d1dd1047441cca0b8a9e300dc1f94.pdf,PDF p. 8; General Manager/Principal-in-Charge
general_managers,black,count,2013,6,,,,2013,2013-09-01,contemporaneous report,GM counts are people of color from the 2014 report,0,"",rule_2003,rule_2003,primary,https://www.tidesport.org/_files/ugd/7d86e5_cdc71c7a4cf540118817b7fce8f040db.pdf,PDF p. 8; General Manager/Principal-in-Charge
general_managers,black,count,2021,5,,,,2021,2021-09,contemporaneous report,GM counts are people of color from the 2014 report,0,"",amend_2020,post_2021,primary,https://www.tidesport.org/_files/ugd/326b62_5afc0093dedf4b53bdba964fa0c1eb0c.pdf,"PDF p. 8,19; General Managers"
general_managers,black,count,2022,7,,,,2022,2022-08,contemporaneous report,GM counts are people of color from the 2014 report,0,"",amend_2022,post_2021,primary,https://www.tidesport.org/_files/ugd/ac4087_d74e4aa674334087b6c4506f6d353a48.pdf,PDF p. 19; General Manager / Primary Football Executives
general_managers,black,count,2023,8,,,,2023,2023-08,contemporaneous report,GM counts are people of color from the 2014 report,0,"",amend_2022,post_2021,primary,https://www.tidesport.org/_files/ugd/326b62_f8ae68d67f744fdbba5962c84b43f3bf.pdf,PDF p. 18; General Manager / Primary Football Executives
general_managers,black,percent,1995,13,,,,2023,"",retrospective (2023 Appendix II),"",0,"",pre_rule,pre_rule,primary,https://www.tidesport.org/_files/ugd/326b62_f8ae68d67f744fdbba5962c84b43f3bf.pdf,"PDF p. 56; Appendix II, Table 7a (General Manager | Race)"
general_managers,black,percent,1996,17,,,,2023,"",retrospective (2023 Appendix II),"",0,"",pre_rule,pre_rule,primary,https://www.tidesport.org/_files/ugd/326b62_f8ae68d67f744fdbba5962c84b43f3bf.pdf,"PDF p. 56; Appendix II, Table 7a (General Manager | Race)"
general_managers,black,percent,1997,13,,,,2023,"",retrospective (2023 Appendix II),"",0,"",pre_rule,pre_rule,primary,https://www.tidesport.org/_files/ugd/326b62_f8ae68d67f744fdbba5962c84b43f3bf.pdf,"PDF p. 56; Appendix II, Table 7a (General Manager | Race)"
general_managers,black,percent,1998,13,,,,2023,"",retrospective (2023 Appendix II),"",0,"",pre_rule,pre_rule,primary,https://www.tidesport.org/_files/ugd/326b62_f8ae68d67f744fdbba5962c84b43f3bf.pdf,"PDF p. 56; Appendix II, Table 7a (General Manager | Race)"
general_managers,black,percent,1999,13,,,,2023,"",retrospective (2023 Appendix II),appendix 1999/2000 season labels unreliable (README),0,"",pre_rule,pre_rule,primary,https://www.tidesport.org/_files/ugd/326b62_f8ae68d67f744fdbba5962c84b43f3bf.pdf,"PDF p. 56; Appendix II, Table 7a (General Manager | Race)"
general_managers,black,percent,2000,13,,,,2001,"",contemporaneous report,"",0,"",pre_rule,pre_rule,primary,https://www.tidesport.org/_files/ugd/7d86e5_fff5f25555de4e0087a8078790afe2fc.pdf,PDF p. 36; General Manager/Principal in Charge
general_managers,black,percent,2001,6,,,,2003,"",contemporaneous report,"",1,6 (2023),pre_rule,pre_rule,primary,https://www.tidesport.org/_files/ugd/7d86e5_2b6a39fc09ce4fdfa47bbae7b94458de.pdf,PDF p. 37; General Manager/Principal in Charge
general_managers,black,percent,2003,6,,,,2004,"",contemporaneous report,"",1,6 (2023),rule_2003,rule_2003,primary,https://www.tidesport.org/_files/ugd/7d86e5_d4e81d551510470ab133adcdff26c44e.pdf,PDF p. 7; General Manager/Principal-in-Charge
general_managers,black,percent,2005,13,,,,2005,"",contemporaneous report,"",1,13 (2023),rule_2003,rule_2003,primary,https://www.tidesport.org/_files/ugd/7d86e5_9548089523184f6c8577f07fe91f5397.pdf,PDF p. 7; General Manager/Principal-in-Charge
general_managers,black,percent,2006,13,,,,2006,"",contemporaneous report,"",1,13 (2023),rule_2003,rule_2003,primary,https://www.tidesport.org/_files/ugd/7d86e5_7232193e48f64e90af2cdf09e65a8a94.pdf,PDF p. 7; General Manager/Principal-in-Charge
general_managers,black,percent,2007,16,,,,2008,"",contemporaneous report,"",1,16 (2023),rule_2003,rule_2003,primary,https://www.tidesport.org/_files/ugd/7d86e5_6b3e09108aba4deb891cfbc7cac66b02.pdf,PDF p. 8; General Manager/Principal-in-Charge
general_managers,black,percent,2008,17,,,,2023,"",retrospective (2023 Appendix II),"",0,"",rule_2003,rule_2003,primary,https://www.tidesport.org/_files/ugd/326b62_f8ae68d67f744fdbba5962c84b43f3bf.pdf,"PDF p. 56; Appendix II, Table 7a (General Manager | Race)"
general_managers,black,percent,2009,16,,,,2009,2009-08-01,contemporaneous report,"",1,16 (2023),rule_2003,rule_2003,primary,https://www.tidesport.org/_files/ugd/7d86e5_45094cb7ae7544be9b7babc6cc0a63ed.pdf,PDF p. 10; General Manager/Principal-in-Charge
general_managers,black,percent,2010,16,,,,2010,2010-08-01,contemporaneous report,"",1,17 (2023),rule_2003,rule_2003,primary,https://www.tidesport.org/_files/ugd/7d86e5_bdd6b1a988ef46d08cc23d64293b611c.pdf,PDF p. 8; General Manager/Principal-in-Charge
general_managers,black,percent,2011,16,,,,2011,2011-09-01,contemporaneous report,"",1,16 (2023),rule_2003,rule_2003,primary,https://www.tidesport.org/_files/ugd/7d86e5_a8bf63c80f4947118f37f73d32f40737.pdf,PDF p. 10; General Manager/Principal-in-Charge
general_managers,black,percent,2012,19,,,,2012,2012-09-01,contemporaneous report,"",1,19 (2023),rule_2003,rule_2003,primary,https://www.tidesport.org/_files/ugd/7d86e5_888d1dd1047441cca0b8a9e300dc1f94.pdf,PDF p. 8; General Manager/Principal-in-Charge
general_managers,black,percent,2013,19,,,,2023,"",retrospective (2023 Appendix II),GM counts are people of color from the 2014 report,0,"",rule_2003,rule_2003,primary,https://www.tidesport.org/_files/ugd/326b62_f8ae68d67f744fdbba5962c84b43f3bf.pdf,"PDF p. 56; Appendix II, Table 7a (General Manager | Race)"
general_managers,black,percent,2014,24.1,,,,2023,"",retrospective (2023 Appendix II),GM counts are people of color from the 2014 report,0,"",rule_2003,rule_2003,primary,https://www.tidesport.org/_files/ugd/326b62_f8ae68d67f744fdbba5962c84b43f3bf.pdf,"PDF p. 56; Appendix II, Table 7a (General Manager | Race)"
general_managers,black,percent,2015,21.9,,,,2023,"",retrospective (2023 Appendix II),GM counts are people of color from the 2014 report,0,"",rule_2003,rule_2003,primary,https://www.tidesport.org/_files/ugd/326b62_f8ae68d67f744fdbba5962c84b43f3bf.pdf,"PDF p. 56; Appendix II, Table 7a (General Manager | Race)"
general_managers,black,percent,2016,15.6,,,,2023,"",retrospective (2023 Appendix II),GM counts are people of color from the 2014 report,0,"",rule_2003,rule_2003,primary,https://www.tidesport.org/_files/ugd/326b62_f8ae68d67f744fdbba5962c84b43f3bf.pdf,"PDF p. 56; Appendix II, Table 7a (General Manager | Race)"
general_managers,black,percent,2017,18.8,,,,2023,"",retrospective (2023 Appendix II),GM counts are people of color from the 2014 report,0,"",rule_2003,rule_2003,primary,https://www.tidesport.org/_files/ugd/326b62_f8ae68d67f744fdbba5962c84b43f3bf.pdf,"PDF p. 56; Appendix II, Table 7a (General Manager | Race)"
general_managers,black,percent,2018,12.5,,,,2018,2018-12,contemporaneous report,GM counts are people of color from the 2014 report,1,12.5 (2023),rule_2003,rule_2003,primary,https://www.tidesport.org/_files/ugd/7d86e5_4a7afdf9bf414bffa46b3a099bf8c9f5.pdf,"PDF p. 31; Appendix I, General Manager table"
general_managers,black,percent,2019,6.3,,,,2023,"",retrospective (2023 Appendix II),GM counts are people of color from the 2014 report,0,"",rule_2003,rule_2003,primary,https://www.tidesport.org/_files/ugd/326b62_f8ae68d67f744fdbba5962c84b43f3bf.pdf,"PDF p. 56; Appendix II, Table 7a (General Manager | Race)"
general_managers,black,percent,2020,6.5,,,,2023,"",retrospective (2023 Appendix II),GM counts are people of color from the 2014 report,0,"",rule_2003,rule_2003,primary,https://www.tidesport.org/_files/ugd/326b62_f8ae68d67f744fdbba5962c84b43f3bf.pdf,"PDF p. 56; Appendix II, Table 7a (General Manager | Race)"
general_managers,black,percent,2021,15.6,,,,2023,"",retrospective (2023 Appendix II),GM counts are people of color from the 2014 report,0,"",amend_2020,post_2021,primary,https://www.tidesport.org/_files/ugd/326b62_f8ae68d67f744fdbba5962c84b43f3bf.pdf,"PDF p. 56; Appendix II, Table 7a (General Manager | Race)"
general_managers,black,percent,2022,21.9,,,,2023,"",retrospective (2023 Appendix II),GM counts are people of color from the 2014 report,0,"",amend_2022,post_2021,primary,https://www.tidesport.org/_files/ugd/326b62_f8ae68d67f744fdbba5962c84b43f3bf.pdf,"PDF p. 56; Appendix II, Table 7a (General Manager | Race)"
general_managers,black,percent,2023,26.7,,,,2023,"",retrospective (2023 Appendix II),GM counts are people of color from the 2014 report,0,"",amend_2022,post_2021,primary,https://www.tidesport.org/_files/ugd/326b62_f8ae68d67f744fdbba5962c84b43f3bf.pdf,"PDF p. 56; Appendix II, Table 7a (General Manager | Race)"
general_managers,latino,count,2022,1,,,,2022,2022-08,contemporaneous report,"",0,"",amend_2022,post_2021,primary,https://www.tidesport.org/_files/ugd/ac4087_d74e4aa674334087b6c4506f6d353a48.pdf,PDF p. 19; General Manager / Primary Football Executives
general_managers,latino,count,2023,1,,,,2023,2023-08,contemporaneous report,"",0,"",amend_2022,post_2021,primary,https://www.tidesport.org/_files/ugd/326b62_f8ae68d67f744fdbba5962c84b43f3bf.pdf,PDF p. 18; General Manager / Primary Football Executives
general_managers,latino,percent,2022,3.1,,,,2023,"",retrospective (2023 Appendix II),"",0,"",amend_2022,post_2021,primary,https://www.tidesport.org/_files/ugd/326b62_f8ae68d67f744fdbba5962c84b43f3bf.pdf,"PDF p. 56; Appendix II, Table 7a (General Manager | Race)"
general_managers,latino,percent,2023,3.3,,,,2023,"",retrospective (2023 Appendix II),"",0,"",amend_2022,post_2021,primary,https://www.tidesport.org/_files/ugd/326b62_f8ae68d67f744fdbba5962c84b43f3bf.pdf,"PDF p. 56; Appendix II, Table 7a (General Manager | Race)"
general_managers,not_disclosed,percent,2022,3.1,,,,2023,"",retrospective (2023 Appendix II),"",0,"",amend_2022,post_2021,primary,https://www.tidesport.org/_files/ugd/326b62_f8ae68d67f744fdbba5962c84b43f3bf.pdf,"PDF p. 56; Appendix II, Table 7a (General Manager | Race)"
general_managers,people_of_color,count,2008,5,,,,2009,"",contemporaneous report,"",0,"",rule_2003,rule_2003,primary,https://www.tidesport.org/_files/ugd/7d86e5_45094cb7ae7544be9b7babc6cc0a63ed.pdf,PDF p. 10; General Manager/Principal-in-Charge
general_managers,people_of_color,count,2014,7,,,,2014,2014-07-29,contemporaneous report,"",0,"",rule_2003,rule_2003,primary,https://www.tidesport.org/_files/ugd/7d86e5_72d723866ba848a3886212e393822840.pdf,PDF p. 9; General Manager/Principal-in-Charge
general_managers,people_of_color,count,2015,7,,,,2015,2015-08-21,contemporaneous report,"",0,"",rule_2003,rule_2003,primary,https://www.tidesport.org/_files/ugd/a4ad0c_96113214204e492b986abb8549e85ce2.pdf,PDF p. 9; General Manager/Principal-in-Charge
general_managers,people_of_color,count,2016,5,,,,2016,2016-08,contemporaneous report,"",0,"",rule_2003,rule_2003,primary,https://www.tidesport.org/_files/ugd/a4ad0c_83cebda86fed4f8a820adcb3af3d71d8.pdf,PDF p. 10; General Manager/Principal-in-Charge
general_managers,people_of_color,count,2017,6,,,,2017,2017-09,contemporaneous report,"",0,"",rule_2003,rule_2003,primary,https://www.tidesport.org/_files/ugd/a4ad0c_f71f36ac32b04656859ea5618ee957cc.pdf,"PDF p. 2,3; General Manager/Principal-in-Charge"
general_managers,people_of_color,count,2018,4,,,,2018,2018-12,contemporaneous report,"",0,"",rule_2003,rule_2003,primary,https://www.tidesport.org/_files/ugd/7d86e5_4a7afdf9bf414bffa46b3a099bf8c9f5.pdf,"PDF p. 7,15; Executive Summary"
general_managers,people_of_color,count,2019,2,,,,2019,2019-09,contemporaneous report,"",0,"",rule_2003,rule_2003,primary,https://www.tidesport.org/_files/ugd/7d86e5_5af5faf45ba7443da733f900f54638b4.pdf,PDF p. 6; Executive Summary
general_managers,people_of_color,count,2020,2,,,,2021,"",contemporaneous report,"",0,"",rule_2003,rule_2003,primary,https://www.tidesport.org/_files/ugd/326b62_5afc0093dedf4b53bdba964fa0c1eb0c.pdf,PDF p. 19; General Managers
general_managers,people_of_color,count,2021,5,,,,2021,2021-09,contemporaneous report,"",0,"",amend_2020,post_2021,primary,https://www.tidesport.org/_files/ugd/326b62_5afc0093dedf4b53bdba964fa0c1eb0c.pdf,PDF p. 19; General Managers
general_managers,people_of_color,count,2022,8,,,,2022,2022-08,contemporaneous report,"",0,"",amend_2022,post_2021,primary,https://www.tidesport.org/_files/ugd/ac4087_d74e4aa674334087b6c4506f6d353a48.pdf,PDF p. 19; General Manager / Primary Football Executives
general_managers,people_of_color,count,2023,9,,,,2023,2023-08,contemporaneous report,"",0,"",amend_2022,post_2021,primary,https://www.tidesport.org/_files/ugd/326b62_f8ae68d67f744fdbba5962c84b43f3bf.pdf,PDF p. 18; General Manager / Primary Football Executives
general_managers,people_of_color,percent,2019,6.3,,,,2020,"",contemporaneous report,"",0,"",rule_2003,rule_2003,primary,https://www.tidesport.org/_files/ugd/138a69_8715a573a51742ce95dddeb0461cfc82.pdf,PDF p. 7; Executive Summary (chart)
general_managers,people_of_color,percent,2020,6.5,,,,2020,2020-09,contemporaneous report,"",0,"",rule_2003,rule_2003,primary,https://www.tidesport.org/_files/ugd/138a69_8715a573a51742ce95dddeb0461cfc82.pdf,PDF p. 7; Executive Summary (chart)
general_managers,people_of_color,percent,2021,15.6,,,,2021,2021-09,contemporaneous report,"",0,"",amend_2020,post_2021,primary,https://www.tidesport.org/_files/ugd/326b62_5afc0093dedf4b53bdba964fa0c1eb0c.pdf,PDF p. 19; General Managers
general_managers,people_of_color,percent,2022,25,,,,2022,2022-08,contemporaneous report,"",0,"",amend_2022,post_2021,primary,https://www.tidesport.org/_files/ugd/ac4087_d74e4aa674334087b6c4506f6d353a48.pdf,PDF p. 19; General Manager / Primary Football Executives
general_managers,people_of_color,percent,2023,30,,,,2023,2023-08,contemporaneous report,"",0,"",amend_2022,post_2021,primary,https://www.tidesport.org/_files/ugd/326b62_f8ae68d67f744fdbba5962c84b43f3bf.pdf,PDF p. 18; General Manager / Primary Football Executives
general_managers,white,percent,1995,87,,,,2023,"",retrospective (2023 Appendix II),"",0,"",pre_rule,pre_rule,primary,https://www.tidesport.org/_files/ugd/326b62_f8ae68d67f744fdbba5962c84b43f3bf.pdf,"PDF p. 56; Appendix II, Table 7a (General Manager | Race)"
general_managers,white,percent,1996,83,,,,2023,"",retrospective (2023 Appendix II),"",0,"",pre_rule,pre_rule,primary,https://www.tidesport.org/_files/ugd/326b62_f8ae68d67f744fdbba5962c84b43f3bf.pdf,"PDF p. 56; Appendix II, Table 7a (General Manager | Race)"
general_managers,white,percent,1997,87,,,,2023,"",retrospective (2023 Appendix II),"",0,"",pre_rule,pre_rule,primary,https://www.tidesport.org/_files/ugd/326b62_f8ae68d67f744fdbba5962c84b43f3bf.pdf,"PDF p. 56; Appendix II, Table 7a (General Manager | Race)"
general_managers,white,percent,1998,87,,,,2023,"",retrospective (2023 Appendix II),"",0,"",pre_rule,pre_rule,primary,https://www.tidesport.org/_files/ugd/326b62_f8ae68d67f744fdbba5962c84b43f3bf.pdf,"PDF p. 56; Appendix II, Table 7a (General Manager | Race)"
general_managers,white,percent,1999,87,,,,2023,"",retrospective (2023 Appendix II),appendix 1999/2000 season labels unreliable (README),0,"",pre_rule,pre_rule,primary,https://www.tidesport.org/_files/ugd/326b62_f8ae68d67f744fdbba5962c84b43f3bf.pdf,"PDF p. 56; Appendix II, Table 7a (General Manager | Race)"
general_managers,white,percent,2000,87,,,,2001,"",contemporaneous report,"",0,"",pre_rule,pre_rule,primary,https://www.tidesport.org/_files/ugd/7d86e5_fff5f25555de4e0087a8078790afe2fc.pdf,PDF p. 36; General Manager/Principal in Charge
general_managers,white,percent,2001,94,,,,2003,"",contemporaneous report,"",1,94 (2023),pre_rule,pre_rule,primary,https://www.tidesport.org/_files/ugd/7d86e5_2b6a39fc09ce4fdfa47bbae7b94458de.pdf,PDF p. 37; General Manager/Principal in Charge
general_managers,white,percent,2003,94,,,,2004,"",contemporaneous report,"",1,94 (2023),rule_2003,rule_2003,primary,https://www.tidesport.org/_files/ugd/7d86e5_d4e81d551510470ab133adcdff26c44e.pdf,PDF p. 7; General Manager/Principal-in-Charge
general_managers,white,percent,2005,87,,,,2023,"",retrospective (2023 Appendix II),"",0,"",rule_2003,rule_2003,primary,https://www.tidesport.org/_files/ugd/326b62_f8ae68d67f744fdbba5962c84b43f3bf.pdf,"PDF p. 56; Appendix II, Table 7a (General Manager | Race)"
general_managers,white,percent,2006,87,,,,2023,"",retrospective (2023 Appendix II),"",0,"",rule_2003,rule_2003,primary,https://www.tidesport.org/_files/ugd/326b62_f8ae68d67f744fdbba5962c84b43f3bf.pdf,"PDF p. 56; Appendix II, Table 7a (General Manager | Race)"
general_managers,white,percent,2007,84,,,,2023,"",retrospective (2023 Appendix II),"",0,"",rule_2003,rule_2003,primary,https://www.tidesport.org/_files/ugd/326b62_f8ae68d67f744fdbba5962c84b43f3bf.pdf,"PDF p. 56; Appendix II, Table 7a (General Manager | Race)"
general_managers,white,percent,2008,83,,,,2023,"",retrospective (2023 Appendix II),"",0,"",rule_2003,rule_2003,primary,https://www.tidesport.org/_files/ugd/326b62_f8ae68d67f744fdbba5962c84b43f3bf.pdf,"PDF p. 56; Appendix II, Table 7a (General Manager | Race)"
general_managers,white,percent,2009,84,,,,2023,"",retrospective (2023 Appendix II),"",0,"",rule_2003,rule_2003,primary,https://www.tidesport.org/_files/ugd/326b62_f8ae68d67f744fdbba5962c84b43f3bf.pdf,"PDF p. 56; Appendix II, Table 7a (General Manager | Race)"
general_managers,white,percent,2010,83,,,,2023,"",retrospective (2023 Appendix II),"",0,"",rule_2003,rule_2003,primary,https://www.tidesport.org/_files/ugd/326b62_f8ae68d67f744fdbba5962c84b43f3bf.pdf,"PDF p. 56; Appendix II, Table 7a (General Manager | Race)"
general_managers,white,percent,2011,84,,,,2023,"",retrospective (2023 Appendix II),"",0,"",rule_2003,rule_2003,primary,https://www.tidesport.org/_files/ugd/326b62_f8ae68d67f744fdbba5962c84b43f3bf.pdf,"PDF p. 56; Appendix II, Table 7a (General Manager | Race)"
general_managers,white,percent,2012,81,,,,2023,"",retrospective (2023 Appendix II),"",0,"",rule_2003,rule_2003,primary,https://www.tidesport.org/_files/ugd/326b62_f8ae68d67f744fdbba5962c84b43f3bf.pdf,"PDF p. 56; Appendix II, Table 7a (General Manager | Race)"
general_managers,white,percent,2013,81,,,,2023,"",retrospective (2023 Appendix II),"",0,"",rule_2003,rule_2003,primary,https://www.tidesport.org/_files/ugd/326b62_f8ae68d67f744fdbba5962c84b43f3bf.pdf,"PDF p. 56; Appendix II, Table 7a (General Manager | Race)"
general_managers,white,percent,2014,75.9,,,,2023,"",retrospective (2023 Appendix II),"",0,"",rule_2003,rule_2003,primary,https://www.tidesport.org/_files/ugd/326b62_f8ae68d67f744fdbba5962c84b43f3bf.pdf,"PDF p. 56; Appendix II, Table 7a (General Manager | Race)"
general_managers,white,percent,2015,78.1,,,,2023,"",retrospective (2023 Appendix II),"",0,"",rule_2003,rule_2003,primary,https://www.tidesport.org/_files/ugd/326b62_f8ae68d67f744fdbba5962c84b43f3bf.pdf,"PDF p. 56; Appendix II, Table 7a (General Manager | Race)"
general_managers,white,percent,2016,84.4,,,,2023,"",retrospective (2023 Appendix II),"",0,"",rule_2003,rule_2003,primary,https://www.tidesport.org/_files/ugd/326b62_f8ae68d67f744fdbba5962c84b43f3bf.pdf,"PDF p. 56; Appendix II, Table 7a (General Manager | Race)"
general_managers,white,percent,2017,81.2,,,,2023,"",retrospective (2023 Appendix II),"",0,"",rule_2003,rule_2003,primary,https://www.tidesport.org/_files/ugd/326b62_f8ae68d67f744fdbba5962c84b43f3bf.pdf,"PDF p. 56; Appendix II, Table 7a (General Manager | Race)"
general_managers,white,percent,2018,87.5,,,,2023,"",retrospective (2023 Appendix II),"",0,"",rule_2003,rule_2003,primary,https://www.tidesport.org/_files/ugd/326b62_f8ae68d67f744fdbba5962c84b43f3bf.pdf,"PDF p. 56; Appendix II, Table 7a (General Manager | Race)"
general_managers,white,percent,2019,93.8,,,,2023,"",retrospective (2023 Appendix II),"",0,"",rule_2003,rule_2003,primary,https://www.tidesport.org/_files/ugd/326b62_f8ae68d67f744fdbba5962c84b43f3bf.pdf,"PDF p. 56; Appendix II, Table 7a (General Manager | Race)"
general_managers,white,percent,2020,93.6,,,,2023,"",retrospective (2023 Appendix II),"",0,"",rule_2003,rule_2003,primary,https://www.tidesport.org/_files/ugd/326b62_f8ae68d67f744fdbba5962c84b43f3bf.pdf,"PDF p. 56; Appendix II, Table 7a (General Manager | Race)"
general_managers,white,percent,2021,84.4,,,,2023,"",retrospective (2023 Appendix II),"",0,"",amend_2020,post_2021,primary,https://www.tidesport.org/_files/ugd/326b62_f8ae68d67f744fdbba5962c84b43f3bf.pdf,"PDF p. 56; Appendix II, Table 7a (General Manager | Race)"
general_managers,white,percent,2022,71.9,,,,2023,"",retrospective (2023 Appendix II),"",0,"",amend_2022,post_2021,primary,https://www.tidesport.org/_files/ugd/326b62_f8ae68d67f744fdbba5962c84b43f3bf.pdf,"PDF p. 56; Appendix II, Table 7a (General Manager | Race)"
general_managers,white,percent,2023,70,,,,2023,"",retrospective (2023 Appendix II),"",0,"",amend_2022,post_2021,primary,https://www.tidesport.org/_files/ugd/326b62_f8ae68d67f744fdbba5962c84b43f3bf.pdf,"PDF p. 56; Appendix II, Table 7a (General Manager | Race)"
head_coaches,black,count,2000,2,,6.45161290322581,31,2001,"",contemporaneous report,"",0,"",pre_rule,pre_rule,primary,https://www.tidesport.org/_files/ugd/7d86e5_fff5f25555de4e0087a8078790afe2fc.pdf,PDF p. 28; Head Coaches
head_coaches,black,count,2001,3,,9.67741935483871,31,2001,2001-07-01,contemporaneous report,"",1,2 (2003),pre_rule,pre_rule,primary,https://www.tidesport.org/_files/ugd/7d86e5_fff5f25555de4e0087a8078790afe2fc.pdf,"PDF p. 9,27; Head Coaching and Baseball Managing Positions"
head_coaches,black,count,2002,2,,6.25,32,2003,end of 2002 season,contemporaneous report,"",0,"",pre_rule,pre_rule,primary,https://www.tidesport.org/_files/ugd/7d86e5_2b6a39fc09ce4fdfa47bbae7b94458de.pdf,PDF p. 27; Head Coaches
head_coaches,black,count,2003,3,,9.375,32,2004,"",contemporaneous report,"",0,"",rule_2003,rule_2003,primary,https://www.tidesport.org/_files/ugd/7d86e5_d4e81d551510470ab133adcdff26c44e.pdf,PDF p. 5; Head Coaches
head_coaches,black,count,2004,3,,9.375,32,2005,"",contemporaneous report,"",0,"",rule_2003,rule_2003,primary,https://www.tidesport.org/_files/ugd/7d86e5_9548089523184f6c8577f07fe91f5397.pdf,PDF p. 3; Report Highlights
head_coaches,black,count,2005,6,,18.75,32,2005,"",contemporaneous report,"",1,6 (2004),rule_2003,rule_2003,primary,https://www.tidesport.org/_files/ugd/7d86e5_9548089523184f6c8577f07fe91f5397.pdf,PDF p. 3; Report Highlights
head_coaches,black,count,2006,7,,21.875,32,2006,"",contemporaneous report,"",1,7 (2005),rule_2003,rule_2003,primary,https://www.tidesport.org/_files/ugd/7d86e5_7232193e48f64e90af2cdf09e65a8a94.pdf,PDF p. 5; Head Coaches
head_coaches,black,count,2007,6,,18.75,32,2006,2007-08-25,contemporaneous report,"",1,6 (2008),rule_2003,rule_2003,primary,https://www.tidesport.org/_files/ugd/7d86e5_7232193e48f64e90af2cdf09e65a8a94.pdf,PDF p. 6; Head Coaches
head_coaches,black,count,2008,6,,18.75,32,2008,2008-08-25,contemporaneous report,"",0,"",rule_2003,rule_2003,primary,https://www.tidesport.org/_files/ugd/7d86e5_6b3e09108aba4deb891cfbc7cac66b02.pdf,"PDF p. 3,6; Head Coaches"
head_coaches,black,count,2009,6,,18.75,32,2009,2009-08-01,contemporaneous report,"",0,"",rule_2003,rule_2003,primary,https://www.tidesport.org/_files/ugd/7d86e5_45094cb7ae7544be9b7babc6cc0a63ed.pdf,PDF p. 7; Head Coaches
head_coaches,black,count,2010,6,,18.75,32,2010,2010-08-01,contemporaneous report,"",0,"",rule_2003,rule_2003,primary,https://www.tidesport.org/_files/ugd/7d86e5_bdd6b1a988ef46d08cc23d64293b611c.pdf,PDF p. 6; Head Coaches
head_coaches,black,count,2011,7,,21.875,32,2011,2011-09-01,contemporaneous report,"",0,"",rule_2003,rule_2003,primary,https://www.tidesport.org/_files/ugd/7d86e5_a8bf63c80f4947118f37f73d32f40737.pdf,PDF p. 8; Head Coaches
head_coaches,black,count,2012,5,,15.625,32,2012,2012-09-01,contemporaneous report,"",0,"",rule_2003,rule_2003,primary,https://www.tidesport.org/_files/ugd/7d86e5_888d1dd1047441cca0b8a9e300dc1f94.pdf,PDF p. 6; Head Coaches
head_coaches,black,count,2013,3,,9.375,32,2013,2013-09-01,contemporaneous report,"",0,"",rule_2003,rule_2003,primary,https://www.tidesport.org/_files/ugd/7d86e5_cdc71c7a4cf540118817b7fce8f040db.pdf,PDF p. 7; Head Coaches
head_coaches,black,count,2014,4,,12.5,32,2014,2014-07-29,contemporaneous report,"",0,"",rule_2003,rule_2003,primary,https://www.tidesport.org/_files/ugd/7d86e5_72d723866ba848a3886212e393822840.pdf,PDF p. 7; Head Coaches
head_coaches,black,count,2015,5,,15.625,32,2015,2015-08-21,contemporaneous report,"",0,"",rule_2003,rule_2003,primary,https://www.tidesport.org/_files/ugd/a4ad0c_96113214204e492b986abb8549e85ce2.pdf,PDF p. 7; Head Coaches
head_coaches,black,count,2016,5,,15.625,32,2016,2016-08,contemporaneous report,"",0,"",rule_2003,rule_2003,primary,https://www.tidesport.org/_files/ugd/a4ad0c_83cebda86fed4f8a820adcb3af3d71d8.pdf,PDF p. 8; Head Coaches
head_coaches,black,count,2017,7,,21.875,32,2017,2017-09,contemporaneous report,"",0,"",rule_2003,rule_2003,primary,https://www.tidesport.org/_files/ugd/a4ad0c_f71f36ac32b04656859ea5618ee957cc.pdf,PDF p. 8; Head Coaches
head_coaches,black,count,2018,7,,21.875,32,2018,2018-12,contemporaneous report,as-of date late in the season,0,"",rule_2003,rule_2003,primary,https://www.tidesport.org/_files/ugd/7d86e5_4a7afdf9bf414bffa46b3a099bf8c9f5.pdf,PDF p. 14; Head Coaches
head_coaches,black,count,2019,3,,9.375,32,2019,2019-09,contemporaneous report,"",0,"",rule_2003,rule_2003,primary,https://www.tidesport.org/_files/ugd/7d86e5_5af5faf45ba7443da733f900f54638b4.pdf,PDF p. 11; Head Coaches
head_coaches,black,count,2024,6,,18.75,32,2024,2024-01-26,"secondary (AP), not TIDES","",0,"",amend_2022,post_2021,secondary,https://www.foxsports.com/stories/nfl/nfl-reaches-major-milestone-with-record-nine-minority-head-coaches-in-2024,News article (AP)
head_coaches,black,percent,1992,7,,,,2023,"",retrospective (2023 Appendix II),"",0,"",pre_rule,pre_rule,primary,https://www.tidesport.org/_files/ugd/326b62_f8ae68d67f744fdbba5962c84b43f3bf.pdf,"PDF p. 48; Appendix II, Table 2 (Head Coaches)"
head_coaches,black,percent,1993,7,,,,2023,"",retrospective (2023 Appendix II),"",0,"",pre_rule,pre_rule,primary,https://www.tidesport.org/_files/ugd/326b62_f8ae68d67f744fdbba5962c84b43f3bf.pdf,"PDF p. 48; Appendix II, Table 2 (Head Coaches)"
head_coaches,black,percent,1994,7,,,,2023,"",retrospective (2023 Appendix II),"",0,"",pre_rule,pre_rule,primary,https://www.tidesport.org/_files/ugd/326b62_f8ae68d67f744fdbba5962c84b43f3bf.pdf,"PDF p. 48; Appendix II, Table 2 (Head Coaches)"
head_coaches,black,percent,1995,10,,,,2023,"",retrospective (2023 Appendix II),"",0,"",pre_rule,pre_rule,primary,https://www.tidesport.org/_files/ugd/326b62_f8ae68d67f744fdbba5962c84b43f3bf.pdf,"PDF p. 48; Appendix II, Table 2 (Head Coaches)"
head_coaches,black,percent,1997,10,,,,2023,"",retrospective (2023 Appendix II),"",0,"",pre_rule,pre_rule,primary,https://www.tidesport.org/_files/ugd/326b62_f8ae68d67f744fdbba5962c84b43f3bf.pdf,"PDF p. 48; Appendix II, Table 2 (Head Coaches)"
head_coaches,black,percent,1999,6,,,,2023,"",retrospective (2023 Appendix II),appendix 1999/2000 season labels unreliable (README),0,"",pre_rule,pre_rule,primary,https://www.tidesport.org/_files/ugd/326b62_f8ae68d67f744fdbba5962c84b43f3bf.pdf,"PDF p. 48; Appendix II, Table 2 (Head Coaches)"
head_coaches,black,percent,2000,6,,,,2001,"",contemporaneous report,"",1,10 (2023),pre_rule,pre_rule,primary,https://www.tidesport.org/_files/ugd/7d86e5_fff5f25555de4e0087a8078790afe2fc.pdf,PDF p. 28; Head Coaches
head_coaches,black,percent,2001,10,,,,2001,2001-07-01,contemporaneous report,"",2,6 (2003); 6 (2023),pre_rule,pre_rule,primary,https://www.tidesport.org/_files/ugd/7d86e5_fff5f25555de4e0087a8078790afe2fc.pdf,"PDF p. 9,27; Head Coaching and Baseball Managing Positions"
head_coaches,black,percent,2002,6,,,,2003,end of 2002 season,contemporaneous report,"",0,"",pre_rule,pre_rule,primary,https://www.tidesport.org/_files/ugd/7d86e5_2b6a39fc09ce4fdfa47bbae7b94458de.pdf,PDF p. 27; Head Coaches
head_coaches,black,percent,2003,9,,,,2004,"",contemporaneous report,"",1,9 (2023),rule_2003,rule_2003,primary,https://www.tidesport.org/_files/ugd/7d86e5_d4e81d551510470ab133adcdff26c44e.pdf,PDF p. 5; Head Coaches
head_coaches,black,percent,2004,16,,,,2004,before start of 2004 season,contemporaneous report,"",0,"",rule_2003,rule_2003,primary,https://www.tidesport.org/_files/ugd/7d86e5_d4e81d551510470ab133adcdff26c44e.pdf,PDF p. 6; Head Coaches
head_coaches,black,percent,2005,18.8,,,,2023,"",retrospective (2023 Appendix II),"",0,"",rule_2003,rule_2003,primary,https://www.tidesport.org/_files/ugd/326b62_f8ae68d67f744fdbba5962c84b43f3bf.pdf,"PDF p. 48; Appendix II, Table 2 (Head Coaches)"
head_coaches,black,percent,2006,22,,,,2023,"",retrospective (2023 Appendix II),"",0,"",rule_2003,rule_2003,primary,https://www.tidesport.org/_files/ugd/326b62_f8ae68d67f744fdbba5962c84b43f3bf.pdf,"PDF p. 48; Appendix II, Table 2 (Head Coaches)"
head_coaches,black,percent,2007,19,,,,2023,"",retrospective (2023 Appendix II),"",0,"",rule_2003,rule_2003,primary,https://www.tidesport.org/_files/ugd/326b62_f8ae68d67f744fdbba5962c84b43f3bf.pdf,"PDF p. 48; Appendix II, Table 2 (Head Coaches)"
head_coaches,black,percent,2008,19,,,,2023,"",retrospective (2023 Appendix II),"",0,"",rule_2003,rule_2003,primary,https://www.tidesport.org/_files/ugd/326b62_f8ae68d67f744fdbba5962c84b43f3bf.pdf,"PDF p. 48; Appendix II, Table 2 (Head Coaches)"
head_coaches,black,percent,2009,19,,,,2023,"",retrospective (2023 Appendix II),"",0,"",rule_2003,rule_2003,primary,https://www.tidesport.org/_files/ugd/326b62_f8ae68d67f744fdbba5962c84b43f3bf.pdf,"PDF p. 48; Appendix II, Table 2 (Head Coaches)"
head_coaches,black,percent,2010,19,,,,2023,"",retrospective (2023 Appendix II),"",0,"",rule_2003,rule_2003,primary,https://www.tidesport.org/_files/ugd/326b62_f8ae68d67f744fdbba5962c84b43f3bf.pdf,"PDF p. 48; Appendix II, Table 2 (Head Coaches)"
head_coaches,black,percent,2011,22,,,,2023,"",retrospective (2023 Appendix II),"",0,"",rule_2003,rule_2003,primary,https://www.tidesport.org/_files/ugd/326b62_f8ae68d67f744fdbba5962c84b43f3bf.pdf,"PDF p. 48; Appendix II, Table 2 (Head Coaches)"
head_coaches,black,percent,2012,16,,,,2023,"",retrospective (2023 Appendix II),"",0,"",rule_2003,rule_2003,primary,https://www.tidesport.org/_files/ugd/326b62_f8ae68d67f744fdbba5962c84b43f3bf.pdf,"PDF p. 48; Appendix II, Table 2 (Head Coaches)"
head_coaches,black,percent,2013,9,,,,2023,"",retrospective (2023 Appendix II),"",0,"",rule_2003,rule_2003,primary,https://www.tidesport.org/_files/ugd/326b62_f8ae68d67f744fdbba5962c84b43f3bf.pdf,"PDF p. 48; Appendix II, Table 2 (Head Coaches)"
head_coaches,black,percent,2014,12.5,,,,2023,"",retrospective (2023 Appendix II),"",0,"",rule_2003,rule_2003,primary,https://www.tidesport.org/_files/ugd/326b62_f8ae68d67f744fdbba5962c84b43f3bf.pdf,"PDF p. 48; Appendix II, Table 2 (Head Coaches)"
head_coaches,black,percent,2015,15.6,,,,2023,"",retrospective (2023 Appendix II),"",0,"",rule_2003,rule_2003,primary,https://www.tidesport.org/_files/ugd/326b62_f8ae68d67f744fdbba5962c84b43f3bf.pdf,"PDF p. 48; Appendix II, Table 2 (Head Coaches)"
head_coaches,black,percent,2016,15.6,,,,2023,"",retrospective (2023 Appendix II),"",0,"",rule_2003,rule_2003,primary,https://www.tidesport.org/_files/ugd/326b62_f8ae68d67f744fdbba5962c84b43f3bf.pdf,"PDF p. 48; Appendix II, Table 2 (Head Coaches)"
head_coaches,black,percent,2017,21.9,,,,2023,"",retrospective (2023 Appendix II),"",0,"",rule_2003,rule_2003,primary,https://www.tidesport.org/_files/ugd/326b62_f8ae68d67f744fdbba5962c84b43f3bf.pdf,"PDF p. 48; Appendix II, Table 2 (Head Coaches)"
head_coaches,black,percent,2018,21.9,,,,2019,"",contemporaneous report,"",1,21.9 (2023),rule_2003,rule_2003,primary,https://www.tidesport.org/_files/ugd/7d86e5_5af5faf45ba7443da733f900f54638b4.pdf,PDF p. 11; Head Coaches
head_coaches,black,percent,2019,9.4,,,,2019,2019-09,contemporaneous report,"",0,"",rule_2003,rule_2003,primary,https://www.tidesport.org/_files/ugd/7d86e5_5af5faf45ba7443da733f900f54638b4.pdf,PDF p. 11; Head Coaches
head_coaches,black,percent,2020,9.4,,,,2020,2020-09,contemporaneous report,"",1,9.4 (2023),rule_2003,rule_2003,primary,https://www.tidesport.org/_files/ugd/138a69_8715a573a51742ce95dddeb0461cfc82.pdf,PDF p. 10; Head Coaches
head_coaches,black,percent,2021,9.4,,,,2021,2021-09,contemporaneous report,"",1,9.4 (2023),amend_2020,post_2021,primary,https://www.tidesport.org/_files/ugd/326b62_5afc0093dedf4b53bdba964fa0c1eb0c.pdf,PDF p. 11; Head Coaches
head_coaches,black,percent,2022,9.4,,,,2022,2022-08,contemporaneous report,"",1,9.4 (2023),amend_2022,post_2021,primary,https://www.tidesport.org/_files/ugd/ac4087_d74e4aa674334087b6c4506f6d353a48.pdf,PDF p. 11; Head Coaches
head_coaches,black,percent,2023,9.4,,,,2023,2023-08,contemporaneous report,"",1,9.4 (2023),amend_2022,post_2021,primary,https://www.tidesport.org/_files/ugd/326b62_f8ae68d67f744fdbba5962c84b43f3bf.pdf,PDF p. 10; Head Coaches
head_coaches,latino,count,2011,1,,3.125,32,2011,2011-09-01,contemporaneous report,"",0,"",rule_2003,rule_2003,primary,https://www.tidesport.org/_files/ugd/7d86e5_a8bf63c80f4947118f37f73d32f40737.pdf,PDF p. 8; Head Coaches
head_coaches,latino,percent,1992,4,,,,2023,"",retrospective (2023 Appendix II),"",0,"",pre_rule,pre_rule,primary,https://www.tidesport.org/_files/ugd/326b62_f8ae68d67f744fdbba5962c84b43f3bf.pdf,"PDF p. 48; Appendix II, Table 2 (Head Coaches)"
head_coaches,latino,percent,1993,4,,,,2023,"",retrospective (2023 Appendix II),"",0,"",pre_rule,pre_rule,primary,https://www.tidesport.org/_files/ugd/326b62_f8ae68d67f744fdbba5962c84b43f3bf.pdf,"PDF p. 48; Appendix II, Table 2 (Head Coaches)"
head_coaches,latino,percent,1995,3,,,,2023,"",retrospective (2023 Appendix II),"",0,"",pre_rule,pre_rule,primary,https://www.tidesport.org/_files/ugd/326b62_f8ae68d67f744fdbba5962c84b43f3bf.pdf,"PDF p. 48; Appendix II, Table 2 (Head Coaches)"
head_coaches,latino,percent,2011,3,,,,2023,"",retrospective (2023 Appendix II),"",0,"",rule_2003,rule_2003,primary,https://www.tidesport.org/_files/ugd/326b62_f8ae68d67f744fdbba5962c84b43f3bf.pdf,"PDF p. 48; Appendix II, Table 2 (Head Coaches)"
head_coaches,latino,percent,2012,3,,,,2023,"",retrospective (2023 Appendix II),"",0,"",rule_2003,rule_2003,primary,https://www.tidesport.org/_files/ugd/326b62_f8ae68d67f744fdbba5962c84b43f3bf.pdf,"PDF p. 48; Appendix II, Table 2 (Head Coaches)"
head_coaches,latino,percent,2013,3,,,,2023,"",retrospective (2023 Appendix II),"",0,"",rule_2003,rule_2003,primary,https://www.tidesport.org/_files/ugd/326b62_f8ae68d67f744fdbba5962c84b43f3bf.pdf,"PDF p. 48; Appendix II, Table 2 (Head Coaches)"
head_coaches,latino,percent,2014,3.1,,,,2023,"",retrospective (2023 Appendix II),"",0,"",rule_2003,rule_2003,primary,https://www.tidesport.org/_files/ugd/326b62_f8ae68d67f744fdbba5962c84b43f3bf.pdf,"PDF p. 48; Appendix II, Table 2 (Head Coaches)"
head_coaches,latino,percent,2015,3.1,,,,2023,"",retrospective (2023 Appendix II),"",0,"",rule_2003,rule_2003,primary,https://www.tidesport.org/_files/ugd/326b62_f8ae68d67f744fdbba5962c84b43f3bf.pdf,"PDF p. 48; Appendix II, Table 2 (Head Coaches)"
head_coaches,latino,percent,2016,3.1,,,,2023,"",retrospective (2023 Appendix II),"",0,"",rule_2003,rule_2003,primary,https://www.tidesport.org/_files/ugd/326b62_f8ae68d67f744fdbba5962c84b43f3bf.pdf,"PDF p. 48; Appendix II, Table 2 (Head Coaches)"
head_coaches,latino,percent,2017,3.1,,,,2023,"",retrospective (2023 Appendix II),"",0,"",rule_2003,rule_2003,primary,https://www.tidesport.org/_files/ugd/326b62_f8ae68d67f744fdbba5962c84b43f3bf.pdf,"PDF p. 48; Appendix II, Table 2 (Head Coaches)"
head_coaches,latino,percent,2018,3.1,,,,2023,"",retrospective (2023 Appendix II),"",0,"",rule_2003,rule_2003,primary,https://www.tidesport.org/_files/ugd/326b62_f8ae68d67f744fdbba5962c84b43f3bf.pdf,"PDF p. 48; Appendix II, Table 2 (Head Coaches)"
head_coaches,latino,percent,2019,3.1,,,,2023,"",retrospective (2023 Appendix II),"",0,"",rule_2003,rule_2003,primary,https://www.tidesport.org/_files/ugd/326b62_f8ae68d67f744fdbba5962c84b43f3bf.pdf,"PDF p. 48; Appendix II, Table 2 (Head Coaches)"
head_coaches,latino,percent,2020,3.1,,,,2023,"",retrospective (2023 Appendix II),"",0,"",rule_2003,rule_2003,primary,https://www.tidesport.org/_files/ugd/326b62_f8ae68d67f744fdbba5962c84b43f3bf.pdf,"PDF p. 48; Appendix II, Table 2 (Head Coaches)"
head_coaches,latino,percent,2021,3.1,,,,2023,"",retrospective (2023 Appendix II),"",0,"",amend_2020,post_2021,primary,https://www.tidesport.org/_files/ugd/326b62_f8ae68d67f744fdbba5962c84b43f3bf.pdf,"PDF p. 48; Appendix II, Table 2 (Head Coaches)"
head_coaches,latino,percent,2022,6.3,,,,2023,"",retrospective (2023 Appendix II),"",0,"",amend_2022,post_2021,primary,https://www.tidesport.org/_files/ugd/326b62_f8ae68d67f744fdbba5962c84b43f3bf.pdf,"PDF p. 48; Appendix II, Table 2 (Head Coaches)"
head_coaches,latino,percent,2023,3.1,,,,2023,"",retrospective (2023 Appendix II),"",0,"",amend_2022,post_2021,primary,https://www.tidesport.org/_files/ugd/326b62_f8ae68d67f744fdbba5962c84b43f3bf.pdf,"PDF p. 48; Appendix II, Table 2 (Head Coaches)"
head_coaches,not_disclosed,percent,2023,3.1,,,,2023,"",retrospective (2023 Appendix II),"",0,"",amend_2022,post_2021,primary,https://www.tidesport.org/_files/ugd/326b62_f8ae68d67f744fdbba5962c84b43f3bf.pdf,"PDF p. 48; Appendix II, Table 2 (Head Coaches)"
head_coaches,people_of_color,count,2011,8,,25,32,2011,2011-09-01,contemporaneous report,"",0,"",rule_2003,rule_2003,primary,https://www.tidesport.org/_files/ugd/7d86e5_a8bf63c80f4947118f37f73d32f40737.pdf,"PDF p. 3,8; Head Coaches"
head_coaches,people_of_color,count,2012,6,,18.75,32,2012,2012-09-01,contemporaneous report,"",1,6 (2013),rule_2003,rule_2003,primary,https://www.tidesport.org/_files/ugd/7d86e5_888d1dd1047441cca0b8a9e300dc1f94.pdf,PDF p. 6; Head Coaches
head_coaches,people_of_color,count,2013,4,,12.5,32,2013,2013-09-01,contemporaneous report,"",0,"",rule_2003,rule_2003,primary,https://www.tidesport.org/_files/ugd/7d86e5_cdc71c7a4cf540118817b7fce8f040db.pdf,PDF p. 6; Head Coaches
head_coaches,people_of_color,count,2014,5,,15.625,32,2014,2014-07-29,contemporaneous report,"",0,"",rule_2003,rule_2003,primary,https://www.tidesport.org/_files/ugd/7d86e5_72d723866ba848a3886212e393822840.pdf,PDF p. 2; Executive Summary
head_coaches,people_of_color,count,2015,6,,18.75,32,2015,2015-08-21,contemporaneous report,"",1,6 (2016),rule_2003,rule_2003,primary,https://www.tidesport.org/_files/ugd/a4ad0c_96113214204e492b986abb8549e85ce2.pdf,"PDF p. 2,7; Head Coaches"
head_coaches,people_of_color,count,2016,6,,18.75,32,2016,2016-08,contemporaneous report,"",0,"",rule_2003,rule_2003,primary,https://www.tidesport.org/_files/ugd/a4ad0c_83cebda86fed4f8a820adcb3af3d71d8.pdf,PDF p. 8; Head Coaches
head_coaches,people_of_color,count,2017,8,,25,32,2017,2017-09,contemporaneous report,"",0,"",rule_2003,rule_2003,primary,https://www.tidesport.org/_files/ugd/a4ad0c_f71f36ac32b04656859ea5618ee957cc.pdf,PDF p. 8; Head Coaches
head_coaches,people_of_color,count,2018,8,,25,32,2018,2018-12,contemporaneous report,as-of date late in the season,0,"",rule_2003,rule_2003,primary,https://www.tidesport.org/_files/ugd/7d86e5_4a7afdf9bf414bffa46b3a099bf8c9f5.pdf,PDF p. 14; Head Coaches
head_coaches,people_of_color,count,2019,4,,12.5,32,2019,2019-09,contemporaneous report,"",0,"",rule_2003,rule_2003,primary,https://www.tidesport.org/_files/ugd/7d86e5_5af5faf45ba7443da733f900f54638b4.pdf,PDF p. 11; Head Coaches
head_coaches,people_of_color,count,2020,4,,12.5,32,2020,2020-09,contemporaneous report,"",0,"",rule_2003,rule_2003,primary,https://www.tidesport.org/_files/ugd/138a69_8715a573a51742ce95dddeb0461cfc82.pdf,PDF p. 10; Head Coaches
head_coaches,people_of_color,count,2021,5,,15.625,32,2021,2021-09,contemporaneous report,"",0,"",amend_2020,post_2021,primary,https://www.tidesport.org/_files/ugd/326b62_5afc0093dedf4b53bdba964fa0c1eb0c.pdf,PDF p. 11; Head Coaches
head_coaches,people_of_color,count,2022,6,,18.75,32,2022,2022-08,contemporaneous report,"",0,"",amend_2022,post_2021,primary,https://www.tidesport.org/_files/ugd/ac4087_d74e4aa674334087b6c4506f6d353a48.pdf,PDF p. 11; Head Coaches
head_coaches,people_of_color,count,2023,6,,18.75,32,2023,2023-08,contemporaneous report,"",0,"",amend_2022,post_2021,primary,https://www.tidesport.org/_files/ugd/326b62_f8ae68d67f744fdbba5962c84b43f3bf.pdf,PDF p. 10; Head Coaches
head_coaches,people_of_color,count,2024,9,,28.125,32,2024,2024-01-26,"secondary (AP), not TIDES","",0,"",amend_2022,post_2021,secondary,https://www.foxsports.com/stories/nfl/nfl-reaches-major-milestone-with-record-nine-minority-head-coaches-in-2024,News article (AP)
head_coaches,people_of_color,percent,2018,25,,,,2019,"",contemporaneous report,"",0,"",rule_2003,rule_2003,primary,https://www.tidesport.org/_files/ugd/7d86e5_5af5faf45ba7443da733f900f54638b4.pdf,PDF p. 11; Head Coaches
head_coaches,people_of_color,percent,2019,12.5,,,,2019,2019-09,contemporaneous report,"",0,"",rule_2003,rule_2003,primary,https://www.tidesport.org/_files/ugd/7d86e5_5af5faf45ba7443da733f900f54638b4.pdf,PDF p. 11; Head Coaches
head_coaches,people_of_color,percent,2020,12.5,,,,2020,2020-09,contemporaneous report,"",0,"",rule_2003,rule_2003,primary,https://www.tidesport.org/_files/ugd/138a69_8715a573a51742ce95dddeb0461cfc82.pdf,PDF p. 10; Head Coaches
head_coaches,people_of_color,percent,2021,15.6,,,,2021,2021-09,contemporaneous report,"",0,"",amend_2020,post_2021,primary,https://www.tidesport.org/_files/ugd/326b62_5afc0093dedf4b53bdba964fa0c1eb0c.pdf,PDF p. 11; Head Coaches
head_coaches,people_of_color,percent,2022,18.8,,,,2022,2022-08,contemporaneous report,"",1,21.9 (2022),amend_2022,post_2021,primary,https://www.tidesport.org/_files/ugd/ac4087_d74e4aa674334087b6c4506f6d353a48.pdf,PDF p. 11; Head Coaches
head_coaches,people_of_color,percent,2023,18.8,,,,2023,2023-08,contemporaneous report,"",1,21.9 (2023),amend_2022,post_2021,primary,https://www.tidesport.org/_files/ugd/326b62_f8ae68d67f744fdbba5962c84b43f3bf.pdf,PDF p. 10; Head Coaches
head_coaches,two_or_more_races,percent,2021,3.1,,,,2023,"",retrospective (2023 Appendix II),"",0,"",amend_2020,post_2021,primary,https://www.tidesport.org/_files/ugd/326b62_f8ae68d67f744fdbba5962c84b43f3bf.pdf,"PDF p. 48; Appendix II, Table 2 (Head Coaches)"
head_coaches,two_or_more_races,percent,2022,3.1,,,,2023,"",retrospective (2023 Appendix II),"",0,"",amend_2022,post_2021,primary,https://www.tidesport.org/_files/ugd/326b62_f8ae68d67f744fdbba5962c84b43f3bf.pdf,"PDF p. 48; Appendix II, Table 2 (Head Coaches)"
head_coaches,two_or_more_races,percent,2023,6.3,,,,2023,"",retrospective (2023 Appendix II),"",0,"",amend_2022,post_2021,primary,https://www.tidesport.org/_files/ugd/326b62_f8ae68d67f744fdbba5962c84b43f3bf.pdf,"PDF p. 48; Appendix II, Table 2 (Head Coaches)"
head_coaches,white,percent,1992,89,,,,2023,"",retrospective (2023 Appendix II),"",0,"",pre_rule,pre_rule,primary,https://www.tidesport.org/_files/ugd/326b62_f8ae68d67f744fdbba5962c84b43f3bf.pdf,"PDF p. 48; Appendix II, Table 2 (Head Coaches)"
head_coaches,white,percent,1993,89,,,,2023,"",retrospective (2023 Appendix II),"",0,"",pre_rule,pre_rule,primary,https://www.tidesport.org/_files/ugd/326b62_f8ae68d67f744fdbba5962c84b43f3bf.pdf,"PDF p. 48; Appendix II, Table 2 (Head Coaches)"
head_coaches,white,percent,1994,93,,,,2023,"",retrospective (2023 Appendix II),"",0,"",pre_rule,pre_rule,primary,https://www.tidesport.org/_files/ugd/326b62_f8ae68d67f744fdbba5962c84b43f3bf.pdf,"PDF p. 48; Appendix II, Table 2 (Head Coaches)"
head_coaches,white,percent,1995,90,,,,2023,"",retrospective (2023 Appendix II),"",0,"",pre_rule,pre_rule,primary,https://www.tidesport.org/_files/ugd/326b62_f8ae68d67f744fdbba5962c84b43f3bf.pdf,"PDF p. 48; Appendix II, Table 2 (Head Coaches)"
head_coaches,white,percent,1997,90,,,,2023,"",retrospective (2023 Appendix II),"",0,"",pre_rule,pre_rule,primary,https://www.tidesport.org/_files/ugd/326b62_f8ae68d67f744fdbba5962c84b43f3bf.pdf,"PDF p. 48; Appendix II, Table 2 (Head Coaches)"
head_coaches,white,percent,1999,94,,,,2023,"",retrospective (2023 Appendix II),appendix 1999/2000 season labels unreliable (README),0,"",pre_rule,pre_rule,primary,https://www.tidesport.org/_files/ugd/326b62_f8ae68d67f744fdbba5962c84b43f3bf.pdf,"PDF p. 48; Appendix II, Table 2 (Head Coaches)"
head_coaches,white,percent,2000,90,,,,2023,"",retrospective (2023 Appendix II),appendix 1999/2000 season labels unreliable (README),0,"",pre_rule,pre_rule,primary,https://www.tidesport.org/_files/ugd/326b62_f8ae68d67f744fdbba5962c84b43f3bf.pdf,"PDF p. 48; Appendix II, Table 2 (Head Coaches)"
head_coaches,white,percent,2001,94,,,,2023,"",retrospective (2023 Appendix II),"",0,"",pre_rule,pre_rule,primary,https://www.tidesport.org/_files/ugd/326b62_f8ae68d67f744fdbba5962c84b43f3bf.pdf,"PDF p. 48; Appendix II, Table 2 (Head Coaches)"
head_coaches,white,percent,2003,91,,,,2023,"",retrospective (2023 Appendix II),"",0,"",rule_2003,rule_2003,primary,https://www.tidesport.org/_files/ugd/326b62_f8ae68d67f744fdbba5962c84b43f3bf.pdf,"PDF p. 48; Appendix II, Table 2 (Head Coaches)"
head_coaches,white,percent,2005,81.3,,,,2023,"",retrospective (2023 Appendix II),"",0,"",rule_2003,rule_2003,primary,https://www.tidesport.org/_files/ugd/326b62_f8ae68d67f744fdbba5962c84b43f3bf.pdf,"PDF p. 48; Appendix II, Table 2 (Head Coaches)"
head_coaches,white,percent,2006,78,,,,2023,"",retrospective (2023 Appendix II),"",0,"",rule_2003,rule_2003,primary,https://www.tidesport.org/_files/ugd/326b62_f8ae68d67f744fdbba5962c84b43f3bf.pdf,"PDF p. 48; Appendix II, Table 2 (Head Coaches)"
head_coaches,white,percent,2007,81,,,,2023,"",retrospective (2023 Appendix II),"",0,"",rule_2003,rule_2003,primary,https://www.tidesport.org/_files/ugd/326b62_f8ae68d67f744fdbba5962c84b43f3bf.pdf,"PDF p. 48; Appendix II, Table 2 (Head Coaches)"
head_coaches,white,percent,2008,81,,,,2023,"",retrospective (2023 Appendix II),"",0,"",rule_2003,rule_2003,primary,https://www.tidesport.org/_files/ugd/326b62_f8ae68d67f744fdbba5962c84b43f3bf.pdf,"PDF p. 48; Appendix II, Table 2 (Head Coaches)"
head_coaches,white,percent,2009,81,,,,2023,"",retrospective (2023 Appendix II),"",0,"",rule_2003,rule_2003,primary,https://www.tidesport.org/_files/ugd/326b62_f8ae68d67f744fdbba5962c84b43f3bf.pdf,"PDF p. 48; Appendix II, Table 2 (Head Coaches)"
head_coaches,white,percent,2010,81,,,,2023,"",retrospective (2023 Appendix II),"",0,"",rule_2003,rule_2003,primary,https://www.tidesport.org/_files/ugd/326b62_f8ae68d67f744fdbba5962c84b43f3bf.pdf,"PDF p. 48; Appendix II, Table 2 (Head Coaches)"
head_coaches,white,percent,2011,75,,,,2023,"",retrospective (2023 Appendix II),"",0,"",rule_2003,rule_2003,primary,https://www.tidesport.org/_files/ugd/326b62_f8ae68d67f744fdbba5962c84b43f3bf.pdf,"PDF p. 48; Appendix II, Table 2 (Head Coaches)"
head_coaches,white,percent,2012,81,,,,2023,"",retrospective (2023 Appendix II),"",0,"",rule_2003,rule_2003,primary,https://www.tidesport.org/_files/ugd/326b62_f8ae68d67f744fdbba5962c84b43f3bf.pdf,"PDF p. 48; Appendix II, Table 2 (Head Coaches)"
head_coaches,white,percent,2013,88,,,,2023,"",retrospective (2023 Appendix II),"",0,"",rule_2003,rule_2003,primary,https://www.tidesport.org/_files/ugd/326b62_f8ae68d67f744fdbba5962c84b43f3bf.pdf,"PDF p. 48; Appendix II, Table 2 (Head Coaches)"
head_coaches,white,percent,2014,84.4,,,,2023,"",retrospective (2023 Appendix II),"",0,"",rule_2003,rule_2003,primary,https://www.tidesport.org/_files/ugd/326b62_f8ae68d67f744fdbba5962c84b43f3bf.pdf,"PDF p. 48; Appendix II, Table 2 (Head Coaches)"
head_coaches,white,percent,2015,81.3,,,,2023,"",retrospective (2023 Appendix II),"",0,"",rule_2003,rule_2003,primary,https://www.tidesport.org/_files/ugd/326b62_f8ae68d67f744fdbba5962c84b43f3bf.pdf,"PDF p. 48; Appendix II, Table 2 (Head Coaches)"
head_coaches,white,percent,2016,81.3,,,,2023,"",retrospective (2023 Appendix II),"",0,"",rule_2003,rule_2003,primary,https://www.tidesport.org/_files/ugd/326b62_f8ae68d67f744fdbba5962c84b43f3bf.pdf,"PDF p. 48; Appendix II, Table 2 (Head Coaches)"
head_coaches,white,percent,2017,75,,,,2023,"",retrospective (2023 Appendix II),"",0,"",rule_2003,rule_2003,primary,https://www.tidesport.org/_files/ugd/326b62_f8ae68d67f744fdbba5962c84b43f3bf.pdf,"PDF p. 48; Appendix II, Table 2 (Head Coaches)"
head_coaches,white,percent,2018,75,,,,2023,"",retrospective (2023 Appendix II),"",0,"",rule_2003,rule_2003,primary,https://www.tidesport.org/_files/ugd/326b62_f8ae68d67f744fdbba5962c84b43f3bf.pdf,"PDF p. 48; Appendix II, Table 2 (Head Coaches)"
head_coaches,white,percent,2020,87.5,,,,2023,"",retrospective (2023 Appendix II),"",0,"",rule_2003,rule_2003,primary,https://www.tidesport.org/_files/ugd/326b62_f8ae68d67f744fdbba5962c84b43f3bf.pdf,"PDF p. 48; Appendix II, Table 2 (Head Coaches)"
head_coaches,white,percent,2021,84.4,,,,2023,"",retrospective (2023 Appendix II),"",0,"",amend_2020,post_2021,primary,https://www.tidesport.org/_files/ugd/326b62_f8ae68d67f744fdbba5962c84b43f3bf.pdf,"PDF p. 48; Appendix II, Table 2 (Head Coaches)"
head_coaches,white,percent,2022,81.2,,,,2023,"",retrospective (2023 Appendix II),"",0,"",amend_2022,post_2021,primary,https://www.tidesport.org/_files/ugd/326b62_f8ae68d67f744fdbba5962c84b43f3bf.pdf,"PDF p. 48; Appendix II, Table 2 (Head Coaches)"
head_coaches,white,percent,2023,78.1,,,,2023,"",retrospective (2023 Appendix II),"",0,"",amend_2022,post_2021,primary,https://www.tidesport.org/_files/ugd/326b62_f8ae68d67f744fdbba5962c84b43f3bf.pdf,"PDF p. 48; Appendix II, Table 2 (Head Coaches)"
players,american_indian_alaska_native,percent,2019,0.2,,,,2019,2019-09,retrospective (2023 Appendix II),self-identified categories from 2019 (break in series),1,0.2 (2023),rule_2003,rule_2003,primary,https://www.tidesport.org/_files/ugd/7d86e5_5af5faf45ba7443da733f900f54638b4.pdf,"PDF p. 29; Appendix III, Players table"
players,american_indian_alaska_native,percent,2020,0.2,,,,2020,2020-09,contemporaneous report,self-identified categories from 2019 (break in series),1,0.2 (2023),rule_2003,rule_2003,primary,https://www.tidesport.org/_files/ugd/138a69_8715a573a51742ce95dddeb0461cfc82.pdf,PDF p. 10; Grades by Category: NFL Players
players,american_indian_alaska_native,percent,2021,0.2,,,,2021,2021-09,contemporaneous report,self-identified categories from 2019 (break in series),1,0.2 (2023),amend_2020,post_2021,primary,https://www.tidesport.org/_files/ugd/326b62_5afc0093dedf4b53bdba964fa0c1eb0c.pdf,PDF p. 10; Grades by Category: NFL Players
players,american_indian_alaska_native,percent,2022,0.2,,,,2022,2022-08,contemporaneous report,self-identified categories from 2019 (break in series),1,0.2 (2023),amend_2022,post_2021,primary,https://www.tidesport.org/_files/ugd/ac4087_d74e4aa674334087b6c4506f6d353a48.pdf,PDF p. 10; Grades by Category: NFL Players
players,american_indian_alaska_native,percent,2023,0.1,,,,2023,2023-08,contemporaneous report,self-identified categories from 2019 (break in series),1,0.1 (2023),amend_2022,post_2021,primary,https://www.tidesport.org/_files/ugd/326b62_f8ae68d67f744fdbba5962c84b43f3bf.pdf,PDF p. 9; Grades by Category: NFL Players
players,asian,percent,2001,1.3,,,,2003,"",contemporaneous report,"",0,"",pre_rule,pre_rule,primary,https://www.tidesport.org/_files/ugd/7d86e5_2b6a39fc09ce4fdfa47bbae7b94458de.pdf,PDF p. 17; Men's Professional Sports
players,asian,percent,2003,1.2,,,,2004,"",contemporaneous report,"",2,1.2 (2004); 1.2 (2023),rule_2003,rule_2003,primary,https://www.tidesport.org/_files/ugd/7d86e5_d4e81d551510470ab133adcdff26c44e.pdf,PDF p. 4; Grades by Category: Players
players,asian,percent,2005,2,,,,2005,"",contemporaneous report,"",2,2 (2005); 2 (2023),rule_2003,rule_2003,primary,https://www.tidesport.org/_files/ugd/7d86e5_9548089523184f6c8577f07fe91f5397.pdf,PDF p. 4; Grades by Category: Players
players,asian,percent,2006,1.5,,,,2006,"",contemporaneous report,"",2,1.5 (2006); 1.5 (2023),rule_2003,rule_2003,primary,https://www.tidesport.org/_files/ugd/7d86e5_7232193e48f64e90af2cdf09e65a8a94.pdf,PDF p. 4; Grades by Category: Players
players,asian,percent,2007,2,,,,2008,"",contemporaneous report,"",2,2 (2008); 1.8 (2023),rule_2003,rule_2003,primary,https://www.tidesport.org/_files/ugd/7d86e5_6b3e09108aba4deb891cfbc7cac66b02.pdf,PDF p. 5; Grades by Category: Players
players,asian,percent,2008,1.7,,,,2023,"",retrospective (2023 Appendix II),"",0,"",rule_2003,rule_2003,primary,https://www.tidesport.org/_files/ugd/326b62_f8ae68d67f744fdbba5962c84b43f3bf.pdf,"PDF p. 47; Appendix II, Table 1 (Players)"
players,asian,percent,2009,2,,,,2010,"",contemporaneous report,"",2,2 (2010); 2.1 (2023),rule_2003,rule_2003,primary,https://www.tidesport.org/_files/ugd/7d86e5_bdd6b1a988ef46d08cc23d64293b611c.pdf,PDF p. 4; Grades by Category: Players
players,asian,percent,2010,2,,,,2011,"",contemporaneous report,"",1,1.5 (2023),rule_2003,rule_2003,primary,https://www.tidesport.org/_files/ugd/7d86e5_a8bf63c80f4947118f37f73d32f40737.pdf,"PDF p. 19; Appendix I, Table 1 (Players)"
players,asian,percent,2011,2,,,,2012,"",contemporaneous report,"",1,1.5 (2023),rule_2003,rule_2003,primary,https://www.tidesport.org/_files/ugd/7d86e5_888d1dd1047441cca0b8a9e300dc1f94.pdf,"PDF p. 17; Appendix I, Table 1 (Players)"
players,asian,percent,2012,1.1,,,,2023,"",retrospective (2023 Appendix II),"",0,"",rule_2003,rule_2003,primary,https://www.tidesport.org/_files/ugd/326b62_f8ae68d67f744fdbba5962c84b43f3bf.pdf,"PDF p. 47; Appendix II, Table 1 (Players)"
players,asian,percent,2013,0.7,,,,2023,"",retrospective (2023 Appendix II),"",0,"",rule_2003,rule_2003,primary,https://www.tidesport.org/_files/ugd/326b62_f8ae68d67f744fdbba5962c84b43f3bf.pdf,"PDF p. 47; Appendix II, Table 1 (Players)"
players,asian,percent,2014,1.1,,,,2023,"",retrospective (2023 Appendix II),"",0,"",rule_2003,rule_2003,primary,https://www.tidesport.org/_files/ugd/326b62_f8ae68d67f744fdbba5962c84b43f3bf.pdf,"PDF p. 47; Appendix II, Table 1 (Players)"
players,asian,percent,2016,1.9,,,,2023,"",retrospective (2023 Appendix II),"",0,"",rule_2003,rule_2003,primary,https://www.tidesport.org/_files/ugd/326b62_f8ae68d67f744fdbba5962c84b43f3bf.pdf,"PDF p. 47; Appendix II, Table 1 (Players)"
players,asian,percent,2019,0.1,,,,2019,2019-09,retrospective (2023 Appendix II),self-identified categories from 2019 (break in series),1,0.1 (2023),rule_2003,rule_2003,primary,https://www.tidesport.org/_files/ugd/7d86e5_5af5faf45ba7443da733f900f54638b4.pdf,"PDF p. 29; Appendix III, Players table"
players,asian,percent,2020,0.1,,,,2020,2020-09,contemporaneous report,self-identified categories from 2019 (break in series),1,0.1 (2023),rule_2003,rule_2003,primary,https://www.tidesport.org/_files/ugd/138a69_8715a573a51742ce95dddeb0461cfc82.pdf,PDF p. 10; Grades by Category: NFL Players
players,asian,percent,2021,0.1,,,,2021,2021-09,contemporaneous report,self-identified categories from 2019 (break in series),1,0.1 (2023),amend_2020,post_2021,primary,https://www.tidesport.org/_files/ugd/326b62_5afc0093dedf4b53bdba964fa0c1eb0c.pdf,PDF p. 10; Grades by Category: NFL Players
players,asian,percent,2022,0.1,,,,2022,2022-08,contemporaneous report,self-identified categories from 2019 (break in series),1,0.1 (2023),amend_2022,post_2021,primary,https://www.tidesport.org/_files/ugd/ac4087_d74e4aa674334087b6c4506f6d353a48.pdf,PDF p. 10; Grades by Category: NFL Players
players,asian,percent,2023,0.1,,,,2023,2023-08,contemporaneous report,self-identified categories from 2019 (break in series),1,0.1 (2023),amend_2022,post_2021,primary,https://www.tidesport.org/_files/ugd/326b62_f8ae68d67f744fdbba5962c84b43f3bf.pdf,PDF p. 9; Grades by Category: NFL Players
players,asian_pacific_islander,percent,2008,2,,,,2009,"",contemporaneous report,"",1,2 (2009),rule_2003,rule_2003,primary,https://www.tidesport.org/_files/ugd/7d86e5_45094cb7ae7544be9b7babc6cc0a63ed.pdf,PDF p. 5; Grades by Category: Players
players,asian_pacific_islander,percent,2010,2,,,,2011,"",contemporaneous report,"",0,"",rule_2003,rule_2003,primary,https://www.tidesport.org/_files/ugd/7d86e5_a8bf63c80f4947118f37f73d32f40737.pdf,PDF p. 5; Grades by Category: Players
players,asian_pacific_islander,percent,2011,2,,,,2012,"",contemporaneous report,"",0,"",rule_2003,rule_2003,primary,https://www.tidesport.org/_files/ugd/7d86e5_888d1dd1047441cca0b8a9e300dc1f94.pdf,PDF p. 4; Grades by Category: Players
players,asian_pacific_islander,percent,2012,1.1,,,,2013,"",contemporaneous report,"",0,"",rule_2003,rule_2003,primary,https://www.tidesport.org/_files/ugd/7d86e5_cdc71c7a4cf540118817b7fce8f040db.pdf,PDF p. 4; Grades by Category: Players
players,asian_pacific_islander,percent,2013,0.7,,,,2014,"",contemporaneous report,"",0,"",rule_2003,rule_2003,primary,https://www.tidesport.org/_files/ugd/7d86e5_72d723866ba848a3886212e393822840.pdf,PDF p. 4; Grades by Category: Players
players,asian_pacific_islander,percent,2014,1.1,,,,2015,2015-07-01,contemporaneous report,"",0,"",rule_2003,rule_2003,primary,https://www.tidesport.org/_files/ugd/a4ad0c_96113214204e492b986abb8549e85ce2.pdf,PDF p. 4; Grades by Category: Players
players,asian_pacific_islander,percent,2016,1.9,,,,2016,2016-08,contemporaneous report,"",0,"",rule_2003,rule_2003,primary,https://www.tidesport.org/_files/ugd/a4ad0c_83cebda86fed4f8a820adcb3af3d71d8.pdf,PDF p. 5; Grades by Category: Players
players,black,percent,1990,61,,,,2023,"",retrospective (2023 Appendix II),"",0,"",pre_rule,pre_rule,primary,https://www.tidesport.org/_files/ugd/326b62_f8ae68d67f744fdbba5962c84b43f3bf.pdf,"PDF p. 47; Appendix II, Table 1 (Players)"
players,black,percent,1991,62,,,,2023,"",retrospective (2023 Appendix II),"",0,"",pre_rule,pre_rule,primary,https://www.tidesport.org/_files/ugd/326b62_f8ae68d67f744fdbba5962c84b43f3bf.pdf,"PDF p. 47; Appendix II, Table 1 (Players)"
players,black,percent,1992,68,,,,2023,"",retrospective (2023 Appendix II),"",0,"",pre_rule,pre_rule,primary,https://www.tidesport.org/_files/ugd/326b62_f8ae68d67f744fdbba5962c84b43f3bf.pdf,"PDF p. 47; Appendix II, Table 1 (Players)"
players,black,percent,1993,65,,,,2023,"",retrospective (2023 Appendix II),"",0,"",pre_rule,pre_rule,primary,https://www.tidesport.org/_files/ugd/326b62_f8ae68d67f744fdbba5962c84b43f3bf.pdf,"PDF p. 47; Appendix II, Table 1 (Players)"
players,black,percent,1994,68,,,,2023,"",retrospective (2023 Appendix II),"",0,"",pre_rule,pre_rule,primary,https://www.tidesport.org/_files/ugd/326b62_f8ae68d67f744fdbba5962c84b43f3bf.pdf,"PDF p. 47; Appendix II, Table 1 (Players)"
players,black,percent,1995,67,,,,2023,"",retrospective (2023 Appendix II),"",0,"",pre_rule,pre_rule,primary,https://www.tidesport.org/_files/ugd/326b62_f8ae68d67f744fdbba5962c84b43f3bf.pdf,"PDF p. 47; Appendix II, Table 1 (Players)"
players,black,percent,1996,66,,,,2023,"",retrospective (2023 Appendix II),"",0,"",pre_rule,pre_rule,primary,https://www.tidesport.org/_files/ugd/326b62_f8ae68d67f744fdbba5962c84b43f3bf.pdf,"PDF p. 47; Appendix II, Table 1 (Players)"
players,black,percent,1997,65,,,,2023,"",retrospective (2023 Appendix II),"",0,"",pre_rule,pre_rule,primary,https://www.tidesport.org/_files/ugd/326b62_f8ae68d67f744fdbba5962c84b43f3bf.pdf,"PDF p. 47; Appendix II, Table 1 (Players)"
players,black,percent,1998,66,,,,2023,"",retrospective (2023 Appendix II),"",0,"",pre_rule,pre_rule,primary,https://www.tidesport.org/_files/ugd/326b62_f8ae68d67f744fdbba5962c84b43f3bf.pdf,"PDF p. 47; Appendix II, Table 1 (Players)"
players,black,percent,1999,67,,,,2023,"",retrospective (2023 Appendix II),appendix 1999/2000 season labels unreliable (README),0,"",pre_rule,pre_rule,primary,https://www.tidesport.org/_files/ugd/326b62_f8ae68d67f744fdbba5962c84b43f3bf.pdf,"PDF p. 47; Appendix II, Table 1 (Players)"
players,black,percent,2000,67,,,,2001,"",contemporaneous report,"",0,"",pre_rule,pre_rule,primary,https://www.tidesport.org/_files/ugd/7d86e5_fff5f25555de4e0087a8078790afe2fc.pdf,PDF p. 12; Minorities and Women Playing Professional Sports
players,black,percent,2001,65,,,,2003,"",contemporaneous report,"",0,"",pre_rule,pre_rule,primary,https://www.tidesport.org/_files/ugd/7d86e5_2b6a39fc09ce4fdfa47bbae7b94458de.pdf,"PDF p. 17; Men's Professional Sports (text, p. 14)"
players,black,percent,2003,69,,,,2004,"",contemporaneous report,"",2,69.2 (2004); 69.2 (2023),rule_2003,rule_2003,primary,https://www.tidesport.org/_files/ugd/7d86e5_d4e81d551510470ab133adcdff26c44e.pdf,PDF p. 4; Grades by Category: Players
players,black,percent,2005,66,,,,2005,"",contemporaneous report,"",2,65.5 (2005); 65 (2023),rule_2003,rule_2003,primary,https://www.tidesport.org/_files/ugd/7d86e5_9548089523184f6c8577f07fe91f5397.pdf,PDF p. 4; Grades by Category: Players
players,black,percent,2006,67,,,,2006,"",contemporaneous report,"",2,67 (2006); 65.8 (2023),rule_2003,rule_2003,primary,https://www.tidesport.org/_files/ugd/7d86e5_7232193e48f64e90af2cdf09e65a8a94.pdf,PDF p. 4; Grades by Category: Players
players,black,percent,2007,66,,,,2008,"",contemporaneous report,"",2,66 (2008); 64.9 (2023),rule_2003,rule_2003,primary,https://www.tidesport.org/_files/ugd/7d86e5_6b3e09108aba4deb891cfbc7cac66b02.pdf,PDF p. 5; Grades by Category: Players
players,black,percent,2008,67,,,,2009,"",contemporaneous report,"",2,67 (2009); 65.2 (2023),rule_2003,rule_2003,primary,https://www.tidesport.org/_files/ugd/7d86e5_45094cb7ae7544be9b7babc6cc0a63ed.pdf,PDF p. 5; Grades by Category: Players
players,black,percent,2009,67,,,,2010,"",contemporaneous report,"",2,67 (2010); 65.9 (2023),rule_2003,rule_2003,primary,https://www.tidesport.org/_files/ugd/7d86e5_bdd6b1a988ef46d08cc23d64293b611c.pdf,PDF p. 4; Grades by Category: Players
players,black,percent,2010,67,,,,2011,"",contemporaneous report,"",2,67 (2011); 66.4 (2023),rule_2003,rule_2003,primary,https://www.tidesport.org/_files/ugd/7d86e5_a8bf63c80f4947118f37f73d32f40737.pdf,PDF p. 5; Grades by Category: Players
players,black,percent,2011,67,,,,2012,"",contemporaneous report,"",3,67 (2012); 66.6 (2013); 66.1 (2023),rule_2003,rule_2003,primary,https://www.tidesport.org/_files/ugd/7d86e5_888d1dd1047441cca0b8a9e300dc1f94.pdf,PDF p. 4; Grades by Category: Players
players,black,percent,2012,66.3,,,,2013,"",contemporaneous report,"",2,66.3 (2013); 65.4 (2023),rule_2003,rule_2003,primary,https://www.tidesport.org/_files/ugd/7d86e5_cdc71c7a4cf540118817b7fce8f040db.pdf,PDF p. 4; Grades by Category: Players
players,black,percent,2013,67.3,,,,2014,"",contemporaneous report,"",2,67.3 (2014); 66.3 (2023),rule_2003,rule_2003,primary,https://www.tidesport.org/_files/ugd/7d86e5_72d723866ba848a3886212e393822840.pdf,PDF p. 4; Grades by Category: Players
players,black,percent,2014,68.7,,,,2015,2015-07-01,contemporaneous report,"",2,68.7 (2015); 68 (2023),rule_2003,rule_2003,primary,https://www.tidesport.org/_files/ugd/a4ad0c_96113214204e492b986abb8549e85ce2.pdf,PDF p. 4; Grades by Category: Players
players,black,percent,2015,69.2,,,,2016,"",contemporaneous report,"",0,"",rule_2003,rule_2003,primary,https://www.tidesport.org/_files/ugd/a4ad0c_83cebda86fed4f8a820adcb3af3d71d8.pdf,PDF p. 5; Grades by Category: Players
players,black,percent,2016,69.7,,,,2016,2016-08,contemporaneous report,"",2,69.7 (2016); 69.7 (2023),rule_2003,rule_2003,primary,https://www.tidesport.org/_files/ugd/a4ad0c_83cebda86fed4f8a820adcb3af3d71d8.pdf,PDF p. 5; Grades by Category: Players
players,black,percent,2019,58.9,,,,2019,2019-09,contemporaneous report,self-identified categories from 2019 (break in series),2,58.9 (2019); 58.9 (2023),rule_2003,rule_2003,primary,https://www.tidesport.org/_files/ugd/7d86e5_5af5faf45ba7443da733f900f54638b4.pdf,PDF p. 9; Grades by Category: NFL Players
players,black,percent,2020,57.5,,,,2020,2020-09,contemporaneous report,self-identified categories from 2019 (break in series),1,57.5 (2023),rule_2003,rule_2003,primary,https://www.tidesport.org/_files/ugd/138a69_8715a573a51742ce95dddeb0461cfc82.pdf,PDF p. 10; Grades by Category: NFL Players
players,black,percent,2021,58,,,,2021,2021-09,contemporaneous report,self-identified categories from 2019 (break in series),1,58 (2023),amend_2020,post_2021,primary,https://www.tidesport.org/_files/ugd/326b62_5afc0093dedf4b53bdba964fa0c1eb0c.pdf,PDF p. 10; Grades by Category: NFL Players
players,black,percent,2022,56.4,,,,2022,2022-08,contemporaneous report,self-identified categories from 2019 (break in series),1,56.4 (2023),amend_2022,post_2021,primary,https://www.tidesport.org/_files/ugd/ac4087_d74e4aa674334087b6c4506f6d353a48.pdf,PDF p. 10; Grades by Category: NFL Players
players,black,percent,2023,53.5,,,,2023,2023-08,contemporaneous report,self-identified categories from 2019 (break in series),1,53.5 (2023),amend_2022,post_2021,primary,https://www.tidesport.org/_files/ugd/326b62_f8ae68d67f744fdbba5962c84b43f3bf.pdf,PDF p. 9; Grades by Category: NFL Players
players,latino,percent,1991,2,,,,2023,"",retrospective (2023 Appendix II),"",0,"",pre_rule,pre_rule,primary,https://www.tidesport.org/_files/ugd/326b62_f8ae68d67f744fdbba5962c84b43f3bf.pdf,"PDF p. 47; Appendix II, Table 1 (Players)"
players,latino,percent,1992,1,,,,2023,"",retrospective (2023 Appendix II),"",0,"",pre_rule,pre_rule,primary,https://www.tidesport.org/_files/ugd/326b62_f8ae68d67f744fdbba5962c84b43f3bf.pdf,"PDF p. 47; Appendix II, Table 1 (Players)"
players,latino,percent,1996,1,,,,2023,"",retrospective (2023 Appendix II),"",0,"",pre_rule,pre_rule,primary,https://www.tidesport.org/_files/ugd/326b62_f8ae68d67f744fdbba5962c84b43f3bf.pdf,"PDF p. 47; Appendix II, Table 1 (Players)"
players,latino,percent,1997,1,,,,2023,"",retrospective (2023 Appendix II),"",0,"",pre_rule,pre_rule,primary,https://www.tidesport.org/_files/ugd/326b62_f8ae68d67f744fdbba5962c84b43f3bf.pdf,"PDF p. 47; Appendix II, Table 1 (Players)"
players,latino,percent,1998,1,,,,2023,"",retrospective (2023 Appendix II),"",0,"",pre_rule,pre_rule,primary,https://www.tidesport.org/_files/ugd/326b62_f8ae68d67f744fdbba5962c84b43f3bf.pdf,"PDF p. 47; Appendix II, Table 1 (Players)"
players,latino,percent,1999,0.5,,,,2023,"",retrospective (2023 Appendix II),appendix 1999/2000 season labels unreliable (README),0,"",pre_rule,pre_rule,primary,https://www.tidesport.org/_files/ugd/326b62_f8ae68d67f744fdbba5962c84b43f3bf.pdf,"PDF p. 47; Appendix II, Table 1 (Players)"
players,latino,percent,2001,0.4,,,,2003,"",contemporaneous report,"",0,"",pre_rule,pre_rule,primary,https://www.tidesport.org/_files/ugd/7d86e5_2b6a39fc09ce4fdfa47bbae7b94458de.pdf,PDF p. 17; Men's Professional Sports
players,latino,percent,2003,0.5,,,,2004,"",contemporaneous report,"",2,0.5 (2004); 0.5 (2023),rule_2003,rule_2003,primary,https://www.tidesport.org/_files/ugd/7d86e5_d4e81d551510470ab133adcdff26c44e.pdf,PDF p. 4; Grades by Category: Players
players,latino,percent,2005,1,,,,2005,"",contemporaneous report,"",1,0.6 (2023),rule_2003,rule_2003,primary,https://www.tidesport.org/_files/ugd/7d86e5_9548089523184f6c8577f07fe91f5397.pdf,PDF p. 4; Grades by Category: Players
players,latino,percent,2006,0.5,,,,2006,"",contemporaneous report,"",1,0.5 (2023),rule_2003,rule_2003,primary,https://www.tidesport.org/_files/ugd/7d86e5_7232193e48f64e90af2cdf09e65a8a94.pdf,"PDF p. 14; Appendix I, Table 1 (Players)"
players,latino,percent,2007,1,,,,2008,"",contemporaneous report,"",1,1.2 (2023),rule_2003,rule_2003,primary,https://www.tidesport.org/_files/ugd/7d86e5_6b3e09108aba4deb891cfbc7cac66b02.pdf,"PDF p. 15; Appendix I, Table 1 (Players)"
players,latino,percent,2008,1,,,,2009,"",contemporaneous report,"",2,1 (2009); 0.9 (2023),rule_2003,rule_2003,primary,https://www.tidesport.org/_files/ugd/7d86e5_45094cb7ae7544be9b7babc6cc0a63ed.pdf,PDF p. 5; Grades by Category: Players
players,latino,percent,2009,1,,,,2010,"",contemporaneous report,"",2,1 (2010); 0.9 (2023),rule_2003,rule_2003,primary,https://www.tidesport.org/_files/ugd/7d86e5_bdd6b1a988ef46d08cc23d64293b611c.pdf,PDF p. 4; Grades by Category: Players
players,latino,percent,2010,1,,,,2011,"",contemporaneous report,"",2,1 (2011); 0.5 (2023),rule_2003,rule_2003,primary,https://www.tidesport.org/_files/ugd/7d86e5_a8bf63c80f4947118f37f73d32f40737.pdf,PDF p. 5; Grades by Category: Players
players,latino,percent,2011,1,,,,2012,"",contemporaneous report,"",2,1 (2012); 0.5 (2023),rule_2003,rule_2003,primary,https://www.tidesport.org/_files/ugd/7d86e5_888d1dd1047441cca0b8a9e300dc1f94.pdf,PDF p. 4; Grades by Category: Players
players,latino,percent,2012,0.7,,,,2013,"",contemporaneous report,"",1,0.7 (2023),rule_2003,rule_2003,primary,https://www.tidesport.org/_files/ugd/7d86e5_cdc71c7a4cf540118817b7fce8f040db.pdf,PDF p. 4; Grades by Category: Players
players,latino,percent,2013,0.6,,,,2014,"",contemporaneous report,"",1,0.6 (2023),rule_2003,rule_2003,primary,https://www.tidesport.org/_files/ugd/7d86e5_72d723866ba848a3886212e393822840.pdf,PDF p. 4; Grades by Category: Players
players,latino,percent,2014,0.7,,,,2015,2015-07-01,contemporaneous report,"",1,0.7 (2023),rule_2003,rule_2003,primary,https://www.tidesport.org/_files/ugd/a4ad0c_96113214204e492b986abb8549e85ce2.pdf,PDF p. 4; Grades by Category: Players
players,latino,percent,2016,0.8,,,,2016,2016-08,contemporaneous report,"",1,0.8 (2023),rule_2003,rule_2003,primary,https://www.tidesport.org/_files/ugd/a4ad0c_83cebda86fed4f8a820adcb3af3d71d8.pdf,PDF p. 5; Grades by Category: Players
players,latino,percent,2019,0.5,,,,2019,2019-09,retrospective (2023 Appendix II),self-identified categories from 2019 (break in series),1,0.5 (2023),rule_2003,rule_2003,primary,https://www.tidesport.org/_files/ugd/7d86e5_5af5faf45ba7443da733f900f54638b4.pdf,"PDF p. 29; Appendix III, Players table"
players,latino,percent,2020,0.4,,,,2020,2020-09,contemporaneous report,self-identified categories from 2019 (break in series),1,0.4 (2023),rule_2003,rule_2003,primary,https://www.tidesport.org/_files/ugd/138a69_8715a573a51742ce95dddeb0461cfc82.pdf,PDF p. 10; Grades by Category: NFL Players
players,latino,percent,2021,0.7,,,,2021,2021-09,contemporaneous report,self-identified categories from 2019 (break in series),1,0.7 (2023),amend_2020,post_2021,primary,https://www.tidesport.org/_files/ugd/326b62_5afc0093dedf4b53bdba964fa0c1eb0c.pdf,PDF p. 10; Grades by Category: NFL Players
players,latino,percent,2022,0.4,,,,2022,2022-08,contemporaneous report,self-identified categories from 2019 (break in series),1,0.4 (2023),amend_2022,post_2021,primary,https://www.tidesport.org/_files/ugd/ac4087_d74e4aa674334087b6c4506f6d353a48.pdf,PDF p. 10; Grades by Category: NFL Players
players,latino,percent,2023,0.5,,,,2023,2023-08,contemporaneous report,self-identified categories from 2019 (break in series),1,0.5 (2023),amend_2022,post_2021,primary,https://www.tidesport.org/_files/ugd/326b62_f8ae68d67f744fdbba5962c84b43f3bf.pdf,PDF p. 9; Grades by Category: NFL Players
players,not_disclosed,percent,2019,3.1,,,,2019,2019-09,contemporaneous report,self-identified categories from 2019 (break in series),1,3.1 (2023),rule_2003,rule_2003,primary,https://www.tidesport.org/_files/ugd/7d86e5_5af5faf45ba7443da733f900f54638b4.pdf,PDF p. 9; Grades by Category: NFL Players
players,not_disclosed,percent,2020,5.7,,,,2020,2020-09,contemporaneous report,self-identified categories from 2019 (break in series),1,5.7 (2023),rule_2003,rule_2003,primary,https://www.tidesport.org/_files/ugd/138a69_8715a573a51742ce95dddeb0461cfc82.pdf,PDF p. 10; Grades by Category: NFL Players
players,not_disclosed,percent,2021,4.2,,,,2021,2021-09,contemporaneous report,self-identified categories from 2019 (break in series),1,4.2 (2023),amend_2020,post_2021,primary,https://www.tidesport.org/_files/ugd/326b62_5afc0093dedf4b53bdba964fa0c1eb0c.pdf,PDF p. 10; Grades by Category: NFL Players
players,not_disclosed,percent,2022,5.7,,,,2022,2022-08,contemporaneous report,self-identified categories from 2019 (break in series),1,5.7 (2023),amend_2022,post_2021,primary,https://www.tidesport.org/_files/ugd/ac4087_d74e4aa674334087b6c4506f6d353a48.pdf,PDF p. 10; Grades by Category: NFL Players
players,not_disclosed,percent,2023,8.9,,,,2023,2023-08,contemporaneous report,self-identified categories from 2019 (break in series),1,8.9 (2023),amend_2022,post_2021,primary,https://www.tidesport.org/_files/ugd/326b62_f8ae68d67f744fdbba5962c84b43f3bf.pdf,PDF p. 9; Grades by Category: NFL Players
players,other,percent,1992,1,,,,2023,"",retrospective (2023 Appendix II),"",0,"",pre_rule,pre_rule,primary,https://www.tidesport.org/_files/ugd/326b62_f8ae68d67f744fdbba5962c84b43f3bf.pdf,"PDF p. 47; Appendix II, Table 1 (Players)"
players,other,percent,1994,1,,,,2023,"",retrospective (2023 Appendix II),"",0,"",pre_rule,pre_rule,primary,https://www.tidesport.org/_files/ugd/326b62_f8ae68d67f744fdbba5962c84b43f3bf.pdf,"PDF p. 47; Appendix II, Table 1 (Players)"
players,other,percent,1995,2,,,,2023,"",retrospective (2023 Appendix II),"",0,"",pre_rule,pre_rule,primary,https://www.tidesport.org/_files/ugd/326b62_f8ae68d67f744fdbba5962c84b43f3bf.pdf,"PDF p. 47; Appendix II, Table 1 (Players)"
players,other,percent,1996,2,,,,2023,"",retrospective (2023 Appendix II),"",0,"",pre_rule,pre_rule,primary,https://www.tidesport.org/_files/ugd/326b62_f8ae68d67f744fdbba5962c84b43f3bf.pdf,"PDF p. 47; Appendix II, Table 1 (Players)"
players,other,percent,1997,1,,,,2023,"",retrospective (2023 Appendix II),"",0,"",pre_rule,pre_rule,primary,https://www.tidesport.org/_files/ugd/326b62_f8ae68d67f744fdbba5962c84b43f3bf.pdf,"PDF p. 47; Appendix II, Table 1 (Players)"
players,other,percent,1998,1,,,,2023,"",retrospective (2023 Appendix II),"",0,"",pre_rule,pre_rule,primary,https://www.tidesport.org/_files/ugd/326b62_f8ae68d67f744fdbba5962c84b43f3bf.pdf,"PDF p. 47; Appendix II, Table 1 (Players)"
players,other,percent,1999,0.5,,,,2023,"",retrospective (2023 Appendix II),appendix 1999/2000 season labels unreliable (README),0,"",pre_rule,pre_rule,primary,https://www.tidesport.org/_files/ugd/326b62_f8ae68d67f744fdbba5962c84b43f3bf.pdf,"PDF p. 47; Appendix II, Table 1 (Players)"
players,other,percent,2001,0.06,,,,2003,"",contemporaneous report,"",0,"",pre_rule,pre_rule,primary,https://www.tidesport.org/_files/ugd/7d86e5_2b6a39fc09ce4fdfa47bbae7b94458de.pdf,PDF p. 17; Men's Professional Sports
players,other,percent,2003,0,,,,2004,"",contemporaneous report,"",0,"",rule_2003,rule_2003,primary,https://www.tidesport.org/_files/ugd/7d86e5_d4e81d551510470ab133adcdff26c44e.pdf,"PDF p. 13; Appendix I, Players table"
players,other,percent,2005,1.1,,,,2023,"",retrospective (2023 Appendix II),"",0,"",rule_2003,rule_2003,primary,https://www.tidesport.org/_files/ugd/326b62_f8ae68d67f744fdbba5962c84b43f3bf.pdf,"PDF p. 47; Appendix II, Table 1 (Players)"
players,other,percent,2006,0,,,,2006,"",contemporaneous report,"",1,1.4 (2023),rule_2003,rule_2003,primary,https://www.tidesport.org/_files/ugd/7d86e5_7232193e48f64e90af2cdf09e65a8a94.pdf,"PDF p. 14; Appendix I, Table 1 (Players)"
players,other,percent,2007,1.8,,,,2023,"",retrospective (2023 Appendix II),"",0,"",rule_2003,rule_2003,primary,https://www.tidesport.org/_files/ugd/326b62_f8ae68d67f744fdbba5962c84b43f3bf.pdf,"PDF p. 47; Appendix II, Table 1 (Players)"
players,other,percent,2008,2.4,,,,2023,"",retrospective (2023 Appendix II),"",0,"",rule_2003,rule_2003,primary,https://www.tidesport.org/_files/ugd/326b62_f8ae68d67f744fdbba5962c84b43f3bf.pdf,"PDF p. 47; Appendix II, Table 1 (Players)"
players,other,percent,2009,1.9,,,,2023,"",retrospective (2023 Appendix II),"",0,"",rule_2003,rule_2003,primary,https://www.tidesport.org/_files/ugd/326b62_f8ae68d67f744fdbba5962c84b43f3bf.pdf,"PDF p. 47; Appendix II, Table 1 (Players)"
players,other,percent,2010,1,,,,2023,"",retrospective (2023 Appendix II),"",0,"",rule_2003,rule_2003,primary,https://www.tidesport.org/_files/ugd/326b62_f8ae68d67f744fdbba5962c84b43f3bf.pdf,"PDF p. 47; Appendix II, Table 1 (Players)"
players,other,percent,2011,1,,,,2012,"",contemporaneous report,"",1,1 (2023),rule_2003,rule_2003,primary,https://www.tidesport.org/_files/ugd/7d86e5_888d1dd1047441cca0b8a9e300dc1f94.pdf,"PDF p. 17; Appendix I, Table 1 (Players)"
players,other,percent,2012,1.8,,,,2013,"",contemporaneous report,"",1,3.2 (2023),rule_2003,rule_2003,primary,https://www.tidesport.org/_files/ugd/7d86e5_cdc71c7a4cf540118817b7fce8f040db.pdf,PDF p. 4; Grades by Category: Players
players,other,percent,2013,0.5,,,,2014,"",contemporaneous report,"",1,2 (2023),rule_2003,rule_2003,primary,https://www.tidesport.org/_files/ugd/7d86e5_72d723866ba848a3886212e393822840.pdf,PDF p. 4; Grades by Category: Players
players,other,percent,2014,0.9,,,,2015,2015-07-01,contemporaneous report,"",1,2 (2023),rule_2003,rule_2003,primary,https://www.tidesport.org/_files/ugd/a4ad0c_96113214204e492b986abb8549e85ce2.pdf,PDF p. 4; Grades by Category: Players
players,other,percent,2016,0.2,,,,2016,2016-08,contemporaneous report,"",1,0.2 (2023),rule_2003,rule_2003,primary,https://www.tidesport.org/_files/ugd/a4ad0c_83cebda86fed4f8a820adcb3af3d71d8.pdf,PDF p. 5; Grades by Category: Players
players,other,percent,2020,0.2,,,,2023,"",retrospective (2023 Appendix II),self-identified categories from 2019 (break in series),0,"",rule_2003,rule_2003,primary,https://www.tidesport.org/_files/ugd/326b62_f8ae68d67f744fdbba5962c84b43f3bf.pdf,"PDF p. 47; Appendix II, Table 1 (Players)"
players,other,percent,2021,0.3,,,,2023,"",retrospective (2023 Appendix II),self-identified categories from 2019 (break in series),0,"",amend_2020,post_2021,primary,https://www.tidesport.org/_files/ugd/326b62_f8ae68d67f744fdbba5962c84b43f3bf.pdf,"PDF p. 47; Appendix II, Table 1 (Players)"
players,other,percent,2022,0.2,,,,2023,"",retrospective (2023 Appendix II),self-identified categories from 2019 (break in series),0,"",amend_2022,post_2021,primary,https://www.tidesport.org/_files/ugd/326b62_f8ae68d67f744fdbba5962c84b43f3bf.pdf,"PDF p. 47; Appendix II, Table 1 (Players)"
players,pacific_islander,percent,2019,1.5,,,,2019,2019-09,retrospective (2023 Appendix II),self-identified categories from 2019 (break in series),1,1.4 (2023),rule_2003,rule_2003,primary,https://www.tidesport.org/_files/ugd/7d86e5_5af5faf45ba7443da733f900f54638b4.pdf,"PDF p. 29; Appendix III, Players table"
players,pacific_islander,percent,2020,1.6,,,,2020,2020-09,contemporaneous report,self-identified categories from 2019 (break in series),1,1.6 (2023),rule_2003,rule_2003,primary,https://www.tidesport.org/_files/ugd/138a69_8715a573a51742ce95dddeb0461cfc82.pdf,PDF p. 10; Grades by Category: NFL Players
players,pacific_islander,percent,2021,1.6,,,,2021,2021-09,contemporaneous report,self-identified categories from 2019 (break in series),1,1.6 (2023),amend_2020,post_2021,primary,https://www.tidesport.org/_files/ugd/326b62_5afc0093dedf4b53bdba964fa0c1eb0c.pdf,PDF p. 10; Grades by Category: NFL Players
players,pacific_islander,percent,2022,1.5,,,,2022,2022-08,contemporaneous report,self-identified categories from 2019 (break in series),1,1.5 (2023),amend_2022,post_2021,primary,https://www.tidesport.org/_files/ugd/ac4087_d74e4aa674334087b6c4506f6d353a48.pdf,PDF p. 10; Grades by Category: NFL Players
players,pacific_islander,percent,2023,1.8,,,,2023,2023-08,contemporaneous report,self-identified categories from 2019 (break in series),1,1.8 (2023),amend_2022,post_2021,primary,https://www.tidesport.org/_files/ugd/326b62_f8ae68d67f744fdbba5962c84b43f3bf.pdf,PDF p. 9; Grades by Category: NFL Players
players,people_of_color,percent,2012,70,,,,2013,"",contemporaneous report,"",0,"",rule_2003,rule_2003,primary,https://www.tidesport.org/_files/ugd/7d86e5_cdc71c7a4cf540118817b7fce8f040db.pdf,PDF p. 4; Grades by Category: Players (grade box)
players,people_of_color,percent,2013,69,,,,2014,"",contemporaneous report,"",0,"",rule_2003,rule_2003,primary,https://www.tidesport.org/_files/ugd/7d86e5_72d723866ba848a3886212e393822840.pdf,PDF p. 4; Grades by Category: Players (grade box)
players,people_of_color,percent,2014,71.4,,,,2015,2015-07-01,contemporaneous report,"",0,"",rule_2003,rule_2003,primary,https://www.tidesport.org/_files/ugd/a4ad0c_96113214204e492b986abb8549e85ce2.pdf,PDF p. 4; Grades by Category: Players (grade box)
players,people_of_color,percent,2016,72.6,,,,2016,2016-08,contemporaneous report,"",0,"",rule_2003,rule_2003,primary,https://www.tidesport.org/_files/ugd/a4ad0c_83cebda86fed4f8a820adcb3af3d71d8.pdf,PDF p. 5; Grades by Category: Players (grade box)
players,people_of_color,percent,2019,70.1,,,,2019,2019-09,contemporaneous report,self-identified categories from 2019 (break in series),0,"",rule_2003,rule_2003,primary,https://www.tidesport.org/_files/ugd/7d86e5_5af5faf45ba7443da733f900f54638b4.pdf,PDF p. 9; Grades by Category: NFL Players
players,people_of_color,percent,2020,69.4,,,,2020,2020-09,contemporaneous report,self-identified categories from 2019 (break in series),0,"",rule_2003,rule_2003,primary,https://www.tidesport.org/_files/ugd/138a69_8715a573a51742ce95dddeb0461cfc82.pdf,PDF p. 10; Grades by Category: NFL Players
players,people_of_color,percent,2021,70.7,,,,2021,2021-09,contemporaneous report,self-identified categories from 2019 (break in series),0,"",amend_2020,post_2021,primary,https://www.tidesport.org/_files/ugd/326b62_5afc0093dedf4b53bdba964fa0c1eb0c.pdf,PDF p. 10; Grades by Category: NFL Players
players,people_of_color,percent,2022,69.3,,,,2022,2022-08,contemporaneous report,self-identified categories from 2019 (break in series),0,"",amend_2022,post_2021,primary,https://www.tidesport.org/_files/ugd/ac4087_d74e4aa674334087b6c4506f6d353a48.pdf,PDF p. 10; Grades by Category: NFL Players
players,people_of_color,percent,2023,66.7,,,,2023,2023-08,contemporaneous report,self-identified categories from 2019 (break in series),0,"",amend_2022,post_2021,primary,https://www.tidesport.org/_files/ugd/326b62_f8ae68d67f744fdbba5962c84b43f3bf.pdf,PDF p. 9; Grades by Category: NFL Players
players,two_or_more_races,percent,2019,9.1,,,,2019,2019-09,contemporaneous report,self-identified categories from 2019 (break in series),2,9.6 (2019); 9.1 (2023),rule_2003,rule_2003,primary,https://www.tidesport.org/_files/ugd/7d86e5_5af5faf45ba7443da733f900f54638b4.pdf,PDF p. 9; Grades by Category: NFL Players
players,two_or_more_races,percent,2020,9.4,,,,2020,2020-09,contemporaneous report,self-identified categories from 2019 (break in series),1,9.4 (2023),rule_2003,rule_2003,primary,https://www.tidesport.org/_files/ugd/138a69_8715a573a51742ce95dddeb0461cfc82.pdf,PDF p. 10; Grades by Category: NFL Players
players,two_or_more_races,percent,2021,9.8,,,,2021,2021-09,contemporaneous report,self-identified categories from 2019 (break in series),1,9.8 (2023),amend_2020,post_2021,primary,https://www.tidesport.org/_files/ugd/326b62_5afc0093dedf4b53bdba964fa0c1eb0c.pdf,PDF p. 10; Grades by Category: NFL Players
players,two_or_more_races,percent,2022,10.5,,,,2023,"",retrospective (2023 Appendix II),self-identified categories from 2019 (break in series),0,"",amend_2022,post_2021,primary,https://www.tidesport.org/_files/ugd/326b62_f8ae68d67f744fdbba5962c84b43f3bf.pdf,"PDF p. 47; Appendix II, Table 1 (Players)"
players,two_or_more_races,percent,2023,10.9,,,,2023,2023-08,contemporaneous report,self-identified categories from 2019 (break in series),1,10.9 (2023),amend_2022,post_2021,primary,https://www.tidesport.org/_files/ugd/326b62_f8ae68d67f744fdbba5962c84b43f3bf.pdf,PDF p. 9; Grades by Category: NFL Players
players,two_or_more_races_or_other,percent,2021,10.1,,,,2022,"",contemporaneous report,self-identified categories from 2019 (break in series),0,"",amend_2020,post_2021,primary,https://www.tidesport.org/_files/ugd/ac4087_d74e4aa674334087b6c4506f6d353a48.pdf,PDF p. 10; Grades by Category: NFL Players
players,two_or_more_races_or_other,percent,2022,10.5,,,,2022,2022-08,contemporaneous report,self-identified categories from 2019 (break in series),0,"",amend_2022,post_2021,primary,https://www.tidesport.org/_files/ugd/ac4087_d74e4aa674334087b6c4506f6d353a48.pdf,PDF p. 10; Grades by Category: NFL Players
players,white,percent,1990,39,,,,2023,"",retrospective (2023 Appendix II),"",0,"",pre_rule,pre_rule,primary,https://www.tidesport.org/_files/ugd/326b62_f8ae68d67f744fdbba5962c84b43f3bf.pdf,"PDF p. 47; Appendix II, Table 1 (Players)"
players,white,percent,1991,36,,,,2023,"",retrospective (2023 Appendix II),"",0,"",pre_rule,pre_rule,primary,https://www.tidesport.org/_files/ugd/326b62_f8ae68d67f744fdbba5962c84b43f3bf.pdf,"PDF p. 47; Appendix II, Table 1 (Players)"
players,white,percent,1992,30,,,,2023,"",retrospective (2023 Appendix II),"",0,"",pre_rule,pre_rule,primary,https://www.tidesport.org/_files/ugd/326b62_f8ae68d67f744fdbba5962c84b43f3bf.pdf,"PDF p. 47; Appendix II, Table 1 (Players)"
players,white,percent,1993,35,,,,2023,"",retrospective (2023 Appendix II),"",0,"",pre_rule,pre_rule,primary,https://www.tidesport.org/_files/ugd/326b62_f8ae68d67f744fdbba5962c84b43f3bf.pdf,"PDF p. 47; Appendix II, Table 1 (Players)"
players,white,percent,1994,31,,,,2023,"",retrospective (2023 Appendix II),"",0,"",pre_rule,pre_rule,primary,https://www.tidesport.org/_files/ugd/326b62_f8ae68d67f744fdbba5962c84b43f3bf.pdf,"PDF p. 47; Appendix II, Table 1 (Players)"
players,white,percent,1995,31,,,,2023,"",retrospective (2023 Appendix II),"",0,"",pre_rule,pre_rule,primary,https://www.tidesport.org/_files/ugd/326b62_f8ae68d67f744fdbba5962c84b43f3bf.pdf,"PDF p. 47; Appendix II, Table 1 (Players)"
players,white,percent,1996,31,,,,2023,"",retrospective (2023 Appendix II),"",0,"",pre_rule,pre_rule,primary,https://www.tidesport.org/_files/ugd/326b62_f8ae68d67f744fdbba5962c84b43f3bf.pdf,"PDF p. 47; Appendix II, Table 1 (Players)"
players,white,percent,1997,33,,,,2023,"",retrospective (2023 Appendix II),"",0,"",pre_rule,pre_rule,primary,https://www.tidesport.org/_files/ugd/326b62_f8ae68d67f744fdbba5962c84b43f3bf.pdf,"PDF p. 47; Appendix II, Table 1 (Players)"
players,white,percent,1998,32,,,,2023,"",retrospective (2023 Appendix II),"",0,"",pre_rule,pre_rule,primary,https://www.tidesport.org/_files/ugd/326b62_f8ae68d67f744fdbba5962c84b43f3bf.pdf,"PDF p. 47; Appendix II, Table 1 (Players)"
players,white,percent,1999,32,,,,2001,"",contemporaneous report,"",1,32 (2023),pre_rule,pre_rule,primary,https://www.tidesport.org/_files/ugd/7d86e5_fff5f25555de4e0087a8078790afe2fc.pdf,PDF p. 12; Minorities and Women Playing Professional Sports
players,white,percent,2000,32,,,,2001,"",contemporaneous report,"",0,"",pre_rule,pre_rule,primary,https://www.tidesport.org/_files/ugd/7d86e5_fff5f25555de4e0087a8078790afe2fc.pdf,PDF p. 12; Minorities and Women Playing Professional Sports
players,white,percent,2001,33,,,,2003,"",contemporaneous report,"",0,"",pre_rule,pre_rule,primary,https://www.tidesport.org/_files/ugd/7d86e5_2b6a39fc09ce4fdfa47bbae7b94458de.pdf,PDF p. 17; Men's Professional Sports
players,white,percent,2003,29,,,,2004,"",contemporaneous report,"",2,29.1 (2004); 29.1 (2023),rule_2003,rule_2003,primary,https://www.tidesport.org/_files/ugd/7d86e5_d4e81d551510470ab133adcdff26c44e.pdf,PDF p. 4; Grades by Category: Players
players,white,percent,2005,32,,,,2005,"",contemporaneous report,"",2,31.5 (2005); 31.3 (2023),rule_2003,rule_2003,primary,https://www.tidesport.org/_files/ugd/7d86e5_9548089523184f6c8577f07fe91f5397.pdf,PDF p. 4; Grades by Category: Players
players,white,percent,2006,31,,,,2006,"",contemporaneous report,"",2,31 (2006); 30.9 (2023),rule_2003,rule_2003,primary,https://www.tidesport.org/_files/ugd/7d86e5_7232193e48f64e90af2cdf09e65a8a94.pdf,PDF p. 4; Grades by Category: Players
players,white,percent,2007,31,,,,2008,"",contemporaneous report,"",2,31 (2008); 30.2 (2023),rule_2003,rule_2003,primary,https://www.tidesport.org/_files/ugd/7d86e5_6b3e09108aba4deb891cfbc7cac66b02.pdf,PDF p. 5; Grades by Category: Players
players,white,percent,2008,31,,,,2009,"",contemporaneous report,"",2,31 (2009); 29.8 (2023),rule_2003,rule_2003,primary,https://www.tidesport.org/_files/ugd/7d86e5_45094cb7ae7544be9b7babc6cc0a63ed.pdf,PDF p. 5; Grades by Category: Players
players,white,percent,2009,30,,,,2010,"",contemporaneous report,"",2,30 (2010); 29.3 (2023),rule_2003,rule_2003,primary,https://www.tidesport.org/_files/ugd/7d86e5_bdd6b1a988ef46d08cc23d64293b611c.pdf,PDF p. 4; Grades by Category: Players
players,white,percent,2010,31,,,,2011,"",contemporaneous report,"",2,31 (2011); 30.6 (2023),rule_2003,rule_2003,primary,https://www.tidesport.org/_files/ugd/7d86e5_a8bf63c80f4947118f37f73d32f40737.pdf,PDF p. 5; Grades by Category: Players
players,white,percent,2011,31,,,,2012,"",contemporaneous report,"",2,31 (2012); 30.8 (2023),rule_2003,rule_2003,primary,https://www.tidesport.org/_files/ugd/7d86e5_888d1dd1047441cca0b8a9e300dc1f94.pdf,PDF p. 4; Grades by Category: Players
players,white,percent,2012,30.1,,,,2013,"",contemporaneous report,"",2,30.1 (2013); 29.7 (2023),rule_2003,rule_2003,primary,https://www.tidesport.org/_files/ugd/7d86e5_cdc71c7a4cf540118817b7fce8f040db.pdf,"PDF p. 3,4; Grades by Category: Players"
players,white,percent,2013,31,,,,2014,"",contemporaneous report,"",2,31 (2014); 30.5 (2023),rule_2003,rule_2003,primary,https://www.tidesport.org/_files/ugd/7d86e5_72d723866ba848a3886212e393822840.pdf,"PDF p. 3,4; Grades by Category: Players"
players,white,percent,2014,28.6,,,,2015,2015-07-01,contemporaneous report,"",2,28.6 (2015); 28.3 (2023),rule_2003,rule_2003,primary,https://www.tidesport.org/_files/ugd/a4ad0c_96113214204e492b986abb8549e85ce2.pdf,PDF p. 4; Grades by Category: Players
players,white,percent,2015,27.9,,,,2016,"",contemporaneous report,"",0,"",rule_2003,rule_2003,primary,https://www.tidesport.org/_files/ugd/a4ad0c_83cebda86fed4f8a820adcb3af3d71d8.pdf,PDF p. 5; Grades by Category: Players
players,white,percent,2016,27.4,,,,2016,2016-08,contemporaneous report,"",2,27.4 (2016); 27.4 (2023),rule_2003,rule_2003,primary,https://www.tidesport.org/_files/ugd/a4ad0c_83cebda86fed4f8a820adcb3af3d71d8.pdf,PDF p. 5; Grades by Category: Players
players,white,percent,2019,26.8,,,,2019,2019-09,contemporaneous report,self-identified categories from 2019 (break in series),2,26.8 (2019); 26.8 (2023),rule_2003,rule_2003,primary,https://www.tidesport.org/_files/ugd/7d86e5_5af5faf45ba7443da733f900f54638b4.pdf,PDF p. 9; Grades by Category: NFL Players
players,white,percent,2020,24.9,,,,2020,2020-09,contemporaneous report,self-identified categories from 2019 (break in series),1,24.9 (2023),rule_2003,rule_2003,primary,https://www.tidesport.org/_files/ugd/138a69_8715a573a51742ce95dddeb0461cfc82.pdf,PDF p. 10; Grades by Category: NFL Players
players,white,percent,2021,25,,,,2021,2021-09,contemporaneous report,self-identified categories from 2019 (break in series),1,25 (2023),amend_2020,post_2021,primary,https://www.tidesport.org/_files/ugd/326b62_5afc0093dedf4b53bdba964fa0c1eb0c.pdf,PDF p. 10; Grades by Category: NFL Players
players,white,percent,2022,24.9,,,,2022,2022-08,contemporaneous report,self-identified categories from 2019 (break in series),1,24.9 (2023),amend_2022,post_2021,primary,https://www.tidesport.org/_files/ugd/ac4087_d74e4aa674334087b6c4506f6d353a48.pdf,PDF p. 10; Grades by Category: NFL Players
players,white,percent,2023,24.4,,,,2023,2023-08,contemporaneous report,self-identified categories from 2019 (break in series),1,24.4 (2023),amend_2022,post_2021,primary,https://www.tidesport.org/_files/ugd/326b62_f8ae68d67f744fdbba5962c84b43f3bf.pdf,PDF p. 9; Grades by Category: NFL Players
