table,model,term,estimate,std_error,p_value,ci_low,ci_high,mde_80,nobs,n_players,outcome_mean,dep_var,n_input,n_risk_set,n_known_race,n_estimated,race_variant,experience,estimator,estimand,scale,fixed_effects,inference,outcome_timing,limitations,employer_definition,n_tied_employer_dropped,n_singleton_cells_dropped,n_singleton_rows_dropped,n_employers,n_employer_cells,common_sample,race_measure
table-34,(1),Black,-0.036212144175263646,0.008962249463334498,5.368607863892642e-5,-0.05377971253611842,-0.01864457581440887,0.025094298497336593,46083,11298,0.7775752446672308,RetainedNextSeason,58991,46115,46083,46083,,,fixest feols linear probability model,"P(Black) coefficient: Black-white difference in P(outcome) given controls (regression calibration under predicted measures); conditional association, not a causal effect",probability (0-1); x100 = percentage points,PositionGroup^season + prior-covariate dummies,cluster-robust by player (gsis_id); 95% CI; mde_80 = 2.8 x SE,"season t+1 roster, right-censored at 2025","Risk sets condition on employment in season t (selected survival); roster weeks are not paid weeks; under-contract status from weekly rosters (2016 weeks 1-2 unverified listings dropped); access risk set limited to rookie cohorts 2011+ and seasons 2013+ (OTC contract-history coverage); race is predicted, not observed (see race_measure_note)",,,,,,,,predicted
table-34,(1),OtherRace,-0.02939982688538393,0.01735507080914828,0.09028915929657663,-0.06341878541744776,0.004619131646679903,0.04859419826561518,46083,11298,0.7775752446672308,RetainedNextSeason,58991,46115,46083,46083,,,fixest feols linear probability model,P(other race) coefficient relative to white,probability (0-1); x100 = percentage points,PositionGroup^season + prior-covariate dummies,cluster-robust by player (gsis_id); 95% CI; mde_80 = 2.8 x SE,"season t+1 roster, right-censored at 2025","Risk sets condition on employment in season t (selected survival); roster weeks are not paid weeks; under-contract status from weekly rosters (2016 weeks 1-2 unverified listings dropped); access risk set limited to rookie cohorts 2011+ and seasons 2013+ (OTC contract-history coverage); race is predicted, not observed (see race_measure_note)",,,,,,,,predicted
table-34,(2),Black,-0.04761060327436897,0.009017475690176528,1.3171368008985398e-7,-0.06528642464908244,-0.029934781899655503,0.025248931932494275,46083,11298,0.7775752446672308,RetainedNextSeason,58991,46115,46083,46083,,,fixest feols linear probability model,"P(Black) coefficient: Black-white difference in P(outcome) given controls (regression calibration under predicted measures); conditional association, not a causal effect",probability (0-1); x100 = percentage points,PositionGroup^season + prior-covariate dummies,cluster-robust by player (gsis_id); 95% CI; mde_80 = 2.8 x SE,"season t+1 roster, right-censored at 2025","Risk sets condition on employment in season t (selected survival); roster weeks are not paid weeks; under-contract status from weekly rosters (2016 weeks 1-2 unverified listings dropped); access risk set limited to rookie cohorts 2011+ and seasons 2013+ (OTC contract-history coverage); race is predicted, not observed (see race_measure_note)",,,,,,,,predicted
table-34,(2),OtherRace,-0.03692199779038041,0.017334531280486086,0.033195800464809716,-0.07090069527243117,-0.0029433003083296425,0.04853668758536104,46083,11298,0.7775752446672308,RetainedNextSeason,58991,46115,46083,46083,,,fixest feols linear probability model,P(other race) coefficient relative to white,probability (0-1); x100 = percentage points,PositionGroup^season + prior-covariate dummies,cluster-robust by player (gsis_id); 95% CI; mde_80 = 2.8 x SE,"season t+1 roster, right-censored at 2025","Risk sets condition on employment in season t (selected survival); roster weeks are not paid weeks; under-contract status from weekly rosters (2016 weeks 1-2 unverified listings dropped); access risk set limited to rookie cohorts 2011+ and seasons 2013+ (OTC contract-history coverage); race is predicted, not observed (see race_measure_note)",,,,,,,,predicted
table-34,(3),Black,-0.03291500495435546,0.007714003259920665,1.998090313866327e-5,-0.04803579356428249,-0.017794216344428435,0.021599209127777862,46083,11298,0.7775752446672308,RetainedNextSeason,58991,46115,46083,46083,,,fixest feols linear probability model,"P(Black) coefficient: Black-white difference in P(outcome) given controls (regression calibration under predicted measures); conditional association, not a causal effect",probability (0-1); x100 = percentage points,PositionGroup^season + prior-covariate dummies,cluster-robust by player (gsis_id); 95% CI; mde_80 = 2.8 x SE,"season t+1 roster, right-censored at 2025","Risk sets condition on employment in season t (selected survival); roster weeks are not paid weeks; under-contract status from weekly rosters (2016 weeks 1-2 unverified listings dropped); access risk set limited to rookie cohorts 2011+ and seasons 2013+ (OTC contract-history coverage); race is predicted, not observed (see race_measure_note)",,,,,,,,predicted
table-34,(3),OtherRace,0.0012248884866425595,0.014787060290009355,0.9339840801359396,-0.027760322599433285,0.030210099572718405,0.04140376881202619,46083,11298,0.7775752446672308,RetainedNextSeason,58991,46115,46083,46083,,,fixest feols linear probability model,P(other race) coefficient relative to white,probability (0-1); x100 = percentage points,PositionGroup^season + prior-covariate dummies,cluster-robust by player (gsis_id); 95% CI; mde_80 = 2.8 x SE,"season t+1 roster, right-censored at 2025","Risk sets condition on employment in season t (selected survival); roster weeks are not paid weeks; under-contract status from weekly rosters (2016 weeks 1-2 unverified listings dropped); access risk set limited to rookie cohorts 2011+ and seasons 2013+ (OTC contract-history coverage); race is predicted, not observed (see race_measure_note)",,,,,,,,predicted
table-34,(4),Black,-0.03195297563442068,0.008066949325883267,7.510305395069503e-5,-0.04776559994551394,-0.016140351323327414,0.022587458112473147,46083,11298,0.7775752446672308,RetainedNextSeason,58991,46115,46083,46083,,,fixest feols linear probability model,"P(Black) coefficient: Black-white difference in P(outcome) given controls (regression calibration under predicted measures); conditional association, not a causal effect",probability (0-1); x100 = percentage points,PositionGroup^season + prior-covariate dummies,cluster-robust by player (gsis_id); 95% CI; mde_80 = 2.8 x SE,"season t+1 roster, right-censored at 2025","Risk sets condition on employment in season t (selected survival); roster weeks are not paid weeks; under-contract status from weekly rosters (2016 weeks 1-2 unverified listings dropped); access risk set limited to rookie cohorts 2011+ and seasons 2013+ (OTC contract-history coverage); race is predicted, not observed (see race_measure_note)",,,,,,,,predicted
table-34,(4),OtherRace,0.002243472852855548,0.015061470050530715,0.8815922413381135,-0.02727962911056831,0.03176657481627941,0.042172116141486,46083,11298,0.7775752446672308,RetainedNextSeason,58991,46115,46083,46083,,,fixest feols linear probability model,P(other race) coefficient relative to white,probability (0-1); x100 = percentage points,PositionGroup^season + prior-covariate dummies,cluster-robust by player (gsis_id); 95% CI; mde_80 = 2.8 x SE,"season t+1 roster, right-censored at 2025","Risk sets condition on employment in season t (selected survival); roster weeks are not paid weeks; under-contract status from weekly rosters (2016 weeks 1-2 unverified listings dropped); access risk set limited to rookie cohorts 2011+ and seasons 2013+ (OTC contract-history coverage); race is predicted, not observed (see race_measure_note)",,,,,,,,predicted
table-34,(5),Black,-0.029383747329064857,0.007942100748056128,2.1684048081951852e-4,-0.04495164670422471,-0.013815847953905003,0.022237882094557158,46083,11298,0.7775752446672308,RetainedNextSeason,58991,46115,46083,46083,,,fixest feols linear probability model,"P(Black) coefficient: Black-white difference in P(outcome) given controls (regression calibration under predicted measures); conditional association, not a causal effect",probability (0-1); x100 = percentage points,PositionGroup^season + prior-covariate dummies,cluster-robust by player (gsis_id); 95% CI; mde_80 = 2.8 x SE,"season t+1 roster, right-censored at 2025","Risk sets condition on employment in season t (selected survival); roster weeks are not paid weeks; under-contract status from weekly rosters (2016 weeks 1-2 unverified listings dropped); access risk set limited to rookie cohorts 2011+ and seasons 2013+ (OTC contract-history coverage); race is predicted, not observed (see race_measure_note)",,,,,,,,predicted
table-34,(5),OtherRace,1.0196917196621934e-4,0.015024508806193135,0.9945850340958025,-0.02934868232137654,0.02955262066530898,0.04206862465734078,46083,11298,0.7775752446672308,RetainedNextSeason,58991,46115,46083,46083,,,fixest feols linear probability model,P(other race) coefficient relative to white,probability (0-1); x100 = percentage points,PositionGroup^season + prior-covariate dummies,cluster-robust by player (gsis_id); 95% CI; mde_80 = 2.8 x SE,"season t+1 roster, right-censored at 2025","Risk sets condition on employment in season t (selected survival); roster weeks are not paid weeks; under-contract status from weekly rosters (2016 weeks 1-2 unverified listings dropped); access risk set limited to rookie cohorts 2011+ and seasons 2013+ (OTC contract-history coverage); race is predicted, not observed (see race_measure_note)",,,,,,,,predicted
table-34,(6),Black,-0.03997074074507605,0.00917733714161928,1.34010710310831e-5,-0.05795991838017653,-0.021981563109975566,0.025696543996533983,46083,11298,0.7057483236768439,RetainedNextSeasonGameDay,58991,46115,46083,46083,,,fixest feols linear probability model,"P(Black) coefficient: Black-white difference in P(outcome) given controls (regression calibration under predicted measures); conditional association, not a causal effect",probability (0-1); x100 = percentage points,PositionGroup^season + prior-covariate dummies,cluster-robust by player (gsis_id); 95% CI; mde_80 = 2.8 x SE,"season t+1 roster, right-censored at 2025","Risk sets condition on employment in season t (selected survival); roster weeks are not paid weeks; under-contract status from weekly rosters (2016 weeks 1-2 unverified listings dropped); access risk set limited to rookie cohorts 2011+ and seasons 2013+ (OTC contract-history coverage); race is predicted, not observed (see race_measure_note)",,,,,,,,predicted
table-34,(6),OtherRace,-0.013566575184165586,0.01673434211076002,0.4175535398748711,-0.04636879746188921,0.019235647093558034,0.04685615791012805,46083,11298,0.7057483236768439,RetainedNextSeasonGameDay,58991,46115,46083,46083,,,fixest feols linear probability model,P(other race) coefficient relative to white,probability (0-1); x100 = percentage points,PositionGroup^season + prior-covariate dummies,cluster-robust by player (gsis_id); 95% CI; mde_80 = 2.8 x SE,"season t+1 roster, right-censored at 2025","Risk sets condition on employment in season t (selected survival); roster weeks are not paid weeks; under-contract status from weekly rosters (2016 weeks 1-2 unverified listings dropped); access risk set limited to rookie cohorts 2011+ and seasons 2013+ (OTC contract-history coverage); race is predicted, not observed (see race_measure_note)",,,,,,,,predicted
table-34,(7),Black,-0.05404988700521542,0.009938011561577833,5.478811970349864e-8,-0.07353011885919764,-0.03456965515123321,0.02782643237241793,46083,11298,0.5928216478961873,RetainedNextSeasonSameFranchise,58991,46115,46083,46083,,,fixest feols linear probability model,"P(Black) coefficient: Black-white difference in P(outcome) given controls (regression calibration under predicted measures); conditional association, not a causal effect",probability (0-1); x100 = percentage points,PositionGroup^season + prior-covariate dummies,cluster-robust by player (gsis_id); 95% CI; mde_80 = 2.8 x SE,"season t+1 roster, right-censored at 2025","Risk sets condition on employment in season t (selected survival); roster weeks are not paid weeks; under-contract status from weekly rosters (2016 weeks 1-2 unverified listings dropped); access risk set limited to rookie cohorts 2011+ and seasons 2013+ (OTC contract-history coverage); race is predicted, not observed (see race_measure_note)",,,,,,,,predicted
table-34,(7),OtherRace,0.008475175784595364,0.018792600538347217,0.6520092141319889,-0.028361591143873828,0.04531194271306455,0.052619281507372204,46083,11298,0.5928216478961873,RetainedNextSeasonSameFranchise,58991,46115,46083,46083,,,fixest feols linear probability model,P(other race) coefficient relative to white,probability (0-1); x100 = percentage points,PositionGroup^season + prior-covariate dummies,cluster-robust by player (gsis_id); 95% CI; mde_80 = 2.8 x SE,"season t+1 roster, right-censored at 2025","Risk sets condition on employment in season t (selected survival); roster weeks are not paid weeks; under-contract status from weekly rosters (2016 weeks 1-2 unverified listings dropped); access risk set limited to rookie cohorts 2011+ and seasons 2013+ (OTC contract-history coverage); race is predicted, not observed (see race_measure_note)",,,,,,,,predicted
table-34,(8),Black,-0.043264972522513455,0.009364464169024093,3.877545940135363e-6,-0.061620951691039955,-0.024908993353986955,0.026220499673267457,46083,11298,0.6947030358266606,RetainedNextSeasonFinalWeek,58991,46115,46083,46083,,,fixest feols linear probability model,"P(Black) coefficient: Black-white difference in P(outcome) given controls (regression calibration under predicted measures); conditional association, not a causal effect",probability (0-1); x100 = percentage points,PositionGroup^season + prior-covariate dummies,cluster-robust by player (gsis_id); 95% CI; mde_80 = 2.8 x SE,"season t+1 roster, right-censored at 2025","Risk sets condition on employment in season t (selected survival); roster weeks are not paid weeks; under-contract status from weekly rosters (2016 weeks 1-2 unverified listings dropped); access risk set limited to rookie cohorts 2011+ and seasons 2013+ (OTC contract-history coverage); race is predicted, not observed (see race_measure_note)",,,,,,,,predicted
table-34,(8),OtherRace,-0.014877762009362546,0.017031631256418243,0.3823889539329963,-0.048262722740267744,0.018507198721542648,0.04768856751797108,46083,11298,0.6947030358266606,RetainedNextSeasonFinalWeek,58991,46115,46083,46083,,,fixest feols linear probability model,P(other race) coefficient relative to white,probability (0-1); x100 = percentage points,PositionGroup^season + prior-covariate dummies,cluster-robust by player (gsis_id); 95% CI; mde_80 = 2.8 x SE,"season t+1 roster, right-censored at 2025","Risk sets condition on employment in season t (selected survival); roster weeks are not paid weeks; under-contract status from weekly rosters (2016 weeks 1-2 unverified listings dropped); access risk set limited to rookie cohorts 2011+ and seasons 2013+ (OTC contract-history coverage); race is predicted, not observed (see race_measure_note)",,,,,,,,predicted
table-34,(9),Black,-0.010011535838508027,0.010980194671232112,0.36191561498624514,-0.031536084571167536,0.011513012894151483,0.03074454507944991,23881,6925,0.7930991164524098,RetainedNextSeasonEmployed,58991,23944,23881,23881,,,fixest feols linear probability model,"P(Black) coefficient: Black-white difference in P(outcome) given controls (regression calibration under predicted measures); conditional association, not a causal effect",probability (0-1); x100 = percentage points,PositionGroup^season + prior-covariate dummies,cluster-robust by player (gsis_id); 95% CI; mde_80 = 2.8 x SE,"season t+1 roster, right-censored at 2025","Risk sets condition on employment in season t (selected survival); roster weeks are not paid weeks; under-contract status from weekly rosters (2016 weeks 1-2 unverified listings dropped); access risk set limited to rookie cohorts 2011+ and seasons 2013+ (OTC contract-history coverage); race is predicted, not observed (see race_measure_note)",,,,,,,,predicted
table-34,(9),OtherRace,0.04019081271151022,0.01938618806574409,0.03819360359530087,0.002187939150909944,0.07819368627211049,0.054281326584083446,23881,6925,0.7930991164524098,RetainedNextSeasonEmployed,58991,23944,23881,23881,,,fixest feols linear probability model,P(other race) coefficient relative to white,probability (0-1); x100 = percentage points,PositionGroup^season + prior-covariate dummies,cluster-robust by player (gsis_id); 95% CI; mde_80 = 2.8 x SE,"season t+1 roster, right-censored at 2025","Risk sets condition on employment in season t (selected survival); roster weeks are not paid weeks; under-contract status from weekly rosters (2016 weeks 1-2 unverified listings dropped); access risk set limited to rookie cohorts 2011+ and seasons 2013+ (OTC contract-history coverage); race is predicted, not observed (see race_measure_note)",,,,,,,,predicted
table-34,(9),PracticeSquadOnly,-0.13360225478861462,0.012855663314663873,4.101706418092763e-25,-0.1588032971919999,-0.10840121238522933,0.03599585728105884,23881,6925,0.7930991164524098,RetainedNextSeasonEmployed,58991,23944,23881,23881,,,fixest feols linear probability model,practice-squad-only season in t relative to under contract,probability (0-1); x100 = percentage points,PositionGroup^season + prior-covariate dummies,cluster-robust by player (gsis_id); 95% CI; mde_80 = 2.8 x SE,"season t+1 roster, right-censored at 2025","Risk sets condition on employment in season t (selected survival); roster weeks are not paid weeks; under-contract status from weekly rosters (2016 weeks 1-2 unverified listings dropped); access risk set limited to rookie cohorts 2011+ and seasons 2013+ (OTC contract-history coverage); race is predicted, not observed (see race_measure_note)",,,,,,,,predicted
table-34c,(1),Black,-0.03195297563442068,0.008066949325883267,7.510305395069503e-5,-0.04776559994551394,-0.016140351323327414,0.022587458112473147,46083,11298,0.7775752446672308,RetainedNextSeason,58991,46115,46083,46083,,,fixest feols linear probability model,"P(Black) coefficient: Black-white difference in P(outcome) given controls (regression calibration under predicted measures); conditional association, not a causal effect",probability (0-1); x100 = percentage points,PositionGroup^season + prior-covariate dummies,cluster-robust by player (gsis_id); 95% CI; mde_80 = 2.8 x SE,"season t+1 roster, right-censored at 2025","Risk sets condition on employment in season t (selected survival); roster weeks are not paid weeks; under-contract status from weekly rosters (2016 weeks 1-2 unverified listings dropped); access risk set limited to rookie cohorts 2011+ and seasons 2013+ (OTC contract-history coverage); race is predicted, not observed (see race_measure_note) employer = last verified under-contract franchise of season t (an end point of season-t roster decisions), tied final weeks dropped; within-employer comparison is descriptive among selected survivors, not an employer treatment effect",franchise of the last verified under-contract week of season t (18 RetentionEmployer); tied final weeks have no employer and are dropped,1,0,0,,,Table 34 column (4) sample,predicted
table-34c,(1),OtherRace,0.002243472852855548,0.015061470050530715,0.8815922413381135,-0.02727962911056831,0.03176657481627941,0.042172116141486,46083,11298,0.7775752446672308,RetainedNextSeason,58991,46115,46083,46083,,,fixest feols linear probability model,P(other race) coefficient relative to white,probability (0-1); x100 = percentage points,PositionGroup^season + prior-covariate dummies,cluster-robust by player (gsis_id); 95% CI; mde_80 = 2.8 x SE,"season t+1 roster, right-censored at 2025","Risk sets condition on employment in season t (selected survival); roster weeks are not paid weeks; under-contract status from weekly rosters (2016 weeks 1-2 unverified listings dropped); access risk set limited to rookie cohorts 2011+ and seasons 2013+ (OTC contract-history coverage); race is predicted, not observed (see race_measure_note) employer = last verified under-contract franchise of season t (an end point of season-t roster decisions), tied final weeks dropped; within-employer comparison is descriptive among selected survivors, not an employer treatment effect",franchise of the last verified under-contract week of season t (18 RetentionEmployer); tied final weeks have no employer and are dropped,1,0,0,,,Table 34 column (4) sample,predicted
table-34c,(2),Black,-0.031956324845660314,0.008103278369768143,8.07424311955895e-5,-0.04784016040394582,-0.016072489287374807,0.0226891794353508,46082,11298,0.7775704179506098,RetainedNextSeason,58991,46114,46082,46082,,,fixest feols linear probability model,"P(Black) coefficient: Black-white difference in P(outcome) given controls (regression calibration under predicted measures); conditional association, not a causal effect",probability (0-1); x100 = percentage points,PositionGroup^season + prior-covariate dummies,cluster-robust by player (gsis_id); 95% CI; mde_80 = 2.8 x SE,"season t+1 roster, right-censored at 2025","Risk sets condition on employment in season t (selected survival); roster weeks are not paid weeks; under-contract status from weekly rosters (2016 weeks 1-2 unverified listings dropped); access risk set limited to rookie cohorts 2011+ and seasons 2013+ (OTC contract-history coverage); race is predicted, not observed (see race_measure_note) employer = last verified under-contract franchise of season t (an end point of season-t roster decisions), tied final weeks dropped; within-employer comparison is descriptive among selected survivors, not an employer treatment effect",franchise of the last verified under-contract week of season t (18 RetentionEmployer); tied final weeks have no employer and are dropped,1,0,0,32,704,columns (2) and (3): identical estimation rows (fixest::obs asserted),predicted
table-34c,(2),OtherRace,0.0022283027370026353,0.01513888485142927,0.8829841443486788,-0.027446545706196333,0.0319031511802016,0.042388877584001956,46082,11298,0.7775704179506098,RetainedNextSeason,58991,46114,46082,46082,,,fixest feols linear probability model,P(other race) coefficient relative to white,probability (0-1); x100 = percentage points,PositionGroup^season + prior-covariate dummies,cluster-robust by player (gsis_id); 95% CI; mde_80 = 2.8 x SE,"season t+1 roster, right-censored at 2025","Risk sets condition on employment in season t (selected survival); roster weeks are not paid weeks; under-contract status from weekly rosters (2016 weeks 1-2 unverified listings dropped); access risk set limited to rookie cohorts 2011+ and seasons 2013+ (OTC contract-history coverage); race is predicted, not observed (see race_measure_note) employer = last verified under-contract franchise of season t (an end point of season-t roster decisions), tied final weeks dropped; within-employer comparison is descriptive among selected survivors, not an employer treatment effect",franchise of the last verified under-contract week of season t (18 RetentionEmployer); tied final weeks have no employer and are dropped,1,0,0,32,704,columns (2) and (3): identical estimation rows (fixest::obs asserted),predicted
table-34c,(3),Black,-0.028288004349714697,0.008082818046468732,4.6745421751799446e-4,-0.044131734114279765,-0.012444274585149628,0.02263189053011245,46082,11298,0.7775704179506098,RetainedNextSeason,58991,46114,46082,46082,,,fixest feols linear probability model,"P(Black) coefficient: Black-white difference in P(outcome) given controls (regression calibration under predicted measures); conditional association, not a causal effect",probability (0-1); x100 = percentage points,PositionGroup^season + RetentionEmployer^season + prior-covariate dummies,cluster-robust by player (gsis_id); 95% CI; mde_80 = 2.8 x SE,"season t+1 roster, right-censored at 2025","Risk sets condition on employment in season t (selected survival); roster weeks are not paid weeks; under-contract status from weekly rosters (2016 weeks 1-2 unverified listings dropped); access risk set limited to rookie cohorts 2011+ and seasons 2013+ (OTC contract-history coverage); race is predicted, not observed (see race_measure_note) employer = last verified under-contract franchise of season t (an end point of season-t roster decisions), tied final weeks dropped; within-employer comparison is descriptive among selected survivors, not an employer treatment effect",franchise of the last verified under-contract week of season t (18 RetentionEmployer); tied final weeks have no employer and are dropped,1,0,0,32,704,columns (2) and (3): identical estimation rows (fixest::obs asserted),predicted
table-34c,(3),OtherRace,0.006465211070955488,0.015030099034188418,0.6670940595646082,-0.02299639824194604,0.035926820383857014,0.042084277295727564,46082,11298,0.7775704179506098,RetainedNextSeason,58991,46114,46082,46082,,,fixest feols linear probability model,P(other race) coefficient relative to white,probability (0-1); x100 = percentage points,PositionGroup^season + RetentionEmployer^season + prior-covariate dummies,cluster-robust by player (gsis_id); 95% CI; mde_80 = 2.8 x SE,"season t+1 roster, right-censored at 2025","Risk sets condition on employment in season t (selected survival); roster weeks are not paid weeks; under-contract status from weekly rosters (2016 weeks 1-2 unverified listings dropped); access risk set limited to rookie cohorts 2011+ and seasons 2013+ (OTC contract-history coverage); race is predicted, not observed (see race_measure_note) employer = last verified under-contract franchise of season t (an end point of season-t roster decisions), tied final weeks dropped; within-employer comparison is descriptive among selected survivors, not an employer treatment effect",franchise of the last verified under-contract week of season t (18 RetentionEmployer); tied final weeks have no employer and are dropped,1,0,0,32,704,columns (2) and (3): identical estimation rows (fixest::obs asserted),predicted
table-35,(1),Black,-0.034912108620370315,0.009832773825351257,3.872316496911029e-4,-0.05418776146609733,-0.0156364557746433,0.027531766710983518,17282,6189,0.12174516838328897,BargainedEventNext,58991,17314,17282,17282,,,fixest feols linear probability model,"P(Black) coefficient: Black-white difference in P(outcome) given controls (regression calibration under predicted measures); conditional association, not a causal effect",probability (0-1); x100 = percentage points,PositionGroup^season + prior-covariate dummies,cluster-robust by player (gsis_id); 95% CI; mde_80 = 2.8 x SE,"contract year t+1, 2026 observed through the OTC scrape","Risk sets condition on employment in season t (selected survival); roster weeks are not paid weeks; under-contract status from weekly rosters (2016 weeks 1-2 unverified listings dropped); access risk set limited to rookie cohorts 2011+ and seasons 2013+ (OTC contract-history coverage); race is predicted, not observed (see race_measure_note)",,,,,,,,predicted
table-35,(1),OtherRace,-0.03082029680843048,0.017750128290684352,0.08255311535969195,-0.06561671509034157,0.003976121473480615,0.04970035921391618,17282,6189,0.12174516838328897,BargainedEventNext,58991,17314,17282,17282,,,fixest feols linear probability model,P(other race) coefficient relative to white,probability (0-1); x100 = percentage points,PositionGroup^season + prior-covariate dummies,cluster-robust by player (gsis_id); 95% CI; mde_80 = 2.8 x SE,"contract year t+1, 2026 observed through the OTC scrape","Risk sets condition on employment in season t (selected survival); roster weeks are not paid weeks; under-contract status from weekly rosters (2016 weeks 1-2 unverified listings dropped); access risk set limited to rookie cohorts 2011+ and seasons 2013+ (OTC contract-history coverage); race is predicted, not observed (see race_measure_note)",,,,,,,,predicted
table-35,(2),Black,-0.026868783503133375,0.00896976767935424,0.002750963867102178,-0.04445264447309505,-0.009284922533171699,0.02511534950219187,17282,6189,0.12174516838328897,BargainedEventNext,58991,17314,17282,17282,,,fixest feols linear probability model,"P(Black) coefficient: Black-white difference in P(outcome) given controls (regression calibration under predicted measures); conditional association, not a causal effect",probability (0-1); x100 = percentage points,PositionGroup^season + prior-covariate dummies,cluster-robust by player (gsis_id); 95% CI; mde_80 = 2.8 x SE,"contract year t+1, 2026 observed through the OTC scrape","Risk sets condition on employment in season t (selected survival); roster weeks are not paid weeks; under-contract status from weekly rosters (2016 weeks 1-2 unverified listings dropped); access risk set limited to rookie cohorts 2011+ and seasons 2013+ (OTC contract-history coverage); race is predicted, not observed (see race_measure_note)",,,,,,,,predicted
table-35,(2),OtherRace,-0.024696026504257007,0.01560014277496015,0.113457950934297,-0.055277726217375985,0.00588567320886197,0.04368039976988842,17282,6189,0.12174516838328897,BargainedEventNext,58991,17314,17282,17282,,,fixest feols linear probability model,P(other race) coefficient relative to white,probability (0-1); x100 = percentage points,PositionGroup^season + prior-covariate dummies,cluster-robust by player (gsis_id); 95% CI; mde_80 = 2.8 x SE,"contract year t+1, 2026 observed through the OTC scrape","Risk sets condition on employment in season t (selected survival); roster weeks are not paid weeks; under-contract status from weekly rosters (2016 weeks 1-2 unverified listings dropped); access risk set limited to rookie cohorts 2011+ and seasons 2013+ (OTC contract-history coverage); race is predicted, not observed (see race_measure_note)",,,,,,,,predicted
table-35,(3),Black,-0.013475903936858756,0.009164291463178244,0.14148274200744596,-0.03144109910547366,0.004489291231756147,0.02566001609689908,17282,6189,0.12174516838328897,BargainedEventNext,58991,17314,17282,17282,,,fixest feols linear probability model,"P(Black) coefficient: Black-white difference in P(outcome) given controls (regression calibration under predicted measures); conditional association, not a causal effect",probability (0-1); x100 = percentage points,PositionGroup^season + prior-covariate dummies,cluster-robust by player (gsis_id); 95% CI; mde_80 = 2.8 x SE,"contract year t+1, 2026 observed through the OTC scrape","Risk sets condition on employment in season t (selected survival); roster weeks are not paid weeks; under-contract status from weekly rosters (2016 weeks 1-2 unverified listings dropped); access risk set limited to rookie cohorts 2011+ and seasons 2013+ (OTC contract-history coverage); race is predicted, not observed (see race_measure_note)",,,,,,,,predicted
table-35,(3),OtherRace,-9.646760129364934e-4,0.016448629816700273,0.9532345280468298,-0.03320970511318253,0.03128035308730954,0.04605616348676076,17282,6189,0.12174516838328897,BargainedEventNext,58991,17314,17282,17282,,,fixest feols linear probability model,P(other race) coefficient relative to white,probability (0-1); x100 = percentage points,PositionGroup^season + prior-covariate dummies,cluster-robust by player (gsis_id); 95% CI; mde_80 = 2.8 x SE,"contract year t+1, 2026 observed through the OTC scrape","Risk sets condition on employment in season t (selected survival); roster weeks are not paid weeks; under-contract status from weekly rosters (2016 weeks 1-2 unverified listings dropped); access risk set limited to rookie cohorts 2011+ and seasons 2013+ (OTC contract-history coverage); race is predicted, not observed (see race_measure_note)",,,,,,,,predicted
table-35,(4),Black,-0.007098873162556575,0.009385074029018298,0.44943800093438113,-0.025496878865524406,0.011299132540411257,0.026278207281251235,17282,6189,0.12174516838328897,BargainedEventNext,58991,17314,17282,17282,,,fixest feols linear probability model,"P(Black) coefficient: Black-white difference in P(outcome) given controls (regression calibration under predicted measures); conditional association, not a causal effect",probability (0-1); x100 = percentage points,PositionGroup^season + prior-covariate dummies,cluster-robust by player (gsis_id); 95% CI; mde_80 = 2.8 x SE,"contract year t+1, 2026 observed through the OTC scrape","Risk sets condition on employment in season t (selected survival); roster weeks are not paid weeks; under-contract status from weekly rosters (2016 weeks 1-2 unverified listings dropped); access risk set limited to rookie cohorts 2011+ and seasons 2013+ (OTC contract-history coverage); race is predicted, not observed (see race_measure_note)",,,,,,,,predicted
table-35,(4),OtherRace,8.609116653283866e-4,0.01727473718858525,0.9602543241911606,-0.033003574893879575,0.03472539822453635,0.0483692641280387,17282,6189,0.12174516838328897,BargainedEventNext,58991,17314,17282,17282,,,fixest feols linear probability model,P(other race) coefficient relative to white,probability (0-1); x100 = percentage points,PositionGroup^season + prior-covariate dummies,cluster-robust by player (gsis_id); 95% CI; mde_80 = 2.8 x SE,"contract year t+1, 2026 observed through the OTC scrape","Risk sets condition on employment in season t (selected survival); roster weeks are not paid weeks; under-contract status from weekly rosters (2016 weeks 1-2 unverified listings dropped); access risk set limited to rookie cohorts 2011+ and seasons 2013+ (OTC contract-history coverage); race is predicted, not observed (see race_measure_note)",,,,,,,,predicted
table-35,(5),Black,-0.003988642894615404,0.009272416293677093,0.6670926439921858,-0.022165800296239813,0.014188514507009007,0.02596276562229586,17282,6189,0.12174516838328897,BargainedEventNext,58991,17314,17282,17282,,,fixest feols linear probability model,"P(Black) coefficient: Black-white difference in P(outcome) given controls (regression calibration under predicted measures); conditional association, not a causal effect",probability (0-1); x100 = percentage points,PositionGroup^season + prior-covariate dummies,cluster-robust by player (gsis_id); 95% CI; mde_80 = 2.8 x SE,"contract year t+1, 2026 observed through the OTC scrape","Risk sets condition on employment in season t (selected survival); roster weeks are not paid weeks; under-contract status from weekly rosters (2016 weeks 1-2 unverified listings dropped); access risk set limited to rookie cohorts 2011+ and seasons 2013+ (OTC contract-history coverage); race is predicted, not observed (see race_measure_note)",,,,,,,,predicted
table-35,(5),OtherRace,0.0032116267835979664,0.016848778092825804,0.8488336323094825,-0.02981783195923026,0.036241085526426194,0.04717657865991225,17282,6189,0.12174516838328897,BargainedEventNext,58991,17314,17282,17282,,,fixest feols linear probability model,P(other race) coefficient relative to white,probability (0-1); x100 = percentage points,PositionGroup^season + prior-covariate dummies,cluster-robust by player (gsis_id); 95% CI; mde_80 = 2.8 x SE,"contract year t+1, 2026 observed through the OTC scrape","Risk sets condition on employment in season t (selected survival); roster weeks are not paid weeks; under-contract status from weekly rosters (2016 weeks 1-2 unverified listings dropped); access risk set limited to rookie cohorts 2011+ and seasons 2013+ (OTC contract-history coverage); race is predicted, not observed (see race_measure_note)",,,,,,,,predicted
table-35,(6),Black,-0.004742296792553523,0.01192238092661876,0.6908177130980898,-0.028114309975573976,0.01862971639046693,0.033382666594532526,15702,6183,0.16564768819258693,VeteranMarketEventNext,58991,15734,15702,15702,,,fixest feols linear probability model,"P(Black) coefficient: Black-white difference in P(outcome) given controls (regression calibration under predicted measures); conditional association, not a causal effect",probability (0-1); x100 = percentage points,PositionGroup^season + prior-covariate dummies,cluster-robust by player (gsis_id); 95% CI; mde_80 = 2.8 x SE,"contract year t+1, 2026 observed through the OTC scrape","Risk sets condition on employment in season t (selected survival); roster weeks are not paid weeks; under-contract status from weekly rosters (2016 weeks 1-2 unverified listings dropped); access risk set limited to rookie cohorts 2011+ and seasons 2013+ (OTC contract-history coverage); race is predicted, not observed (see race_measure_note)",,,,,,,,predicted
table-35,(6),OtherRace,0.0028222860119160678,0.019689818368678606,0.8860284460529398,-0.03577660604802307,0.0414211780718552,0.055131491432300096,15702,6183,0.16564768819258693,VeteranMarketEventNext,58991,15734,15702,15702,,,fixest feols linear probability model,P(other race) coefficient relative to white,probability (0-1); x100 = percentage points,PositionGroup^season + prior-covariate dummies,cluster-robust by player (gsis_id); 95% CI; mde_80 = 2.8 x SE,"contract year t+1, 2026 observed through the OTC scrape","Risk sets condition on employment in season t (selected survival); roster weeks are not paid weeks; under-contract status from weekly rosters (2016 weeks 1-2 unverified listings dropped); access risk set limited to rookie cohorts 2011+ and seasons 2013+ (OTC contract-history coverage); race is predicted, not observed (see race_measure_note)",,,,,,,,predicted
table-35,(7),Black,0.0045686045403786,0.015906033545707646,0.7739529907204925,-0.026614677058634757,0.03575188613939195,0.04453689392798141,11071,4702,0.2720621443410713,NonRookieEventNext,58991,11099,11071,11071,,,fixest feols linear probability model,"P(Black) coefficient: Black-white difference in P(outcome) given controls (regression calibration under predicted measures); conditional association, not a causal effect",probability (0-1); x100 = percentage points,PositionGroup^season + prior-covariate dummies,cluster-robust by player (gsis_id); 95% CI; mde_80 = 2.8 x SE,"contract year t+1, 2026 observed through the OTC scrape","Risk sets condition on employment in season t (selected survival); roster weeks are not paid weeks; under-contract status from weekly rosters (2016 weeks 1-2 unverified listings dropped); access risk set limited to rookie cohorts 2011+ and seasons 2013+ (OTC contract-history coverage); race is predicted, not observed (see race_measure_note)",,,,,,,,predicted
table-35,(7),OtherRace,0.031397085194324416,0.029893699018293085,0.2936382969838752,-0.027208577357867213,0.09000274774651604,0.08370235725122063,11071,4702,0.2720621443410713,NonRookieEventNext,58991,11099,11071,11071,,,fixest feols linear probability model,P(other race) coefficient relative to white,probability (0-1); x100 = percentage points,PositionGroup^season + prior-covariate dummies,cluster-robust by player (gsis_id); 95% CI; mde_80 = 2.8 x SE,"contract year t+1, 2026 observed through the OTC scrape","Risk sets condition on employment in season t (selected survival); roster weeks are not paid weeks; under-contract status from weekly rosters (2016 weeks 1-2 unverified listings dropped); access risk set limited to rookie cohorts 2011+ and seasons 2013+ (OTC contract-history coverage); race is predicted, not observed (see race_measure_note)",,,,,,,,predicted
table-35,(8),Black,-0.006347551719315292,0.011227164012409587,0.5718452975536976,-0.02835789191526481,0.01566278847663423,0.03143605923474684,13586,4842,0.1472839687914029,BargainedEventNext,58991,13586,13586,13586,,,fixest feols linear probability model,"P(Black) coefficient: Black-white difference in P(outcome) given controls (regression calibration under predicted measures); conditional association, not a causal effect",probability (0-1); x100 = percentage points,PositionGroup^season + prior-covariate dummies,cluster-robust by player (gsis_id); 95% CI; mde_80 = 2.8 x SE,"contract year t+1, 2026 observed through the OTC scrape","Risk sets condition on employment in season t (selected survival); roster weeks are not paid weeks; under-contract status from weekly rosters (2016 weeks 1-2 unverified listings dropped); access risk set limited to rookie cohorts 2011+ and seasons 2013+ (OTC contract-history coverage); race is predicted, not observed (see race_measure_note)",,,,,,,,predicted
table-35,(8),OtherRace,0.009735481015781092,0.02033700952702194,0.632168278229437,-0.03013429355625259,0.04960525558781477,0.05694362667566143,13586,4842,0.1472839687914029,BargainedEventNext,58991,13586,13586,13586,,,fixest feols linear probability model,P(other race) coefficient relative to white,probability (0-1); x100 = percentage points,PositionGroup^season + prior-covariate dummies,cluster-robust by player (gsis_id); 95% CI; mde_80 = 2.8 x SE,"contract year t+1, 2026 observed through the OTC scrape","Risk sets condition on employment in season t (selected survival); roster weeks are not paid weeks; under-contract status from weekly rosters (2016 weeks 1-2 unverified listings dropped); access risk set limited to rookie cohorts 2011+ and seasons 2013+ (OTC contract-history coverage); race is predicted, not observed (see race_measure_note)",,,,,,,,predicted
table-35,(9),Black,-0.010892063743210792,0.020030799816117464,0.5866327672341629,-0.050163519290971105,0.02837939180454952,0.05608623948512889,7398,4026,0.2585834009191673,BargainedEventNext,58991,7398,7398,7398,,,fixest feols linear probability model,"P(Black) coefficient: Black-white difference in P(outcome) given controls (regression calibration under predicted measures); conditional association, not a causal effect",probability (0-1); x100 = percentage points,PositionGroup^season + prior-covariate dummies,cluster-robust by player (gsis_id); 95% CI; mde_80 = 2.8 x SE,"contract year t+1, 2026 observed through the OTC scrape","Risk sets condition on employment in season t (selected survival); roster weeks are not paid weeks; under-contract status from weekly rosters (2016 weeks 1-2 unverified listings dropped); access risk set limited to rookie cohorts 2011+ and seasons 2013+ (OTC contract-history coverage); race is predicted, not observed (see race_measure_note)",,,,,,,,predicted
table-35,(9),OtherRace,0.015216009596836602,0.0356744569199738,0.6697489241181191,-0.05472567331070056,0.08515769250437376,0.09988847937592663,7398,4026,0.2585834009191673,BargainedEventNext,58991,7398,7398,7398,,,fixest feols linear probability model,P(other race) coefficient relative to white,probability (0-1); x100 = percentage points,PositionGroup^season + prior-covariate dummies,cluster-robust by player (gsis_id); 95% CI; mde_80 = 2.8 x SE,"contract year t+1, 2026 observed through the OTC scrape","Risk sets condition on employment in season t (selected survival); roster weeks are not paid weeks; under-contract status from weekly rosters (2016 weeks 1-2 unverified listings dropped); access risk set limited to rookie cohorts 2011+ and seasons 2013+ (OTC contract-history coverage); race is predicted, not observed (see race_measure_note)",,,,,,,,predicted
table-34b,retention Predicted (model only),Black,-0.03195297563442068,0.008066949325883267,7.510305395069503e-5,-0.04776559994551394,-0.016140351323327414,0.022587458112473147,46083,11298,0.7775752446672308,RetainedNextSeason,,,,,predicted,,fixest feols linear probability model,"P(Black) coefficient: Black-white difference in P(outcome) given controls (regression calibration under predicted measures); conditional association, not a causal effect",probability (0-1); x100 = percentage points,PositionGroup^season + prior-covariate dummies,cluster-robust by player (gsis_id); 95% CI; mde_80 = 2.8 x SE,"season t+1 roster, right-censored at 2025","Risk sets condition on employment in season t (selected survival); roster weeks are not paid weeks; under-contract status from weekly rosters (2016 weeks 1-2 unverified listings dropped); access risk set limited to rookie cohorts 2011+ and seasons 2013+ (OTC contract-history coverage); race is predicted, not observed (see race_measure_note)",,,,,,,,predicted
table-34b,retention Predicted (model only),OtherRace,0.002243472852855548,0.015061470050530715,0.8815922413381135,-0.02727962911056831,0.03176657481627941,0.042172116141486,46083,11298,0.7775752446672308,RetainedNextSeason,,,,,predicted,,fixest feols linear probability model,P(other race) coefficient relative to white,probability (0-1); x100 = percentage points,PositionGroup^season + prior-covariate dummies,cluster-robust by player (gsis_id); 95% CI; mde_80 = 2.8 x SE,"season t+1 roster, right-censored at 2025","Risk sets condition on employment in season t (selected survival); roster weeks are not paid weeks; under-contract status from weekly rosters (2016 weeks 1-2 unverified listings dropped); access risk set limited to rookie cohorts 2011+ and seasons 2013+ (OTC contract-history coverage); race is predicted, not observed (see race_measure_note)",,,,,,,,predicted
table-34b,access Predicted (model only),Black,-0.007098873162556575,0.009385074029018298,0.44943800093438113,-0.025496878865524406,0.011299132540411257,0.026278207281251235,17282,6189,0.12174516838328897,BargainedEventNext,,,,,predicted,,fixest feols linear probability model,"P(Black) coefficient: Black-white difference in P(outcome) given controls (regression calibration under predicted measures); conditional association, not a causal effect",probability (0-1); x100 = percentage points,PositionGroup^season + prior-covariate dummies,cluster-robust by player (gsis_id); 95% CI; mde_80 = 2.8 x SE,"season t+1 roster, right-censored at 2025","Risk sets condition on employment in season t (selected survival); roster weeks are not paid weeks; under-contract status from weekly rosters (2016 weeks 1-2 unverified listings dropped); access risk set limited to rookie cohorts 2011+ and seasons 2013+ (OTC contract-history coverage); race is predicted, not observed (see race_measure_note)",,,,,,,,predicted
table-34b,access Predicted (model only),OtherRace,8.609116653283866e-4,0.01727473718858525,0.9602543241911606,-0.033003574893879575,0.03472539822453635,0.0483692641280387,17282,6189,0.12174516838328897,BargainedEventNext,,,,,predicted,,fixest feols linear probability model,P(other race) coefficient relative to white,probability (0-1); x100 = percentage points,PositionGroup^season + prior-covariate dummies,cluster-robust by player (gsis_id); 95% CI; mde_80 = 2.8 x SE,"season t+1 roster, right-censored at 2025","Risk sets condition on employment in season t (selected survival); roster weeks are not paid weeks; under-contract status from weekly rosters (2016 weeks 1-2 unverified listings dropped); access risk set limited to rookie cohorts 2011+ and seasons 2013+ (OTC contract-history coverage); race is predicted, not observed (see race_measure_note)",,,,,,,,predicted
table-34b,"retention Predicted, TIDES-raked",Black,-0.031967058217237485,0.008080182632741182,7.660739608655362e-5,-0.04780562211234006,-0.016128494322134906,0.02262451137167531,46083,11298,0.7775752446672308,RetainedNextSeason,,,,,raked,,fixest feols linear probability model,"P(Black) coefficient: Black-white difference in P(outcome) given controls (regression calibration under predicted measures); conditional association, not a causal effect",probability (0-1); x100 = percentage points,PositionGroup^season + prior-covariate dummies,cluster-robust by player (gsis_id); 95% CI; mde_80 = 2.8 x SE,"season t+1 roster, right-censored at 2025","Risk sets condition on employment in season t (selected survival); roster weeks are not paid weeks; under-contract status from weekly rosters (2016 weeks 1-2 unverified listings dropped); access risk set limited to rookie cohorts 2011+ and seasons 2013+ (OTC contract-history coverage); race is predicted, not observed (see race_measure_note)",,,,,,,,predicted
table-34b,"retention Predicted, TIDES-raked",OtherRace,0.0021438409387527393,0.015045897822454203,0.8866980930647541,-0.02734873674810594,0.031636418625611416,0.04212851390287176,46083,11298,0.7775752446672308,RetainedNextSeason,,,,,raked,,fixest feols linear probability model,P(other race) coefficient relative to white,probability (0-1); x100 = percentage points,PositionGroup^season + prior-covariate dummies,cluster-robust by player (gsis_id); 95% CI; mde_80 = 2.8 x SE,"season t+1 roster, right-censored at 2025","Risk sets condition on employment in season t (selected survival); roster weeks are not paid weeks; under-contract status from weekly rosters (2016 weeks 1-2 unverified listings dropped); access risk set limited to rookie cohorts 2011+ and seasons 2013+ (OTC contract-history coverage); race is predicted, not observed (see race_measure_note)",,,,,,,,predicted
table-34b,"access Predicted, TIDES-raked",Black,-0.007172828589306182,0.009376687305672083,0.44432213078344807,-0.025554393400760978,0.011208736222148612,0.026254724455881832,17282,6189,0.12174516838328897,BargainedEventNext,,,,,raked,,fixest feols linear probability model,"P(Black) coefficient: Black-white difference in P(outcome) given controls (regression calibration under predicted measures); conditional association, not a causal effect",probability (0-1); x100 = percentage points,PositionGroup^season + prior-covariate dummies,cluster-robust by player (gsis_id); 95% CI; mde_80 = 2.8 x SE,"season t+1 roster, right-censored at 2025","Risk sets condition on employment in season t (selected survival); roster weeks are not paid weeks; under-contract status from weekly rosters (2016 weeks 1-2 unverified listings dropped); access risk set limited to rookie cohorts 2011+ and seasons 2013+ (OTC contract-history coverage); race is predicted, not observed (see race_measure_note)",,,,,,,,predicted
table-34b,"access Predicted, TIDES-raked",OtherRace,6.065223598394707e-4,0.017207819426448574,0.9718839983136087,-0.03312678213670029,0.03433982685637923,0.048181894394056006,17282,6189,0.12174516838328897,BargainedEventNext,,,,,raked,,fixest feols linear probability model,P(other race) coefficient relative to white,probability (0-1); x100 = percentage points,PositionGroup^season + prior-covariate dummies,cluster-robust by player (gsis_id); 95% CI; mde_80 = 2.8 x SE,"season t+1 roster, right-censored at 2025","Risk sets condition on employment in season t (selected survival); roster weeks are not paid weeks; under-contract status from weekly rosters (2016 weeks 1-2 unverified listings dropped); access risk set limited to rookie cohorts 2011+ and seasons 2013+ (OTC contract-history coverage); race is predicted, not observed (see race_measure_note)",,,,,,,,predicted
table-34b,"retention Predicted, draft-free prior",Black,-0.03075406235857344,0.008018438961912422,1.2603249612270386e-4,-0.04647159791558167,-0.015036526801565211,0.02245162909335478,46083,11298,0.7775752446672308,RetainedNextSeason,,,,,nodraft,,fixest feols linear probability model,"P(Black) coefficient: Black-white difference in P(outcome) given controls (regression calibration under predicted measures); conditional association, not a causal effect",probability (0-1); x100 = percentage points,PositionGroup^season + prior-covariate dummies,cluster-robust by player (gsis_id); 95% CI; mde_80 = 2.8 x SE,"season t+1 roster, right-censored at 2025","Risk sets condition on employment in season t (selected survival); roster weeks are not paid weeks; under-contract status from weekly rosters (2016 weeks 1-2 unverified listings dropped); access risk set limited to rookie cohorts 2011+ and seasons 2013+ (OTC contract-history coverage); race is predicted, not observed (see race_measure_note)",,,,,,,,predicted
table-34b,"retention Predicted, draft-free prior",OtherRace,0.005987591630379476,0.015069553910745541,0.6911313515297519,-0.023551356105640266,0.03552653936639922,0.04219475095008751,46083,11298,0.7775752446672308,RetainedNextSeason,,,,,nodraft,,fixest feols linear probability model,P(other race) coefficient relative to white,probability (0-1); x100 = percentage points,PositionGroup^season + prior-covariate dummies,cluster-robust by player (gsis_id); 95% CI; mde_80 = 2.8 x SE,"season t+1 roster, right-censored at 2025","Risk sets condition on employment in season t (selected survival); roster weeks are not paid weeks; under-contract status from weekly rosters (2016 weeks 1-2 unverified listings dropped); access risk set limited to rookie cohorts 2011+ and seasons 2013+ (OTC contract-history coverage); race is predicted, not observed (see race_measure_note)",,,,,,,,predicted
table-34b,"access Predicted, draft-free prior",Black,-0.007991747864485678,0.00947964397059316,0.3992369580555357,-0.026575143508869414,0.010591647779898059,0.02654300311766085,17282,6189,0.12174516838328897,BargainedEventNext,,,,,nodraft,,fixest feols linear probability model,"P(Black) coefficient: Black-white difference in P(outcome) given controls (regression calibration under predicted measures); conditional association, not a causal effect",probability (0-1); x100 = percentage points,PositionGroup^season + prior-covariate dummies,cluster-robust by player (gsis_id); 95% CI; mde_80 = 2.8 x SE,"season t+1 roster, right-censored at 2025","Risk sets condition on employment in season t (selected survival); roster weeks are not paid weeks; under-contract status from weekly rosters (2016 weeks 1-2 unverified listings dropped); access risk set limited to rookie cohorts 2011+ and seasons 2013+ (OTC contract-history coverage); race is predicted, not observed (see race_measure_note)",,,,,,,,predicted
table-34b,"access Predicted, draft-free prior",OtherRace,-9.889459820084914e-4,0.017183887199257435,0.954108320714161,-0.034675334998607886,0.0326974430345909,0.04811488415792082,17282,6189,0.12174516838328897,BargainedEventNext,,,,,nodraft,,fixest feols linear probability model,P(other race) coefficient relative to white,probability (0-1); x100 = percentage points,PositionGroup^season + prior-covariate dummies,cluster-robust by player (gsis_id); 95% CI; mde_80 = 2.8 x SE,"season t+1 roster, right-censored at 2025","Risk sets condition on employment in season t (selected survival); roster weeks are not paid weeks; under-contract status from weekly rosters (2016 weeks 1-2 unverified listings dropped); access risk set limited to rookie cohorts 2011+ and seasons 2013+ (OTC contract-history coverage); race is predicted, not observed (see race_measure_note)",,,,,,,,predicted
table-34b,"retention Predicted, Black or multiracial",Black,-0.03333353526424577,0.00824155142408302,5.276757998575211e-5,-0.04948841006821157,-0.01717866046027997,0.023076343987432454,46083,11298,0.7775752446672308,RetainedNextSeason,,,,,blackmulti,,fixest feols linear probability model,"P(Black) coefficient: Black-white difference in P(outcome) given controls (regression calibration under predicted measures); conditional association, not a causal effect",probability (0-1); x100 = percentage points,PositionGroup^season + prior-covariate dummies,cluster-robust by player (gsis_id); 95% CI; mde_80 = 2.8 x SE,"season t+1 roster, right-censored at 2025","Risk sets condition on employment in season t (selected survival); roster weeks are not paid weeks; under-contract status from weekly rosters (2016 weeks 1-2 unverified listings dropped); access risk set limited to rookie cohorts 2011+ and seasons 2013+ (OTC contract-history coverage); race is predicted, not observed (see race_measure_note)",,,,,,,,predicted
table-34b,"retention Predicted, Black or multiracial",OtherRace,-0.01702507051072344,0.024949773993656506,0.4950166492017686,-0.06593096874694154,0.03188082772549467,0.06985936718223822,46083,11298,0.7775752446672308,RetainedNextSeason,,,,,blackmulti,,fixest feols linear probability model,P(other race) coefficient relative to white,probability (0-1); x100 = percentage points,PositionGroup^season + prior-covariate dummies,cluster-robust by player (gsis_id); 95% CI; mde_80 = 2.8 x SE,"season t+1 roster, right-censored at 2025","Risk sets condition on employment in season t (selected survival); roster weeks are not paid weeks; under-contract status from weekly rosters (2016 weeks 1-2 unverified listings dropped); access risk set limited to rookie cohorts 2011+ and seasons 2013+ (OTC contract-history coverage); race is predicted, not observed (see race_measure_note)",,,,,,,,predicted
table-34b,"access Predicted, Black or multiracial",Black,-0.007091985359108607,0.009182319028720189,0.43993528498613155,-0.02509252081940643,0.01090855010118922,0.025710493280416528,17282,6189,0.12174516838328897,BargainedEventNext,,,,,blackmulti,,fixest feols linear probability model,"P(Black) coefficient: Black-white difference in P(outcome) given controls (regression calibration under predicted measures); conditional association, not a causal effect",probability (0-1); x100 = percentage points,PositionGroup^season + prior-covariate dummies,cluster-robust by player (gsis_id); 95% CI; mde_80 = 2.8 x SE,"season t+1 roster, right-censored at 2025","Risk sets condition on employment in season t (selected survival); roster weeks are not paid weeks; under-contract status from weekly rosters (2016 weeks 1-2 unverified listings dropped); access risk set limited to rookie cohorts 2011+ and seasons 2013+ (OTC contract-history coverage); race is predicted, not observed (see race_measure_note)",,,,,,,,predicted
table-34b,"access Predicted, Black or multiracial",OtherRace,-0.01662870403239795,0.037083570567998846,0.653871855739538,-0.0893253860923283,0.0560679780275324,0.10383399759039676,17282,6189,0.12174516838328897,BargainedEventNext,,,,,blackmulti,,fixest feols linear probability model,P(other race) coefficient relative to white,probability (0-1); x100 = percentage points,PositionGroup^season + prior-covariate dummies,cluster-robust by player (gsis_id); 95% CI; mde_80 = 2.8 x SE,"season t+1 roster, right-censored at 2025","Risk sets condition on employment in season t (selected survival); roster weeks are not paid weeks; under-contract status from weekly rosters (2016 weeks 1-2 unverified listings dropped); access risk set limited to rookie cohorts 2011+ and seasons 2013+ (OTC contract-history coverage); race is predicted, not observed (see race_measure_note)",,,,,,,,predicted
table-34b,"retention Documented where available, else predicted",Black,-0.03483343090941479,0.006806918273346776,3.149366413562189e-7,-0.04817617511476072,-0.02149068670406886,0.019059371165370972,46083,11298,0.7775752446672308,RetainedNextSeason,,,,,preddoc,,fixest feols linear probability model,"P(Black) coefficient: Black-white difference in P(outcome) given controls (regression calibration under predicted measures); conditional association, not a causal effect",probability (0-1); x100 = percentage points,PositionGroup^season + prior-covariate dummies,cluster-robust by player (gsis_id); 95% CI; mde_80 = 2.8 x SE,"season t+1 roster, right-censored at 2025","Risk sets condition on employment in season t (selected survival); roster weeks are not paid weeks; under-contract status from weekly rosters (2016 weeks 1-2 unverified listings dropped); access risk set limited to rookie cohorts 2011+ and seasons 2013+ (OTC contract-history coverage); race is predicted, not observed (see race_measure_note)",,,,,,,,predicted
table-34b,"retention Documented where available, else predicted",OtherRace,-0.023436657920719157,0.010593432616722787,0.026960609882670163,-0.044201629084682434,-0.0026716867567558762,0.0296616113268238,46083,11298,0.7775752446672308,RetainedNextSeason,,,,,preddoc,,fixest feols linear probability model,P(other race) coefficient relative to white,probability (0-1); x100 = percentage points,PositionGroup^season + prior-covariate dummies,cluster-robust by player (gsis_id); 95% CI; mde_80 = 2.8 x SE,"season t+1 roster, right-censored at 2025","Risk sets condition on employment in season t (selected survival); roster weeks are not paid weeks; under-contract status from weekly rosters (2016 weeks 1-2 unverified listings dropped); access risk set limited to rookie cohorts 2011+ and seasons 2013+ (OTC contract-history coverage); race is predicted, not observed (see race_measure_note)",,,,,,,,predicted
table-34b,"access Documented where available, else predicted",Black,-0.00856460384484783,0.007935661239269108,0.2805160326803395,-0.02412125691817109,0.00699204922847543,0.022219851469953502,17282,6189,0.12174516838328897,BargainedEventNext,,,,,preddoc,,fixest feols linear probability model,"P(Black) coefficient: Black-white difference in P(outcome) given controls (regression calibration under predicted measures); conditional association, not a causal effect",probability (0-1); x100 = percentage points,PositionGroup^season + prior-covariate dummies,cluster-robust by player (gsis_id); 95% CI; mde_80 = 2.8 x SE,"season t+1 roster, right-censored at 2025","Risk sets condition on employment in season t (selected survival); roster weeks are not paid weeks; under-contract status from weekly rosters (2016 weeks 1-2 unverified listings dropped); access risk set limited to rookie cohorts 2011+ and seasons 2013+ (OTC contract-history coverage); race is predicted, not observed (see race_measure_note)",,,,,,,,predicted
table-34b,"access Documented where available, else predicted",OtherRace,-0.005308508055651987,0.01292045999115494,0.6811889746593921,-0.03063709852465028,0.020020082413346307,0.03617728797523383,17282,6189,0.12174516838328897,BargainedEventNext,,,,,preddoc,,fixest feols linear probability model,P(other race) coefficient relative to white,probability (0-1); x100 = percentage points,PositionGroup^season + prior-covariate dummies,cluster-robust by player (gsis_id); 95% CI; mde_80 = 2.8 x SE,"season t+1 roster, right-censored at 2025","Risk sets condition on employment in season t (selected survival); roster weeks are not paid weeks; under-contract status from weekly rosters (2016 weeks 1-2 unverified listings dropped); access risk set limited to rookie cohorts 2011+ and seasons 2013+ (OTC contract-history coverage); race is predicted, not observed (see race_measure_note)",,,,,,,,predicted
table-34b,retention Wikipedia category flag (provisional),Black,0.02599181904555771,0.004445999994784202,5.178160944645857e-9,0.017276838856702795,0.034706799234412625,0.012448799985395765,45347,10761,0.7861159503385009,RetainedNextSeason,,,,,provisional,,fixest feols linear probability model,"P(Black) coefficient: Black-white difference in P(outcome) given controls (regression calibration under predicted measures); conditional association, not a causal effect",probability (0-1); x100 = percentage points,PositionGroup^season + prior-covariate dummies,cluster-robust by player (gsis_id); 95% CI; mde_80 = 2.8 x SE,"season t+1 roster, right-censored at 2025","Risk sets condition on employment in season t (selected survival); roster weeks are not paid weeks; under-contract status from weekly rosters (2016 weeks 1-2 unverified listings dropped); access risk set limited to rookie cohorts 2011+ and seasons 2013+ (OTC contract-history coverage); race is predicted, not observed (see race_measure_note)",,,,,,,,predicted
table-34b,retention Wikipedia category flag (provisional),OtherRace,0.03028439720055245,0.009073614234274033,8.478171675907741e-4,0.012498439398982923,0.04807035500212198,0.02540611985596729,45347,10761,0.7861159503385009,RetainedNextSeason,,,,,provisional,,fixest feols linear probability model,P(other race) coefficient relative to white,probability (0-1); x100 = percentage points,PositionGroup^season + prior-covariate dummies,cluster-robust by player (gsis_id); 95% CI; mde_80 = 2.8 x SE,"season t+1 roster, right-censored at 2025","Risk sets condition on employment in season t (selected survival); roster weeks are not paid weeks; under-contract status from weekly rosters (2016 weeks 1-2 unverified listings dropped); access risk set limited to rookie cohorts 2011+ and seasons 2013+ (OTC contract-history coverage); race is predicted, not observed (see race_measure_note)",,,,,,,,predicted
table-34b,access Wikipedia category flag (provisional),Black,-0.004096556430401814,0.00582468651623639,0.4818908371673699,-0.015515082654179889,0.00732196979337626,0.016309122245461893,16902,5881,0.12442314518991836,BargainedEventNext,,,,,provisional,,fixest feols linear probability model,"P(Black) coefficient: Black-white difference in P(outcome) given controls (regression calibration under predicted measures); conditional association, not a causal effect",probability (0-1); x100 = percentage points,PositionGroup^season + prior-covariate dummies,cluster-robust by player (gsis_id); 95% CI; mde_80 = 2.8 x SE,"season t+1 roster, right-censored at 2025","Risk sets condition on employment in season t (selected survival); roster weeks are not paid weeks; under-contract status from weekly rosters (2016 weeks 1-2 unverified listings dropped); access risk set limited to rookie cohorts 2011+ and seasons 2013+ (OTC contract-history coverage); race is predicted, not observed (see race_measure_note)",,,,,,,,predicted
table-34b,access Wikipedia category flag (provisional),OtherRace,0.006385917392766247,0.012375538587060813,0.6058659398400499,-0.017874686417554995,0.03064652120308749,0.03465150804377028,16902,5881,0.12442314518991836,BargainedEventNext,,,,,provisional,,fixest feols linear probability model,P(other race) coefficient relative to white,probability (0-1); x100 = percentage points,PositionGroup^season + prior-covariate dummies,cluster-robust by player (gsis_id); 95% CI; mde_80 = 2.8 x SE,"season t+1 roster, right-censored at 2025","Risk sets condition on employment in season t (selected survival); roster weeks are not paid weeks; under-contract status from weekly rosters (2016 weeks 1-2 unverified listings dropped); access risk set limited to rookie cohorts 2011+ and seasons 2013+ (OTC contract-history coverage); race is predicted, not observed (see race_measure_note)",,,,,,,,predicted
table-34-sensitivity,"logit, score plug-in AME (functional-form sensitivity)",Black,-0.03398127023571619,0.0075862868514119,7.488750174269264e-6,-0.04885011924087327,-0.019112421230559107,0.02124160318395332,46082,11298,0.7775704179506098,RetainedNextSeason,,,,,,,"fixest feglm logit; beta x mean(p(1-p)) with P(Black) plugged into the index (functional-form sensitivity, not an identified latent-race AME)","P(Black) coefficient: Black-white difference in P(outcome) given controls (regression calibration under predicted measures); conditional association, not a causal effect",probability (0-1); x100 = percentage points,PositionGroup^season + prior-covariate dummies,cluster-robust by player (gsis_id); 95% CI; mde_80 = 2.8 x SE,"season t+1 roster, right-censored at 2025","Risk sets condition on employment in season t (selected survival); roster weeks are not paid weeks; under-contract status from weekly rosters (2016 weeks 1-2 unverified listings dropped); access risk set limited to rookie cohorts 2011+ and seasons 2013+ (OTC contract-history coverage); race is predicted, not observed (see race_measure_note)",,,,,,,,predicted
table-35-sensitivity,"logit, score plug-in AME (functional-form sensitivity)",Black,-0.01157840539897474,0.009753545998040089,0.23518935325281223,-0.030695004276688087,0.007538193478738605,0.02730992879451225,17244,6178,0.12201345395499884,BargainedEventNext,,,,,,,"fixest feglm logit; beta x mean(p(1-p)) with P(Black) plugged into the index (functional-form sensitivity, not an identified latent-race AME)","P(Black) coefficient: Black-white difference in P(outcome) given controls (regression calibration under predicted measures); conditional association, not a causal effect",probability (0-1); x100 = percentage points,PositionGroup^season + prior-covariate dummies,cluster-robust by player (gsis_id); 95% CI; mde_80 = 2.8 x SE,"contract year t+1, 2026 observed through the OTC scrape","Risk sets condition on employment in season t (selected survival); roster weeks are not paid weeks; under-contract status from weekly rosters (2016 weeks 1-2 unverified listings dropped); access risk set limited to rookie cohorts 2011+ and seasons 2013+ (OTC contract-history coverage); race is predicted, not observed (see race_measure_note)",,,,,,,,predicted
table-34-sensitivity,seasons 2017-2024,Black,-0.031750343894610775,0.012758835685903448,0.012856739939997294,-0.05676251910347592,-0.00673816868574563,0.03572473992052965,19091,5695,0.7836676968204913,RetainedNextSeason,,,,,,,fixest feols linear probability model,"P(Black) coefficient: Black-white difference in P(outcome) given controls (regression calibration under predicted measures); conditional association, not a causal effect",probability (0-1); x100 = percentage points,PositionGroup^season + prior-covariate dummies,cluster-robust by player (gsis_id); 95% CI; mde_80 = 2.8 x SE,"season t+1 roster, right-censored at 2025","Risk sets condition on employment in season t (selected survival); roster weeks are not paid weeks; under-contract status from weekly rosters (2016 weeks 1-2 unverified listings dropped); access risk set limited to rookie cohorts 2011+ and seasons 2013+ (OTC contract-history coverage); race is predicted, not observed (see race_measure_note)",,,,,,,,predicted
table-34-sensitivity,seasons 2017-2024,OtherRace,0.023021394673964142,0.02196650638412388,0.2946726865141273,-0.02004132044614647,0.06608410979407475,0.06150621787554686,19091,5695,0.7836676968204913,RetainedNextSeason,,,,,,,fixest feols linear probability model,P(other race) coefficient relative to white,probability (0-1); x100 = percentage points,PositionGroup^season + prior-covariate dummies,cluster-robust by player (gsis_id); 95% CI; mde_80 = 2.8 x SE,"season t+1 roster, right-censored at 2025","Risk sets condition on employment in season t (selected survival); roster weeks are not paid weeks; under-contract status from weekly rosters (2016 weeks 1-2 unverified listings dropped); access risk set limited to rookie cohorts 2011+ and seasons 2013+ (OTC contract-history coverage); race is predicted, not observed (see race_measure_note)",,,,,,,,predicted
table-34-sensitivity,drop t = 2016 as well,Black,-0.030787754586960012,0.008294893430404491,2.0691544397599427e-4,-0.047047215463735706,-0.014528293710184315,0.023225701605132574,43834,11129,0.7777068029383584,RetainedNextSeason,,,,,,,fixest feols linear probability model,"P(Black) coefficient: Black-white difference in P(outcome) given controls (regression calibration under predicted measures); conditional association, not a causal effect",probability (0-1); x100 = percentage points,PositionGroup^season + prior-covariate dummies,cluster-robust by player (gsis_id); 95% CI; mde_80 = 2.8 x SE,"season t+1 roster, right-censored at 2025","Risk sets condition on employment in season t (selected survival); roster weeks are not paid weeks; under-contract status from weekly rosters (2016 weeks 1-2 unverified listings dropped); access risk set limited to rookie cohorts 2011+ and seasons 2013+ (OTC contract-history coverage); race is predicted, not observed (see race_measure_note)",,,,,,,,predicted
table-34-sensitivity,drop t = 2016 as well,OtherRace,0.003983572374884732,0.01570761886803533,0.7998033678612699,-0.026806143803502634,0.034773288553272094,0.043981332830498925,43834,11129,0.7777068029383584,RetainedNextSeason,,,,,,,fixest feols linear probability model,P(other race) coefficient relative to white,probability (0-1); x100 = percentage points,PositionGroup^season + prior-covariate dummies,cluster-robust by player (gsis_id); 95% CI; mde_80 = 2.8 x SE,"season t+1 roster, right-censored at 2025","Risk sets condition on employment in season t (selected survival); roster weeks are not paid weeks; under-contract status from weekly rosters (2016 weeks 1-2 unverified listings dropped); access risk set limited to rookie cohorts 2011+ and seasons 2013+ (OTC contract-history coverage); race is predicted, not observed (see race_measure_note)",,,,,,,,predicted
table-34-sensitivity,seasons 2002-2014,Black,-0.034217617375788004,0.011457367034407601,0.002832228618605643,-0.05667780592946313,-0.011757428822112875,0.032080627696341284,24743,6533,0.7731075455684436,RetainedNextSeason,,,,,,,fixest feols linear probability model,"P(Black) coefficient: Black-white difference in P(outcome) given controls (regression calibration under predicted measures); conditional association, not a causal effect",probability (0-1); x100 = percentage points,PositionGroup^season + prior-covariate dummies,cluster-robust by player (gsis_id); 95% CI; mde_80 = 2.8 x SE,"season t+1 roster, right-censored at 2025","Risk sets condition on employment in season t (selected survival); roster weeks are not paid weeks; under-contract status from weekly rosters (2016 weeks 1-2 unverified listings dropped); access risk set limited to rookie cohorts 2011+ and seasons 2013+ (OTC contract-history coverage); race is predicted, not observed (see race_measure_note)",,,,,,,,predicted
table-34-sensitivity,seasons 2002-2014,OtherRace,-0.02439486442013081,0.02451996561054624,0.31982273518099347,-0.07246202062527139,0.023672291785009767,0.06865590370952947,24743,6533,0.7731075455684436,RetainedNextSeason,,,,,,,fixest feols linear probability model,P(other race) coefficient relative to white,probability (0-1); x100 = percentage points,PositionGroup^season + prior-covariate dummies,cluster-robust by player (gsis_id); 95% CI; mde_80 = 2.8 x SE,"season t+1 roster, right-censored at 2025","Risk sets condition on employment in season t (selected survival); roster weeks are not paid weeks; under-contract status from weekly rosters (2016 weeks 1-2 unverified listings dropped); access risk set limited to rookie cohorts 2011+ and seasons 2013+ (OTC contract-history coverage); race is predicted, not observed (see race_measure_note)",,,,,,,,predicted
table-34-sensitivity,"include t = 2015, ambiguous t+1 listings unknown",Black,-0.030216765341271577,0.0079429033889938,1.4298434542384897e-4,-0.045786234348589146,-0.014647296333954007,0.02224012948918264,47811,11323,0.7831461379180523,RetainedNextSeason,,,,,,,fixest feols linear probability model,"P(Black) coefficient: Black-white difference in P(outcome) given controls (regression calibration under predicted measures); conditional association, not a causal effect",probability (0-1); x100 = percentage points,PositionGroup^season + prior-covariate dummies,cluster-robust by player (gsis_id); 95% CI; mde_80 = 2.8 x SE,"season t+1 roster, right-censored at 2025","Risk sets condition on employment in season t (selected survival); roster weeks are not paid weeks; under-contract status from weekly rosters (2016 weeks 1-2 unverified listings dropped); access risk set limited to rookie cohorts 2011+ and seasons 2013+ (OTC contract-history coverage); race is predicted, not observed (see race_measure_note)",,,,,,,,predicted
table-34-sensitivity,"include t = 2015, ambiguous t+1 listings unknown",OtherRace,0.002970266461103427,0.014727908264676307,0.8401736051877828,-0.025898989532521628,0.031839522454728486,0.041238143141093656,47811,11323,0.7831461379180523,RetainedNextSeason,,,,,,,fixest feols linear probability model,P(other race) coefficient relative to white,probability (0-1); x100 = percentage points,PositionGroup^season + prior-covariate dummies,cluster-robust by player (gsis_id); 95% CI; mde_80 = 2.8 x SE,"season t+1 roster, right-censored at 2025","Risk sets condition on employment in season t (selected survival); roster weeks are not paid weeks; under-contract status from weekly rosters (2016 weeks 1-2 unverified listings dropped); access risk set limited to rookie cohorts 2011+ and seasons 2013+ (OTC contract-history coverage); race is predicted, not observed (see race_measure_note)",,,,,,,,predicted
table-34-sensitivity,"include t = 2015, ambiguous t+1 listings as exit",Black,-0.031752228499839184,0.007926329325677224,6.217098290165106e-5,-0.04728920507700356,-0.01621525192267481,0.022193722111896227,48027,11353,0.779623961521644,RetainedNextSeasonAmbiguousAsExit,,,,,,,fixest feols linear probability model,"P(Black) coefficient: Black-white difference in P(outcome) given controls (regression calibration under predicted measures); conditional association, not a causal effect",probability (0-1); x100 = percentage points,PositionGroup^season + prior-covariate dummies,cluster-robust by player (gsis_id); 95% CI; mde_80 = 2.8 x SE,"season t+1 roster, right-censored at 2025","Risk sets condition on employment in season t (selected survival); roster weeks are not paid weeks; under-contract status from weekly rosters (2016 weeks 1-2 unverified listings dropped); access risk set limited to rookie cohorts 2011+ and seasons 2013+ (OTC contract-history coverage); race is predicted, not observed (see race_measure_note)",,,,,,,,predicted
table-34-sensitivity,"include t = 2015, ambiguous t+1 listings as exit",OtherRace,0.0025962955839688344,0.014712905885147953,0.8599327174894328,-0.026243544993817976,0.03143613616175565,0.04119613647841427,48027,11353,0.779623961521644,RetainedNextSeasonAmbiguousAsExit,,,,,,,fixest feols linear probability model,P(other race) coefficient relative to white,probability (0-1); x100 = percentage points,PositionGroup^season + prior-covariate dummies,cluster-robust by player (gsis_id); 95% CI; mde_80 = 2.8 x SE,"season t+1 roster, right-censored at 2025","Risk sets condition on employment in season t (selected survival); roster weeks are not paid weeks; under-contract status from weekly rosters (2016 weeks 1-2 unverified listings dropped); access risk set limited to rookie cohorts 2011+ and seasons 2013+ (OTC contract-history coverage); race is predicted, not observed (see race_measure_note)",,,,,,,,predicted
table-34-sensitivity,experience 0-3,Black,-0.02590236449901555,0.010636644872561047,0.014900081911913679,-0.04675221107280574,-0.005052517925225354,0.02978260564317093,27123,10491,0.7920952696973048,RetainedNextSeason,,,,,,,fixest feols linear probability model,"P(Black) coefficient: Black-white difference in P(outcome) given controls (regression calibration under predicted measures); conditional association, not a causal effect",probability (0-1); x100 = percentage points,PositionGroup^season + prior-covariate dummies,cluster-robust by player (gsis_id); 95% CI; mde_80 = 2.8 x SE,"season t+1 roster, right-censored at 2025","Risk sets condition on employment in season t (selected survival); roster weeks are not paid weeks; under-contract status from weekly rosters (2016 weeks 1-2 unverified listings dropped); access risk set limited to rookie cohorts 2011+ and seasons 2013+ (OTC contract-history coverage); race is predicted, not observed (see race_measure_note)",,,,,,,,predicted
table-34-sensitivity,experience 0-3,OtherRace,0.007474064269806455,0.019956092134862408,0.708021000653599,-0.031643671088422164,0.04659179962803508,0.05587705797761474,27123,10491,0.7920952696973048,RetainedNextSeason,,,,,,,fixest feols linear probability model,P(other race) coefficient relative to white,probability (0-1); x100 = percentage points,PositionGroup^season + prior-covariate dummies,cluster-robust by player (gsis_id); 95% CI; mde_80 = 2.8 x SE,"season t+1 roster, right-censored at 2025","Risk sets condition on employment in season t (selected survival); roster weeks are not paid weeks; under-contract status from weekly rosters (2016 weeks 1-2 unverified listings dropped); access risk set limited to rookie cohorts 2011+ and seasons 2013+ (OTC contract-history coverage); race is predicted, not observed (see race_measure_note)",,,,,,,,predicted
table-34-sensitivity,experience 4-15,Black,-0.040759292249613166,0.012223015392923507,8.599021117720707e-4,-0.06472136006742513,-0.01679722443180121,0.03422444310018582,18960,5374,0.7568037974683545,RetainedNextSeason,,,,,,,fixest feols linear probability model,"P(Black) coefficient: Black-white difference in P(outcome) given controls (regression calibration under predicted measures); conditional association, not a causal effect",probability (0-1); x100 = percentage points,PositionGroup^season + prior-covariate dummies,cluster-robust by player (gsis_id); 95% CI; mde_80 = 2.8 x SE,"season t+1 roster, right-censored at 2025","Risk sets condition on employment in season t (selected survival); roster weeks are not paid weeks; under-contract status from weekly rosters (2016 weeks 1-2 unverified listings dropped); access risk set limited to rookie cohorts 2011+ and seasons 2013+ (OTC contract-history coverage); race is predicted, not observed (see race_measure_note)",,,,,,,,predicted
table-34-sensitivity,experience 4-15,OtherRace,-0.005175239415762452,0.023560719391943312,0.8261478803544965,-0.051363805637566935,0.041013326806042034,0.06597001429744127,18960,5374,0.7568037974683545,RetainedNextSeason,,,,,,,fixest feols linear probability model,P(other race) coefficient relative to white,probability (0-1); x100 = percentage points,PositionGroup^season + prior-covariate dummies,cluster-robust by player (gsis_id); 95% CI; mde_80 = 2.8 x SE,"season t+1 roster, right-censored at 2025","Risk sets condition on employment in season t (selected survival); roster weeks are not paid weeks; under-contract status from weekly rosters (2016 weeks 1-2 unverified listings dropped); access risk set limited to rookie cohorts 2011+ and seasons 2013+ (OTC contract-history coverage); race is predicted, not observed (see race_measure_note)",,,,,,,,predicted
table-35-sensitivity,drafted players,Black,-0.019511735046783454,0.012865263948533254,0.1294559717370832,-0.04473623784034968,0.005712767746782772,0.03602273905589311,10444,3375,0.15109153581003448,BargainedEventNext,,,,,,,fixest feols linear probability model,"P(Black) coefficient: Black-white difference in P(outcome) given controls (regression calibration under predicted measures); conditional association, not a causal effect",probability (0-1); x100 = percentage points,PositionGroup^season + prior-covariate dummies,cluster-robust by player (gsis_id); 95% CI; mde_80 = 2.8 x SE,"contract year t+1, 2026 observed through the OTC scrape","Risk sets condition on employment in season t (selected survival); roster weeks are not paid weeks; under-contract status from weekly rosters (2016 weeks 1-2 unverified listings dropped); access risk set limited to rookie cohorts 2011+ and seasons 2013+ (OTC contract-history coverage); race is predicted, not observed (see race_measure_note)",,,,,,,,predicted
table-35-sensitivity,drafted players,OtherRace,-2.952542255469983e-4,0.02248747522908002,0.9895250773602142,-0.044385712377464644,0.043795203926370645,0.06296493064142406,10444,3375,0.15109153581003448,BargainedEventNext,,,,,,,fixest feols linear probability model,P(other race) coefficient relative to white,probability (0-1); x100 = percentage points,PositionGroup^season + prior-covariate dummies,cluster-robust by player (gsis_id); 95% CI; mde_80 = 2.8 x SE,"contract year t+1, 2026 observed through the OTC scrape","Risk sets condition on employment in season t (selected survival); roster weeks are not paid weeks; under-contract status from weekly rosters (2016 weeks 1-2 unverified listings dropped); access risk set limited to rookie cohorts 2011+ and seasons 2013+ (OTC contract-history coverage); race is predicted, not observed (see race_measure_note)",,,,,,,,predicted
table-35-sensitivity,undrafted players,Black,0.0027579064917585857,0.01341092425806164,0.8370821155999829,-0.023538336596746565,0.029054149580263738,0.037550587922572584,6838,2814,0.07692307692307693,BargainedEventNext,,,,,,,fixest feols linear probability model,"P(Black) coefficient: Black-white difference in P(outcome) given controls (regression calibration under predicted measures); conditional association, not a causal effect",probability (0-1); x100 = percentage points,PositionGroup^season + prior-covariate dummies,cluster-robust by player (gsis_id); 95% CI; mde_80 = 2.8 x SE,"contract year t+1, 2026 observed through the OTC scrape","Risk sets condition on employment in season t (selected survival); roster weeks are not paid weeks; under-contract status from weekly rosters (2016 weeks 1-2 unverified listings dropped); access risk set limited to rookie cohorts 2011+ and seasons 2013+ (OTC contract-history coverage); race is predicted, not observed (see race_measure_note)",,,,,,,,predicted
table-35-sensitivity,undrafted players,OtherRace,-0.004301588928773495,0.02907835407200312,0.8824078541443321,-0.061318648497308954,0.05271547063976196,0.08141939140160873,6838,2814,0.07692307692307693,BargainedEventNext,,,,,,,fixest feols linear probability model,P(other race) coefficient relative to white,probability (0-1); x100 = percentage points,PositionGroup^season + prior-covariate dummies,cluster-robust by player (gsis_id); 95% CI; mde_80 = 2.8 x SE,"contract year t+1, 2026 observed through the OTC scrape","Risk sets condition on employment in season t (selected survival); roster weeks are not paid weeks; under-contract status from weekly rosters (2016 weeks 1-2 unverified listings dropped); access risk set limited to rookie cohorts 2011+ and seasons 2013+ (OTC contract-history coverage); race is predicted, not observed (see race_measure_note)",,,,,,,,predicted
table-35-sensitivity,seasons 2017-2024,Black,-0.015187516849927401,0.011475010643741668,0.18572063610904926,-0.03768364407799455,0.007308610378139749,0.03213002980247667,12524,4934,0.1276748642606196,BargainedEventNext,,,,,,,fixest feols linear probability model,"P(Black) coefficient: Black-white difference in P(outcome) given controls (regression calibration under predicted measures); conditional association, not a causal effect",probability (0-1); x100 = percentage points,PositionGroup^season + prior-covariate dummies,cluster-robust by player (gsis_id); 95% CI; mde_80 = 2.8 x SE,"contract year t+1, 2026 observed through the OTC scrape","Risk sets condition on employment in season t (selected survival); roster weeks are not paid weeks; under-contract status from weekly rosters (2016 weeks 1-2 unverified listings dropped); access risk set limited to rookie cohorts 2011+ and seasons 2013+ (OTC contract-history coverage); race is predicted, not observed (see race_measure_note)",,,,,,,,predicted
table-35-sensitivity,seasons 2017-2024,OtherRace,-0.010592391913352449,0.021083714131551967,0.6154108080760521,-0.05192585383935675,0.030741070012651854,0.059034399568345504,12524,4934,0.1276748642606196,BargainedEventNext,,,,,,,fixest feols linear probability model,P(other race) coefficient relative to white,probability (0-1); x100 = percentage points,PositionGroup^season + prior-covariate dummies,cluster-robust by player (gsis_id); 95% CI; mde_80 = 2.8 x SE,"contract year t+1, 2026 observed through the OTC scrape","Risk sets condition on employment in season t (selected survival); roster weeks are not paid weeks; under-contract status from weekly rosters (2016 weeks 1-2 unverified listings dropped); access risk set limited to rookie cohorts 2011+ and seasons 2013+ (OTC contract-history coverage); race is predicted, not observed (see race_measure_note)",,,,,,,,predicted
table-35-sensitivity,players with an OTC contract history,Black,-0.011238346857386953,0.0098346379706776,0.25319810605147947,-0.0305179655311719,0.008041271816397993,0.027536986317897277,16535,5717,0.12724523737526458,BargainedEventNext,,,,,,,fixest feols linear probability model,"P(Black) coefficient: Black-white difference in P(outcome) given controls (regression calibration under predicted measures); conditional association, not a causal effect",probability (0-1); x100 = percentage points,PositionGroup^season + prior-covariate dummies,cluster-robust by player (gsis_id); 95% CI; mde_80 = 2.8 x SE,"contract year t+1, 2026 observed through the OTC scrape","Risk sets condition on employment in season t (selected survival); roster weeks are not paid weeks; under-contract status from weekly rosters (2016 weeks 1-2 unverified listings dropped); access risk set limited to rookie cohorts 2011+ and seasons 2013+ (OTC contract-history coverage); race is predicted, not observed (see race_measure_note)",,,,,,,,predicted
table-35-sensitivity,players with an OTC contract history,OtherRace,-0.003057968217973764,0.018677119766310313,0.8699510309790633,-0.03967220334210253,0.033556266906155,0.05229593534566887,16535,5717,0.12724523737526458,BargainedEventNext,,,,,,,fixest feols linear probability model,P(other race) coefficient relative to white,probability (0-1); x100 = percentage points,PositionGroup^season + prior-covariate dummies,cluster-robust by player (gsis_id); 95% CI; mde_80 = 2.8 x SE,"contract year t+1, 2026 observed through the OTC scrape","Risk sets condition on employment in season t (selected survival); roster weeks are not paid weeks; under-contract status from weekly rosters (2016 weeks 1-2 unverified listings dropped); access risk set limited to rookie cohorts 2011+ and seasons 2013+ (OTC contract-history coverage); race is predicted, not observed (see race_measure_note)",,,,,,,,predicted
table-35-sensitivity,players with an observed entry contract,Black,-0.0126492142744756,0.010450115590438638,0.22616753980392745,-0.03313596783603934,0.00783753928708814,0.029260323653228185,14611,5058,0.13222914242693862,BargainedEventNext,,,,,,,fixest feols linear probability model,"P(Black) coefficient: Black-white difference in P(outcome) given controls (regression calibration under predicted measures); conditional association, not a causal effect",probability (0-1); x100 = percentage points,PositionGroup^season + prior-covariate dummies,cluster-robust by player (gsis_id); 95% CI; mde_80 = 2.8 x SE,"contract year t+1, 2026 observed through the OTC scrape","Risk sets condition on employment in season t (selected survival); roster weeks are not paid weeks; under-contract status from weekly rosters (2016 weeks 1-2 unverified listings dropped); access risk set limited to rookie cohorts 2011+ and seasons 2013+ (OTC contract-history coverage); race is predicted, not observed (see race_measure_note)",,,,,,,,predicted
table-35-sensitivity,players with an observed entry contract,OtherRace,-0.004917219876003109,0.019695964054977897,0.802863360017376,-0.04352984174220898,0.03369540199020276,0.05514869935393811,14611,5058,0.13222914242693862,BargainedEventNext,,,,,,,fixest feols linear probability model,P(other race) coefficient relative to white,probability (0-1); x100 = percentage points,PositionGroup^season + prior-covariate dummies,cluster-robust by player (gsis_id); 95% CI; mde_80 = 2.8 x SE,"contract year t+1, 2026 observed through the OTC scrape","Risk sets condition on employment in season t (selected survival); roster weeks are not paid weeks; under-contract status from weekly rosters (2016 weeks 1-2 unverified listings dropped); access risk set limited to rookie cohorts 2011+ and seasons 2013+ (OTC contract-history coverage); race is predicted, not observed (see race_measure_note)",,,,,,,,predicted
figure-player-retention-by-experience,Under contract in t+1 | P(Black),Experience,0.79218368858062,,,,,,2679.696520170974,,,,,,,,,4,weighted mean,"share of the risk set with the outcome, by experience",share (0-1),none,none,"season t+1 roster, right-censored at 2025","Risk sets condition on employment in season t (selected survival); roster weeks are not paid weeks; under-contract status from weekly rosters (2016 weeks 1-2 unverified listings dropped); access risk set limited to rookie cohorts 2011+ and seasons 2013+ (OTC contract-history coverage); race is predicted, not observed (see race_measure_note)",,,,,,,,predicted
figure-player-retention-by-experience,Under contract in t+1 | P(Black),Experience,0.8038276207463935,,,,,,2172.134265444743,,,,,,,,,5,weighted mean,"share of the risk set with the outcome, by experience",share (0-1),none,none,"season t+1 roster, right-censored at 2025","Risk sets condition on employment in season t (selected survival); roster weeks are not paid weeks; under-contract status from weekly rosters (2016 weeks 1-2 unverified listings dropped); access risk set limited to rookie cohorts 2011+ and seasons 2013+ (OTC contract-history coverage); race is predicted, not observed (see race_measure_note)",,,,,,,,predicted
figure-player-retention-by-experience,Under contract in t+1 | P(Black),Experience,0.7628018535317714,,,,,,1769.1575239560852,,,,,,,,,6,weighted mean,"share of the risk set with the outcome, by experience",share (0-1),none,none,"season t+1 roster, right-censored at 2025","Risk sets condition on employment in season t (selected survival); roster weeks are not paid weeks; under-contract status from weekly rosters (2016 weeks 1-2 unverified listings dropped); access risk set limited to rookie cohorts 2011+ and seasons 2013+ (OTC contract-history coverage); race is predicted, not observed (see race_measure_note)",,,,,,,,predicted
figure-player-retention-by-experience,Under contract in t+1 | P(Black),Experience,0.742758423698264,,,,,,1347.3774265308623,,,,,,,,,7,weighted mean,"share of the risk set with the outcome, by experience",share (0-1),none,none,"season t+1 roster, right-censored at 2025","Risk sets condition on employment in season t (selected survival); roster weeks are not paid weeks; under-contract status from weekly rosters (2016 weeks 1-2 unverified listings dropped); access risk set limited to rookie cohorts 2011+ and seasons 2013+ (OTC contract-history coverage); race is predicted, not observed (see race_measure_note)",,,,,,,,predicted
figure-player-retention-by-experience,Under contract in t+1 | P(Black),Experience,0.705354970045456,,,,,,996.9644566539617,,,,,,,,,8,weighted mean,"share of the risk set with the outcome, by experience",share (0-1),none,none,"season t+1 roster, right-censored at 2025","Risk sets condition on employment in season t (selected survival); roster weeks are not paid weeks; under-contract status from weekly rosters (2016 weeks 1-2 unverified listings dropped); access risk set limited to rookie cohorts 2011+ and seasons 2013+ (OTC contract-history coverage); race is predicted, not observed (see race_measure_note)",,,,,,,,predicted
figure-player-retention-by-experience,Under contract in t+1 | P(Black),Experience,0.638806379978638,,,,,,681.6953960262339,,,,,,,,,9,weighted mean,"share of the risk set with the outcome, by experience",share (0-1),none,none,"season t+1 roster, right-censored at 2025","Risk sets condition on employment in season t (selected survival); roster weeks are not paid weeks; under-contract status from weekly rosters (2016 weeks 1-2 unverified listings dropped); access risk set limited to rookie cohorts 2011+ and seasons 2013+ (OTC contract-history coverage); race is predicted, not observed (see race_measure_note)",,,,,,,,predicted
figure-player-retention-by-experience,Under contract in t+1 | P(Black),Experience,0.6570205617001658,,,,,,450.5457540993673,,,,,,,,,10,weighted mean,"share of the risk set with the outcome, by experience",share (0-1),none,none,"season t+1 roster, right-censored at 2025","Risk sets condition on employment in season t (selected survival); roster weeks are not paid weeks; under-contract status from weekly rosters (2016 weeks 1-2 unverified listings dropped); access risk set limited to rookie cohorts 2011+ and seasons 2013+ (OTC contract-history coverage); race is predicted, not observed (see race_measure_note)",,,,,,,,predicted
figure-player-retention-by-experience,Under contract in t+1 | P(Black),Experience,0.7956757544068062,,,,,,3255.3848589043473,,,,,,,,,3,weighted mean,"share of the risk set with the outcome, by experience",share (0-1),none,none,"season t+1 roster, right-censored at 2025","Risk sets condition on employment in season t (selected survival); roster weeks are not paid weeks; under-contract status from weekly rosters (2016 weeks 1-2 unverified listings dropped); access risk set limited to rookie cohorts 2011+ and seasons 2013+ (OTC contract-history coverage); race is predicted, not observed (see race_measure_note)",,,,,,,,predicted
figure-player-retention-by-experience,Under contract in t+1 | P(Black),Experience,0.7815246350981093,,,,,,5230.695755236368,,,,,,,,,0,weighted mean,"share of the risk set with the outcome, by experience",share (0-1),none,none,"season t+1 roster, right-censored at 2025","Risk sets condition on employment in season t (selected survival); roster weeks are not paid weeks; under-contract status from weekly rosters (2016 weeks 1-2 unverified listings dropped); access risk set limited to rookie cohorts 2011+ and seasons 2013+ (OTC contract-history coverage); race is predicted, not observed (see race_measure_note)",,,,,,,,predicted
figure-player-retention-by-experience,Under contract in t+1 | P(Black),Experience,0.7951090087900353,,,,,,4567.778208557459,,,,,,,,,1,weighted mean,"share of the risk set with the outcome, by experience",share (0-1),none,none,"season t+1 roster, right-censored at 2025","Risk sets condition on employment in season t (selected survival); roster weeks are not paid weeks; under-contract status from weekly rosters (2016 weeks 1-2 unverified listings dropped); access risk set limited to rookie cohorts 2011+ and seasons 2013+ (OTC contract-history coverage); race is predicted, not observed (see race_measure_note)",,,,,,,,predicted
figure-player-retention-by-experience,Under contract in t+1 | P(Black),Experience,0.8001206859386847,,,,,,3906.5745931609836,,,,,,,,,2,weighted mean,"share of the risk set with the outcome, by experience",share (0-1),none,none,"season t+1 roster, right-censored at 2025","Risk sets condition on employment in season t (selected survival); roster weeks are not paid weeks; under-contract status from weekly rosters (2016 weeks 1-2 unverified listings dropped); access risk set limited to rookie cohorts 2011+ and seasons 2013+ (OTC contract-history coverage); race is predicted, not observed (see race_measure_note)",,,,,,,,predicted
figure-player-retention-by-experience,Under contract in t+1 | P(white),Experience,0.8239174736061379,,,,,,1365.367058476147,,,,,,,,,4,weighted mean,"share of the risk set with the outcome, by experience",share (0-1),none,none,"season t+1 roster, right-censored at 2025","Risk sets condition on employment in season t (selected survival); roster weeks are not paid weeks; under-contract status from weekly rosters (2016 weeks 1-2 unverified listings dropped); access risk set limited to rookie cohorts 2011+ and seasons 2013+ (OTC contract-history coverage); race is predicted, not observed (see race_measure_note)",,,,,,,,predicted
figure-player-retention-by-experience,Under contract in t+1 | P(white),Experience,0.8347674630953488,,,,,,1177.109895913183,,,,,,,,,5,weighted mean,"share of the risk set with the outcome, by experience",share (0-1),none,none,"season t+1 roster, right-censored at 2025","Risk sets condition on employment in season t (selected survival); roster weeks are not paid weeks; under-contract status from weekly rosters (2016 weeks 1-2 unverified listings dropped); access risk set limited to rookie cohorts 2011+ and seasons 2013+ (OTC contract-history coverage); race is predicted, not observed (see race_measure_note)",,,,,,,,predicted
figure-player-retention-by-experience,Under contract in t+1 | P(white),Experience,0.7961003269394489,,,,,,1004.8497351383695,,,,,,,,,6,weighted mean,"share of the risk set with the outcome, by experience",share (0-1),none,none,"season t+1 roster, right-censored at 2025","Risk sets condition on employment in season t (selected survival); roster weeks are not paid weeks; under-contract status from weekly rosters (2016 weeks 1-2 unverified listings dropped); access risk set limited to rookie cohorts 2011+ and seasons 2013+ (OTC contract-history coverage); race is predicted, not observed (see race_measure_note)",,,,,,,,predicted
figure-player-retention-by-experience,Under contract in t+1 | P(white),Experience,0.7814950465658765,,,,,,815.193140032526,,,,,,,,,7,weighted mean,"share of the risk set with the outcome, by experience",share (0-1),none,none,"season t+1 roster, right-censored at 2025","Risk sets condition on employment in season t (selected survival); roster weeks are not paid weeks; under-contract status from weekly rosters (2016 weeks 1-2 unverified listings dropped); access risk set limited to rookie cohorts 2011+ and seasons 2013+ (OTC contract-history coverage); race is predicted, not observed (see race_measure_note)",,,,,,,,predicted
figure-player-retention-by-experience,Under contract in t+1 | P(white),Experience,0.7552604091042984,,,,,,667.5930165946747,,,,,,,,,8,weighted mean,"share of the risk set with the outcome, by experience",share (0-1),none,none,"season t+1 roster, right-censored at 2025","Risk sets condition on employment in season t (selected survival); roster weeks are not paid weeks; under-contract status from weekly rosters (2016 weeks 1-2 unverified listings dropped); access risk set limited to rookie cohorts 2011+ and seasons 2013+ (OTC contract-history coverage); race is predicted, not observed (see race_measure_note)",,,,,,,,predicted
figure-player-retention-by-experience,Under contract in t+1 | P(white),Experience,0.6804812028396372,,,,,,536.4007982052543,,,,,,,,,9,weighted mean,"share of the risk set with the outcome, by experience",share (0-1),none,none,"season t+1 roster, right-censored at 2025","Risk sets condition on employment in season t (selected survival); roster weeks are not paid weeks; under-contract status from weekly rosters (2016 weeks 1-2 unverified listings dropped); access risk set limited to rookie cohorts 2011+ and seasons 2013+ (OTC contract-history coverage); race is predicted, not observed (see race_measure_note)",,,,,,,,predicted
figure-player-retention-by-experience,Under contract in t+1 | P(white),Experience,0.6688761221398921,,,,,,373.0437071899865,,,,,,,,,10,weighted mean,"share of the risk set with the outcome, by experience",share (0-1),none,none,"season t+1 roster, right-censored at 2025","Risk sets condition on employment in season t (selected survival); roster weeks are not paid weeks; under-contract status from weekly rosters (2016 weeks 1-2 unverified listings dropped); access risk set limited to rookie cohorts 2011+ and seasons 2013+ (OTC contract-history coverage); race is predicted, not observed (see race_measure_note)",,,,,,,,predicted
figure-player-retention-by-experience,Under contract in t+1 | P(white),Experience,0.8160089594422004,,,,,,1551.101816730267,,,,,,,,,3,weighted mean,"share of the risk set with the outcome, by experience",share (0-1),none,none,"season t+1 roster, right-censored at 2025","Risk sets condition on employment in season t (selected survival); roster weeks are not paid weeks; under-contract status from weekly rosters (2016 weeks 1-2 unverified listings dropped); access risk set limited to rookie cohorts 2011+ and seasons 2013+ (OTC contract-history coverage); race is predicted, not observed (see race_measure_note)",,,,,,,,predicted
figure-player-retention-by-experience,Under contract in t+1 | P(white),Experience,0.7592953935485411,,,,,,2212.8084129130234,,,,,,,,,0,weighted mean,"share of the risk set with the outcome, by experience",share (0-1),none,none,"season t+1 roster, right-censored at 2025","Risk sets condition on employment in season t (selected survival); roster weeks are not paid weeks; under-contract status from weekly rosters (2016 weeks 1-2 unverified listings dropped); access risk set limited to rookie cohorts 2011+ and seasons 2013+ (OTC contract-history coverage); race is predicted, not observed (see race_measure_note)",,,,,,,,predicted
figure-player-retention-by-experience,Under contract in t+1 | P(white),Experience,0.7893456472098923,,,,,,1976.998664488955,,,,,,,,,1,weighted mean,"share of the risk set with the outcome, by experience",share (0-1),none,none,"season t+1 roster, right-censored at 2025","Risk sets condition on employment in season t (selected survival); roster weeks are not paid weeks; under-contract status from weekly rosters (2016 weeks 1-2 unverified listings dropped); access risk set limited to rookie cohorts 2011+ and seasons 2013+ (OTC contract-history coverage); race is predicted, not observed (see race_measure_note)",,,,,,,,predicted
figure-player-retention-by-experience,Under contract in t+1 | P(white),Experience,0.809268536843203,,,,,,1765.068054570735,,,,,,,,,2,weighted mean,"share of the risk set with the outcome, by experience",share (0-1),none,none,"season t+1 roster, right-censored at 2025","Risk sets condition on employment in season t (selected survival); roster weeks are not paid weeks; under-contract status from weekly rosters (2016 weeks 1-2 unverified listings dropped); access risk set limited to rookie cohorts 2011+ and seasons 2013+ (OTC contract-history coverage); race is predicted, not observed (see race_measure_note)",,,,,,,,predicted
figure-player-retention-by-experience,First UFA/extension in t+1 | P(Black),Experience,0.07733329349571616,,,,,,2450.5715615909676,,,,,,,,,2,weighted mean,"share of the risk set with the outcome, by experience",share (0-1),none,none,"season t+1 roster, right-censored at 2025","Risk sets condition on employment in season t (selected survival); roster weeks are not paid weeks; under-contract status from weekly rosters (2016 weeks 1-2 unverified listings dropped); access risk set limited to rookie cohorts 2011+ and seasons 2013+ (OTC contract-history coverage); race is predicted, not observed (see race_measure_note)",,,,,,,,predicted
figure-player-retention-by-experience,First UFA/extension in t+1 | P(Black),Experience,0.5030330708525376,,,,,,1731.831526858362,,,,,,,,,3,weighted mean,"share of the risk set with the outcome, by experience",share (0-1),none,none,"season t+1 roster, right-censored at 2025","Risk sets condition on employment in season t (selected survival); roster weeks are not paid weeks; under-contract status from weekly rosters (2016 weeks 1-2 unverified listings dropped); access risk set limited to rookie cohorts 2011+ and seasons 2013+ (OTC contract-history coverage); race is predicted, not observed (see race_measure_note)",,,,,,,,predicted
figure-player-retention-by-experience,First UFA/extension in t+1 | P(Black),Experience,0.003772308904328643,,,,,,2853.9972409779325,,,,,,,,,1,weighted mean,"share of the risk set with the outcome, by experience",share (0-1),none,none,"season t+1 roster, right-censored at 2025","Risk sets condition on employment in season t (selected survival); roster weeks are not paid weeks; under-contract status from weekly rosters (2016 weeks 1-2 unverified listings dropped); access risk set limited to rookie cohorts 2011+ and seasons 2013+ (OTC contract-history coverage); race is predicted, not observed (see race_measure_note)",,,,,,,,predicted
figure-player-retention-by-experience,First UFA/extension in t+1 | P(Black),Experience,0.28780531586140234,,,,,,569.507450073856,,,,,,,,,4,weighted mean,"share of the risk set with the outcome, by experience",share (0-1),none,none,"season t+1 roster, right-censored at 2025","Risk sets condition on employment in season t (selected survival); roster weeks are not paid weeks; under-contract status from weekly rosters (2016 weeks 1-2 unverified listings dropped); access risk set limited to rookie cohorts 2011+ and seasons 2013+ (OTC contract-history coverage); race is predicted, not observed (see race_measure_note)",,,,,,,,predicted
figure-player-retention-by-experience,First UFA/extension in t+1 | P(Black),Experience,0.23197947826866255,,,,,,225.91812870684237,,,,,,,,,5,weighted mean,"share of the risk set with the outcome, by experience",share (0-1),none,none,"season t+1 roster, right-censored at 2025","Risk sets condition on employment in season t (selected survival); roster weeks are not paid weeks; under-contract status from weekly rosters (2016 weeks 1-2 unverified listings dropped); access risk set limited to rookie cohorts 2011+ and seasons 2013+ (OTC contract-history coverage); race is predicted, not observed (see race_measure_note)",,,,,,,,predicted
figure-player-retention-by-experience,First UFA/extension in t+1 | P(Black),Experience,0.18276029220994378,,,,,,90.57605585226673,,,,,,,,,6,weighted mean,"share of the risk set with the outcome, by experience",share (0-1),none,none,"season t+1 roster, right-censored at 2025","Risk sets condition on employment in season t (selected survival); roster weeks are not paid weeks; under-contract status from weekly rosters (2016 weeks 1-2 unverified listings dropped); access risk set limited to rookie cohorts 2011+ and seasons 2013+ (OTC contract-history coverage); race is predicted, not observed (see race_measure_note)",,,,,,,,predicted
figure-player-retention-by-experience,First UFA/extension in t+1 | P(Black),Experience,0.27213406944035845,,,,,,33.80384255171922,,,,,,,,,7,weighted mean,"share of the risk set with the outcome, by experience",share (0-1),none,none,"season t+1 roster, right-censored at 2025","Risk sets condition on employment in season t (selected survival); roster weeks are not paid weeks; under-contract status from weekly rosters (2016 weeks 1-2 unverified listings dropped); access risk set limited to rookie cohorts 2011+ and seasons 2013+ (OTC contract-history coverage); race is predicted, not observed (see race_measure_note)",,,,,,,,predicted
figure-player-retention-by-experience,First UFA/extension in t+1 | P(Black),Experience,0.07297331195340397,,,,,,13.13575271947199,,,,,,,,,8,weighted mean,"share of the risk set with the outcome, by experience",share (0-1),none,none,"season t+1 roster, right-censored at 2025","Risk sets condition on employment in season t (selected survival); roster weeks are not paid weeks; under-contract status from weekly rosters (2016 weeks 1-2 unverified listings dropped); access risk set limited to rookie cohorts 2011+ and seasons 2013+ (OTC contract-history coverage); race is predicted, not observed (see race_measure_note)",,,,,,,,predicted
figure-player-retention-by-experience,First UFA/extension in t+1 | P(Black),Experience,0.35382800734955555,,,,,,5.1270078660403335,,,,,,,,,9,weighted mean,"share of the risk set with the outcome, by experience",share (0-1),none,none,"season t+1 roster, right-censored at 2025","Risk sets condition on employment in season t (selected survival); roster weeks are not paid weeks; under-contract status from weekly rosters (2016 weeks 1-2 unverified listings dropped); access risk set limited to rookie cohorts 2011+ and seasons 2013+ (OTC contract-history coverage); race is predicted, not observed (see race_measure_note)",,,,,,,,predicted
figure-player-retention-by-experience,First UFA/extension in t+1 | P(Black),Experience,0.7576877359523122,,,,,,3.3129288891337856,,,,,,,,,10,weighted mean,"share of the risk set with the outcome, by experience",share (0-1),none,none,"season t+1 roster, right-censored at 2025","Risk sets condition on employment in season t (selected survival); roster weeks are not paid weeks; under-contract status from weekly rosters (2016 weeks 1-2 unverified listings dropped); access risk set limited to rookie cohorts 2011+ and seasons 2013+ (OTC contract-history coverage); race is predicted, not observed (see race_measure_note)",,,,,,,,predicted
figure-player-retention-by-experience,First UFA/extension in t+1 | P(Black),Experience,0,,,,,,3204.253437641003,,,,,,,,,0,weighted mean,"share of the risk set with the outcome, by experience",share (0-1),none,none,"season t+1 roster, right-censored at 2025","Risk sets condition on employment in season t (selected survival); roster weeks are not paid weeks; under-contract status from weekly rosters (2016 weeks 1-2 unverified listings dropped); access risk set limited to rookie cohorts 2011+ and seasons 2013+ (OTC contract-history coverage); race is predicted, not observed (see race_measure_note)",,,,,,,,predicted
figure-player-retention-by-experience,First UFA/extension in t+1 | P(white),Experience,0.11312829074843249,,,,,,905.9359344729022,,,,,,,,,2,weighted mean,"share of the risk set with the outcome, by experience",share (0-1),none,none,"season t+1 roster, right-censored at 2025","Risk sets condition on employment in season t (selected survival); roster weeks are not paid weeks; under-contract status from weekly rosters (2016 weeks 1-2 unverified listings dropped); access risk set limited to rookie cohorts 2011+ and seasons 2013+ (OTC contract-history coverage); race is predicted, not observed (see race_measure_note)",,,,,,,,predicted
figure-player-retention-by-experience,First UFA/extension in t+1 | P(white),Experience,0.4645415848756181,,,,,,621.86785296366,,,,,,,,,3,weighted mean,"share of the risk set with the outcome, by experience",share (0-1),none,none,"season t+1 roster, right-censored at 2025","Risk sets condition on employment in season t (selected survival); roster weeks are not paid weeks; under-contract status from weekly rosters (2016 weeks 1-2 unverified listings dropped); access risk set limited to rookie cohorts 2011+ and seasons 2013+ (OTC contract-history coverage); race is predicted, not observed (see race_measure_note)",,,,,,,,predicted
figure-player-retention-by-experience,First UFA/extension in t+1 | P(white),Experience,0.020699584531878135,,,,,,1029.9373864956556,,,,,,,,,1,weighted mean,"share of the risk set with the outcome, by experience",share (0-1),none,none,"season t+1 roster, right-censored at 2025","Risk sets condition on employment in season t (selected survival); roster weeks are not paid weeks; under-contract status from weekly rosters (2016 weeks 1-2 unverified listings dropped); access risk set limited to rookie cohorts 2011+ and seasons 2013+ (OTC contract-history coverage); race is predicted, not observed (see race_measure_note)",,,,,,,,predicted
figure-player-retention-by-experience,First UFA/extension in t+1 | P(white),Experience,0.28961379968961004,,,,,,246.41470956830997,,,,,,,,,4,weighted mean,"share of the risk set with the outcome, by experience",share (0-1),none,none,"season t+1 roster, right-censored at 2025","Risk sets condition on employment in season t (selected survival); roster weeks are not paid weeks; under-contract status from weekly rosters (2016 weeks 1-2 unverified listings dropped); access risk set limited to rookie cohorts 2011+ and seasons 2013+ (OTC contract-history coverage); race is predicted, not observed (see race_measure_note)",,,,,,,,predicted
figure-player-retention-by-experience,First UFA/extension in t+1 | P(white),Experience,0.2645784223585169,,,,,,108.41806030625841,,,,,,,,,5,weighted mean,"share of the risk set with the outcome, by experience",share (0-1),none,none,"season t+1 roster, right-censored at 2025","Risk sets condition on employment in season t (selected survival); roster weeks are not paid weeks; under-contract status from weekly rosters (2016 weeks 1-2 unverified listings dropped); access risk set limited to rookie cohorts 2011+ and seasons 2013+ (OTC contract-history coverage); race is predicted, not observed (see race_measure_note)",,,,,,,,predicted
figure-player-retention-by-experience,First UFA/extension in t+1 | P(white),Experience,0.2986800946024685,,,,,,41.068469496972554,,,,,,,,,6,weighted mean,"share of the risk set with the outcome, by experience",share (0-1),none,none,"season t+1 roster, right-censored at 2025","Risk sets condition on employment in season t (selected survival); roster weeks are not paid weeks; under-contract status from weekly rosters (2016 weeks 1-2 unverified listings dropped); access risk set limited to rookie cohorts 2011+ and seasons 2013+ (OTC contract-history coverage); race is predicted, not observed (see race_measure_note)",,,,,,,,predicted
figure-player-retention-by-experience,First UFA/extension in t+1 | P(white),Experience,0.3313466920979985,,,,,,15.719770752525964,,,,,,,,,7,weighted mean,"share of the risk set with the outcome, by experience",share (0-1),none,none,"season t+1 roster, right-censored at 2025","Risk sets condition on employment in season t (selected survival); roster weeks are not paid weeks; under-contract status from weekly rosters (2016 weeks 1-2 unverified listings dropped); access risk set limited to rookie cohorts 2011+ and seasons 2013+ (OTC contract-history coverage); race is predicted, not observed (see race_measure_note)",,,,,,,,predicted
figure-player-retention-by-experience,First UFA/extension in t+1 | P(white),Experience,0.1471488258425424,,,,,,6.887842873492104,,,,,,,,,8,weighted mean,"share of the risk set with the outcome, by experience",share (0-1),none,none,"season t+1 roster, right-censored at 2025","Risk sets condition on employment in season t (selected survival); roster weeks are not paid weeks; under-contract status from weekly rosters (2016 weeks 1-2 unverified listings dropped); access risk set limited to rookie cohorts 2011+ and seasons 2013+ (OTC contract-history coverage); race is predicted, not observed (see race_measure_note)",,,,,,,,predicted
figure-player-retention-by-experience,First UFA/extension in t+1 | P(white),Experience,0.8340733314402317,,,,,,1.2526472455640085,,,,,,,,,9,weighted mean,"share of the risk set with the outcome, by experience",share (0-1),none,none,"season t+1 roster, right-censored at 2025","Risk sets condition on employment in season t (selected survival); roster weeks are not paid weeks; under-contract status from weekly rosters (2016 weeks 1-2 unverified listings dropped); access risk set limited to rookie cohorts 2011+ and seasons 2013+ (OTC contract-history coverage); race is predicted, not observed (see race_measure_note)",,,,,,,,predicted
figure-player-retention-by-experience,First UFA/extension in t+1 | P(white),Experience,0.7039500331131539,,,,,,0.20784758433700587,,,,,,,,,10,weighted mean,"share of the risk set with the outcome, by experience",share (0-1),none,none,"season t+1 roster, right-censored at 2025","Risk sets condition on employment in season t (selected survival); roster weeks are not paid weeks; under-contract status from weekly rosters (2016 weeks 1-2 unverified listings dropped); access risk set limited to rookie cohorts 2011+ and seasons 2013+ (OTC contract-history coverage); race is predicted, not observed (see race_measure_note)",,,,,,,,predicted
figure-player-retention-by-experience,First UFA/extension in t+1 | P(white),Experience,0,,,,,,1104.1931730232466,,,,,,,,,0,weighted mean,"share of the risk set with the outcome, by experience",share (0-1),none,none,"season t+1 roster, right-censored at 2025","Risk sets condition on employment in season t (selected survival); roster weeks are not paid weeks; under-contract status from weekly rosters (2016 weeks 1-2 unverified listings dropped); access risk set limited to rookie cohorts 2011+ and seasons 2013+ (OTC contract-history coverage); race is predicted, not observed (see race_measure_note)",,,,,,,,predicted
