report_year,season,as_of,group,category,value,unit,base_n,source_type,source_title,source_url,page_or_section,quote,notes
2023,1990,,players,black,61,percent,,primary,"The 2023 Racial and Gender Report Card: National Football League (TIDES, UCF)",https://www.tidesport.org/_files/ugd/326b62_f8ae68d67f744fdbba5962c84b43f3bf.pdf,"PDF p. 47; Appendix II, Table 1 (Players)","Appendix II, Table 1 (Players), row 1990: Black or African American 61.0%",Retrospective appendix of the 2023 report (season-labelled rows). count not recorded. Pre-2003 rows are retrospective and their 1999/2000 labels conflict with the 2001 RGRC text (see README).
2023,1990,,players,white,39,percent,,primary,"The 2023 Racial and Gender Report Card: National Football League (TIDES, UCF)",https://www.tidesport.org/_files/ugd/326b62_f8ae68d67f744fdbba5962c84b43f3bf.pdf,"PDF p. 47; Appendix II, Table 1 (Players)","Appendix II, Table 1 (Players), row 1990: White 39.0%",Retrospective appendix of the 2023 report (season-labelled rows). count not recorded. Pre-2003 rows are retrospective and their 1999/2000 labels conflict with the 2001 RGRC text (see README).
2023,1991,,players,black,62,percent,,primary,"The 2023 Racial and Gender Report Card: National Football League (TIDES, UCF)",https://www.tidesport.org/_files/ugd/326b62_f8ae68d67f744fdbba5962c84b43f3bf.pdf,"PDF p. 47; Appendix II, Table 1 (Players)","Appendix II, Table 1 (Players), row 1991: Black or African American 62.0%",Retrospective appendix of the 2023 report (season-labelled rows). count not recorded. Pre-2003 rows are retrospective and their 1999/2000 labels conflict with the 2001 RGRC text (see README).
2023,1991,,players,latino,2,percent,,primary,"The 2023 Racial and Gender Report Card: National Football League (TIDES, UCF)",https://www.tidesport.org/_files/ugd/326b62_f8ae68d67f744fdbba5962c84b43f3bf.pdf,"PDF p. 47; Appendix II, Table 1 (Players)","Appendix II, Table 1 (Players), row 1991: Hispanic or Latino(a) 2.0%",Retrospective appendix of the 2023 report (season-labelled rows). count not recorded. Pre-2003 rows are retrospective and their 1999/2000 labels conflict with the 2001 RGRC text (see README).
2023,1991,,players,white,36,percent,,primary,"The 2023 Racial and Gender Report Card: National Football League (TIDES, UCF)",https://www.tidesport.org/_files/ugd/326b62_f8ae68d67f744fdbba5962c84b43f3bf.pdf,"PDF p. 47; Appendix II, Table 1 (Players)","Appendix II, Table 1 (Players), row 1991: White 36.0%",Retrospective appendix of the 2023 report (season-labelled rows). count not recorded. Pre-2003 rows are retrospective and their 1999/2000 labels conflict with the 2001 RGRC text (see README).
2023,1992,,players,black,68,percent,,primary,"The 2023 Racial and Gender Report Card: National Football League (TIDES, UCF)",https://www.tidesport.org/_files/ugd/326b62_f8ae68d67f744fdbba5962c84b43f3bf.pdf,"PDF p. 47; Appendix II, Table 1 (Players)","Appendix II, Table 1 (Players), row 1992: Black or African American 68.0%",Retrospective appendix of the 2023 report (season-labelled rows). count not recorded. Pre-2003 rows are retrospective and their 1999/2000 labels conflict with the 2001 RGRC text (see README).
2023,1992,,players,latino,1,percent,,primary,"The 2023 Racial and Gender Report Card: National Football League (TIDES, UCF)",https://www.tidesport.org/_files/ugd/326b62_f8ae68d67f744fdbba5962c84b43f3bf.pdf,"PDF p. 47; Appendix II, Table 1 (Players)","Appendix II, Table 1 (Players), row 1992: Hispanic or Latino(a) 1.0%",Retrospective appendix of the 2023 report (season-labelled rows). count not recorded. Pre-2003 rows are retrospective and their 1999/2000 labels conflict with the 2001 RGRC text (see README).
2023,1992,,players,other,1,percent,,primary,"The 2023 Racial and Gender Report Card: National Football League (TIDES, UCF)",https://www.tidesport.org/_files/ugd/326b62_f8ae68d67f744fdbba5962c84b43f3bf.pdf,"PDF p. 47; Appendix II, Table 1 (Players)","Appendix II, Table 1 (Players), row 1992: Other 1.0%",Retrospective appendix of the 2023 report (season-labelled rows). count not recorded. Pre-2003 rows are retrospective and their 1999/2000 labels conflict with the 2001 RGRC text (see README).
2023,1992,,players,white,30,percent,,primary,"The 2023 Racial and Gender Report Card: National Football League (TIDES, UCF)",https://www.tidesport.org/_files/ugd/326b62_f8ae68d67f744fdbba5962c84b43f3bf.pdf,"PDF p. 47; Appendix II, Table 1 (Players)","Appendix II, Table 1 (Players), row 1992: White 30.0%",Retrospective appendix of the 2023 report (season-labelled rows). count not recorded. Pre-2003 rows are retrospective and their 1999/2000 labels conflict with the 2001 RGRC text (see README).
2023,1993,,players,black,65,percent,,primary,"The 2023 Racial and Gender Report Card: National Football League (TIDES, UCF)",https://www.tidesport.org/_files/ugd/326b62_f8ae68d67f744fdbba5962c84b43f3bf.pdf,"PDF p. 47; Appendix II, Table 1 (Players)","Appendix II, Table 1 (Players), row 1993: Black or African American 65.0%",Retrospective appendix of the 2023 report (season-labelled rows). count not recorded. Pre-2003 rows are retrospective and their 1999/2000 labels conflict with the 2001 RGRC text (see README).
2023,1993,,players,white,35,percent,,primary,"The 2023 Racial and Gender Report Card: National Football League (TIDES, UCF)",https://www.tidesport.org/_files/ugd/326b62_f8ae68d67f744fdbba5962c84b43f3bf.pdf,"PDF p. 47; Appendix II, Table 1 (Players)","Appendix II, Table 1 (Players), row 1993: White 35.0%",Retrospective appendix of the 2023 report (season-labelled rows). count not recorded. Pre-2003 rows are retrospective and their 1999/2000 labels conflict with the 2001 RGRC text (see README).
2023,1994,,players,black,68,percent,,primary,"The 2023 Racial and Gender Report Card: National Football League (TIDES, UCF)",https://www.tidesport.org/_files/ugd/326b62_f8ae68d67f744fdbba5962c84b43f3bf.pdf,"PDF p. 47; Appendix II, Table 1 (Players)","Appendix II, Table 1 (Players), row 1994: Black or African American 68.0%",Retrospective appendix of the 2023 report (season-labelled rows). count not recorded. Pre-2003 rows are retrospective and their 1999/2000 labels conflict with the 2001 RGRC text (see README).
2023,1994,,players,other,1,percent,,primary,"The 2023 Racial and Gender Report Card: National Football League (TIDES, UCF)",https://www.tidesport.org/_files/ugd/326b62_f8ae68d67f744fdbba5962c84b43f3bf.pdf,"PDF p. 47; Appendix II, Table 1 (Players)","Appendix II, Table 1 (Players), row 1994: Other 1.0%",Retrospective appendix of the 2023 report (season-labelled rows). count not recorded. Pre-2003 rows are retrospective and their 1999/2000 labels conflict with the 2001 RGRC text (see README).
2023,1994,,players,white,31,percent,,primary,"The 2023 Racial and Gender Report Card: National Football League (TIDES, UCF)",https://www.tidesport.org/_files/ugd/326b62_f8ae68d67f744fdbba5962c84b43f3bf.pdf,"PDF p. 47; Appendix II, Table 1 (Players)","Appendix II, Table 1 (Players), row 1994: White 31.0%",Retrospective appendix of the 2023 report (season-labelled rows). count not recorded. Pre-2003 rows are retrospective and their 1999/2000 labels conflict with the 2001 RGRC text (see README).
2023,1995,,players,black,67,percent,,primary,"The 2023 Racial and Gender Report Card: National Football League (TIDES, UCF)",https://www.tidesport.org/_files/ugd/326b62_f8ae68d67f744fdbba5962c84b43f3bf.pdf,"PDF p. 47; Appendix II, Table 1 (Players)","Appendix II, Table 1 (Players), row 1995: Black or African American 67.0%",Retrospective appendix of the 2023 report (season-labelled rows). count not recorded. Pre-2003 rows are retrospective and their 1999/2000 labels conflict with the 2001 RGRC text (see README).
2023,1995,,players,other,2,percent,,primary,"The 2023 Racial and Gender Report Card: National Football League (TIDES, UCF)",https://www.tidesport.org/_files/ugd/326b62_f8ae68d67f744fdbba5962c84b43f3bf.pdf,"PDF p. 47; Appendix II, Table 1 (Players)","Appendix II, Table 1 (Players), row 1995: Other 2.0%",Retrospective appendix of the 2023 report (season-labelled rows). count not recorded. Pre-2003 rows are retrospective and their 1999/2000 labels conflict with the 2001 RGRC text (see README).
2023,1995,,players,white,31,percent,,primary,"The 2023 Racial and Gender Report Card: National Football League (TIDES, UCF)",https://www.tidesport.org/_files/ugd/326b62_f8ae68d67f744fdbba5962c84b43f3bf.pdf,"PDF p. 47; Appendix II, Table 1 (Players)","Appendix II, Table 1 (Players), row 1995: White 31.0%",Retrospective appendix of the 2023 report (season-labelled rows). count not recorded. Pre-2003 rows are retrospective and their 1999/2000 labels conflict with the 2001 RGRC text (see README).
2023,1996,,players,black,66,percent,,primary,"The 2023 Racial and Gender Report Card: National Football League (TIDES, UCF)",https://www.tidesport.org/_files/ugd/326b62_f8ae68d67f744fdbba5962c84b43f3bf.pdf,"PDF p. 47; Appendix II, Table 1 (Players)","Appendix II, Table 1 (Players), row 1996: Black or African American 66.0%",Retrospective appendix of the 2023 report (season-labelled rows). count not recorded. Pre-2003 rows are retrospective and their 1999/2000 labels conflict with the 2001 RGRC text (see README).
2023,1996,,players,latino,1,percent,,primary,"The 2023 Racial and Gender Report Card: National Football League (TIDES, UCF)",https://www.tidesport.org/_files/ugd/326b62_f8ae68d67f744fdbba5962c84b43f3bf.pdf,"PDF p. 47; Appendix II, Table 1 (Players)","Appendix II, Table 1 (Players), row 1996: Hispanic or Latino(a) 1.0%",Retrospective appendix of the 2023 report (season-labelled rows). count not recorded. Pre-2003 rows are retrospective and their 1999/2000 labels conflict with the 2001 RGRC text (see README).
2023,1996,,players,other,2,percent,,primary,"The 2023 Racial and Gender Report Card: National Football League (TIDES, UCF)",https://www.tidesport.org/_files/ugd/326b62_f8ae68d67f744fdbba5962c84b43f3bf.pdf,"PDF p. 47; Appendix II, Table 1 (Players)","Appendix II, Table 1 (Players), row 1996: Other 2.0%",Retrospective appendix of the 2023 report (season-labelled rows). count not recorded. Pre-2003 rows are retrospective and their 1999/2000 labels conflict with the 2001 RGRC text (see README).
2023,1996,,players,white,31,percent,,primary,"The 2023 Racial and Gender Report Card: National Football League (TIDES, UCF)",https://www.tidesport.org/_files/ugd/326b62_f8ae68d67f744fdbba5962c84b43f3bf.pdf,"PDF p. 47; Appendix II, Table 1 (Players)","Appendix II, Table 1 (Players), row 1996: White 31.0%",Retrospective appendix of the 2023 report (season-labelled rows). count not recorded. Pre-2003 rows are retrospective and their 1999/2000 labels conflict with the 2001 RGRC text (see README).
2023,1997,,players,black,65,percent,,primary,"The 2023 Racial and Gender Report Card: National Football League (TIDES, UCF)",https://www.tidesport.org/_files/ugd/326b62_f8ae68d67f744fdbba5962c84b43f3bf.pdf,"PDF p. 47; Appendix II, Table 1 (Players)","Appendix II, Table 1 (Players), row 1997: Black or African American 65.0%",Retrospective appendix of the 2023 report (season-labelled rows). count not recorded. Pre-2003 rows are retrospective and their 1999/2000 labels conflict with the 2001 RGRC text (see README).
2023,1997,,players,latino,1,percent,,primary,"The 2023 Racial and Gender Report Card: National Football League (TIDES, UCF)",https://www.tidesport.org/_files/ugd/326b62_f8ae68d67f744fdbba5962c84b43f3bf.pdf,"PDF p. 47; Appendix II, Table 1 (Players)","Appendix II, Table 1 (Players), row 1997: Hispanic or Latino(a) 1.0%",Retrospective appendix of the 2023 report (season-labelled rows). count not recorded. Pre-2003 rows are retrospective and their 1999/2000 labels conflict with the 2001 RGRC text (see README).
2023,1997,,players,other,1,percent,,primary,"The 2023 Racial and Gender Report Card: National Football League (TIDES, UCF)",https://www.tidesport.org/_files/ugd/326b62_f8ae68d67f744fdbba5962c84b43f3bf.pdf,"PDF p. 47; Appendix II, Table 1 (Players)","Appendix II, Table 1 (Players), row 1997: Other 1.0%",Retrospective appendix of the 2023 report (season-labelled rows). count not recorded. Pre-2003 rows are retrospective and their 1999/2000 labels conflict with the 2001 RGRC text (see README).
2023,1997,,players,white,33,percent,,primary,"The 2023 Racial and Gender Report Card: National Football League (TIDES, UCF)",https://www.tidesport.org/_files/ugd/326b62_f8ae68d67f744fdbba5962c84b43f3bf.pdf,"PDF p. 47; Appendix II, Table 1 (Players)","Appendix II, Table 1 (Players), row 1997: White 33.0%",Retrospective appendix of the 2023 report (season-labelled rows). count not recorded. Pre-2003 rows are retrospective and their 1999/2000 labels conflict with the 2001 RGRC text (see README).
2023,1998,,players,black,66,percent,,primary,"The 2023 Racial and Gender Report Card: National Football League (TIDES, UCF)",https://www.tidesport.org/_files/ugd/326b62_f8ae68d67f744fdbba5962c84b43f3bf.pdf,"PDF p. 47; Appendix II, Table 1 (Players)","Appendix II, Table 1 (Players), row 1998: Black or African American 66.0%",Retrospective appendix of the 2023 report (season-labelled rows). count not recorded. Pre-2003 rows are retrospective and their 1999/2000 labels conflict with the 2001 RGRC text (see README).
2023,1998,,players,latino,1,percent,,primary,"The 2023 Racial and Gender Report Card: National Football League (TIDES, UCF)",https://www.tidesport.org/_files/ugd/326b62_f8ae68d67f744fdbba5962c84b43f3bf.pdf,"PDF p. 47; Appendix II, Table 1 (Players)","Appendix II, Table 1 (Players), row 1998: Hispanic or Latino(a) 1.0%",Retrospective appendix of the 2023 report (season-labelled rows). count not recorded. Pre-2003 rows are retrospective and their 1999/2000 labels conflict with the 2001 RGRC text (see README).
2023,1998,,players,other,1,percent,,primary,"The 2023 Racial and Gender Report Card: National Football League (TIDES, UCF)",https://www.tidesport.org/_files/ugd/326b62_f8ae68d67f744fdbba5962c84b43f3bf.pdf,"PDF p. 47; Appendix II, Table 1 (Players)","Appendix II, Table 1 (Players), row 1998: Other 1.0%",Retrospective appendix of the 2023 report (season-labelled rows). count not recorded. Pre-2003 rows are retrospective and their 1999/2000 labels conflict with the 2001 RGRC text (see README).
2023,1998,,players,white,32,percent,,primary,"The 2023 Racial and Gender Report Card: National Football League (TIDES, UCF)",https://www.tidesport.org/_files/ugd/326b62_f8ae68d67f744fdbba5962c84b43f3bf.pdf,"PDF p. 47; Appendix II, Table 1 (Players)","Appendix II, Table 1 (Players), row 1998: White 32.0%",Retrospective appendix of the 2023 report (season-labelled rows). count not recorded. Pre-2003 rows are retrospective and their 1999/2000 labels conflict with the 2001 RGRC text (see README).
2001,1999,,players,white,32,percent,,primary,The 2001 Racial and Gender Report Card (Lapchick with Matthews; all leagues),https://www.tidesport.org/_files/ugd/7d86e5_fff5f25555de4e0087a8078790afe2fc.pdf,PDF p. 12; Minorities and Women Playing Professional Sports,The percentage of whites was 32 percent in both 1999 and 2000 but was down one percent from 1998.,Retrospective statement about 1999 in the 2001 report.
2023,1999,,players,black,67,percent,,primary,"The 2023 Racial and Gender Report Card: National Football League (TIDES, UCF)",https://www.tidesport.org/_files/ugd/326b62_f8ae68d67f744fdbba5962c84b43f3bf.pdf,"PDF p. 47; Appendix II, Table 1 (Players)","Appendix II, Table 1 (Players), row 1999: Black or African American 67.0%",Retrospective appendix of the 2023 report (season-labelled rows). count not recorded. Pre-2003 rows are retrospective and their 1999/2000 labels conflict with the 2001 RGRC text (see README).
2023,1999,,players,latino,0.5,percent,,primary,"The 2023 Racial and Gender Report Card: National Football League (TIDES, UCF)",https://www.tidesport.org/_files/ugd/326b62_f8ae68d67f744fdbba5962c84b43f3bf.pdf,"PDF p. 47; Appendix II, Table 1 (Players)","Appendix II, Table 1 (Players), row 1999: Hispanic or Latino(a) 0.5%",Retrospective appendix of the 2023 report (season-labelled rows). count not recorded. Pre-2003 rows are retrospective and their 1999/2000 labels conflict with the 2001 RGRC text (see README).
2023,1999,,players,other,0.5,percent,,primary,"The 2023 Racial and Gender Report Card: National Football League (TIDES, UCF)",https://www.tidesport.org/_files/ugd/326b62_f8ae68d67f744fdbba5962c84b43f3bf.pdf,"PDF p. 47; Appendix II, Table 1 (Players)","Appendix II, Table 1 (Players), row 1999: Other 0.5%",Retrospective appendix of the 2023 report (season-labelled rows). count not recorded. Pre-2003 rows are retrospective and their 1999/2000 labels conflict with the 2001 RGRC text (see README).
2023,1999,,players,white,32,percent,,primary,"The 2023 Racial and Gender Report Card: National Football League (TIDES, UCF)",https://www.tidesport.org/_files/ugd/326b62_f8ae68d67f744fdbba5962c84b43f3bf.pdf,"PDF p. 47; Appendix II, Table 1 (Players)","Appendix II, Table 1 (Players), row 1999: White 32.0%",Retrospective appendix of the 2023 report (season-labelled rows). count not recorded. Pre-2003 rows are retrospective and their 1999/2000 labels conflict with the 2001 RGRC text (see README).
2001,2000,,players,black,67,percent,,primary,The 2001 Racial and Gender Report Card (Lapchick with Matthews; all leagues),https://www.tidesport.org/_files/ugd/7d86e5_fff5f25555de4e0087a8078790afe2fc.pdf,PDF p. 12; Minorities and Women Playing Professional Sports,"In the NFL's 2000 season, the percentage of Americans-Americans gained two percent since the last RGRC to reach 67 percent.",'Americans-Americans' [sic] = African-Americans. Later TIDES appendix tables list 67% under 1999 and 2000 as not recorded (see README).
2001,2000,,players,white,32,percent,,primary,The 2001 Racial and Gender Report Card (Lapchick with Matthews; all leagues),https://www.tidesport.org/_files/ugd/7d86e5_fff5f25555de4e0087a8078790afe2fc.pdf,PDF p. 12; Minorities and Women Playing Professional Sports,The percentage of whites was 32 percent in both 1999 and 2000 but was down one percent from 1998.,
2003,2001,,players,asian,1.3,percent,,primary,"The 2003 Racial and Gender Report Card (TIDES, UCF; all leagues)",https://www.tidesport.org/_files/ugd/7d86e5_2b6a39fc09ce4fdfa47bbae7b94458de.pdf,PDF p. 17; Men's Professional Sports,"The percentage of Latinos (.4 percent), Asian-Americans (1.3 percent) and all other players of color (.06 percent) also increased",Label 'Asian-Americans'.
2003,2001,,players,black,65,percent,,primary,"The 2003 Racial and Gender Report Card (TIDES, UCF; all leagues)",https://www.tidesport.org/_files/ugd/7d86e5_2b6a39fc09ce4fdfa47bbae7b94458de.pdf,"PDF p. 17; Men's Professional Sports (text, p. 14)",the percentage of African-Americans dropped two percent since the last RGRC to match a four year low of 65 percent.,Sentence begins 'In the National Football League's 2001 season'. Report covers the 2001 NFL season.
2003,2001,,players,latino,0.4,percent,,primary,"The 2003 Racial and Gender Report Card (TIDES, UCF; all leagues)",https://www.tidesport.org/_files/ugd/7d86e5_2b6a39fc09ce4fdfa47bbae7b94458de.pdf,PDF p. 17; Men's Professional Sports,"The percentage of Latinos (.4 percent), Asian-Americans (1.3 percent) and all other players of color (.06 percent) also increased",
2003,2001,,players,other,0.06,percent,,primary,"The 2003 Racial and Gender Report Card (TIDES, UCF; all leagues)",https://www.tidesport.org/_files/ugd/7d86e5_2b6a39fc09ce4fdfa47bbae7b94458de.pdf,PDF p. 17; Men's Professional Sports,"The percentage of Latinos (.4 percent), Asian-Americans (1.3 percent) and all other players of color (.06 percent) also increased",Printed as '.06 percent'; Table 1 of the same report shows NFL 'Other' as <1%.
2003,2001,,players,white,33,percent,,primary,"The 2003 Racial and Gender Report Card (TIDES, UCF; all leagues)",https://www.tidesport.org/_files/ugd/7d86e5_2b6a39fc09ce4fdfa47bbae7b94458de.pdf,PDF p. 17; Men's Professional Sports,The percentage of whites increased to 33 percent (up one percent),
2004,2003,,players,asian,1.2,percent,,primary,"The 2004 Racial and Gender Report Card: National Football League (TIDES, UCF)",https://www.tidesport.org/_files/ugd/7d86e5_d4e81d551510470ab133adcdff26c44e.pdf,PDF p. 4; Grades by Category: Players,"The percentages of Latinos and Asians in the NFL remained stable at 0.5 percent and 1.2 percent, respectively.",
2004,2003,,players,asian,1.2,percent,,primary,"The 2004 Racial and Gender Report Card: National Football League (TIDES, UCF)",https://www.tidesport.org/_files/ugd/7d86e5_d4e81d551510470ab133adcdff26c44e.pdf,"PDF p. 13; Appendix I, Players table","Appendix I, Players table, 2003: Asian-American 1.2% (# 22)",Table transcription; count = 22. Table also lists International 4.0% (67).
2004,2003,,players,black,69,percent,,primary,"The 2004 Racial and Gender Report Card: National Football League (TIDES, UCF)",https://www.tidesport.org/_files/ugd/7d86e5_d4e81d551510470ab133adcdff26c44e.pdf,PDF p. 4; Grades by Category: Players,"In the NFL's 2003 season, the percentage of African-Americans reached an historic high of 69 percent",
2004,2003,,players,black,69.2,percent,,primary,"The 2004 Racial and Gender Report Card: National Football League (TIDES, UCF)",https://www.tidesport.org/_files/ugd/7d86e5_d4e81d551510470ab133adcdff26c44e.pdf,"PDF p. 13; Appendix I, Players table","Appendix I, Players table, 2003: African-American 69.2% (# 1228)",Table transcription; count = 1228. Table also lists International 4.0% (67).
2004,2003,,players,latino,0.5,percent,,primary,"The 2004 Racial and Gender Report Card: National Football League (TIDES, UCF)",https://www.tidesport.org/_files/ugd/7d86e5_d4e81d551510470ab133adcdff26c44e.pdf,PDF p. 4; Grades by Category: Players,"The percentages of Latinos and Asians in the NFL remained stable at 0.5 percent and 1.2 percent, respectively.",
2004,2003,,players,latino,0.5,percent,,primary,"The 2004 Racial and Gender Report Card: National Football League (TIDES, UCF)",https://www.tidesport.org/_files/ugd/7d86e5_d4e81d551510470ab133adcdff26c44e.pdf,"PDF p. 13; Appendix I, Players table","Appendix I, Players table, 2003: Latino 0.5% (# 9)",Table transcription; count = 9. Table also lists International 4.0% (67).
2004,2003,,players,other,0,percent,,primary,"The 2004 Racial and Gender Report Card: National Football League (TIDES, UCF)",https://www.tidesport.org/_files/ugd/7d86e5_d4e81d551510470ab133adcdff26c44e.pdf,"PDF p. 13; Appendix I, Players table","Appendix I, Players table, 2003: Other 0.0% (# 0)",Table transcription; count = 0. Table also lists International 4.0% (67).
2004,2003,,players,white,29,percent,,primary,"The 2004 Racial and Gender Report Card: National Football League (TIDES, UCF)",https://www.tidesport.org/_files/ugd/7d86e5_d4e81d551510470ab133adcdff26c44e.pdf,PDF p. 4; Grades by Category: Players,The percentage of whites decreased to 29 percent (down four percentage points).,
2004,2003,,players,white,29.1,percent,,primary,"The 2004 Racial and Gender Report Card: National Football League (TIDES, UCF)",https://www.tidesport.org/_files/ugd/7d86e5_d4e81d551510470ab133adcdff26c44e.pdf,"PDF p. 13; Appendix I, Players table","Appendix I, Players table, 2003: White 29.1% (# 516)",Table transcription; count = 516. Table also lists International 4.0% (67).
2023,2003,,players,asian,1.2,percent,,primary,"The 2023 Racial and Gender Report Card: National Football League (TIDES, UCF)",https://www.tidesport.org/_files/ugd/326b62_f8ae68d67f744fdbba5962c84b43f3bf.pdf,"PDF p. 47; Appendix II, Table 1 (Players)","Appendix II, Table 1 (Players), row 2003: Asian 1.2% (n=22)",Retrospective appendix of the 2023 report (season-labelled rows). count = 22.
2023,2003,,players,black,69.2,percent,,primary,"The 2023 Racial and Gender Report Card: National Football League (TIDES, UCF)",https://www.tidesport.org/_files/ugd/326b62_f8ae68d67f744fdbba5962c84b43f3bf.pdf,"PDF p. 47; Appendix II, Table 1 (Players)","Appendix II, Table 1 (Players), row 2003: Black or African American 69.2% (n=1228)",Retrospective appendix of the 2023 report (season-labelled rows). count = 1228.
2023,2003,,players,latino,0.5,percent,,primary,"The 2023 Racial and Gender Report Card: National Football League (TIDES, UCF)",https://www.tidesport.org/_files/ugd/326b62_f8ae68d67f744fdbba5962c84b43f3bf.pdf,"PDF p. 47; Appendix II, Table 1 (Players)","Appendix II, Table 1 (Players), row 2003: Hispanic or Latino(a) 0.5% (n=9)",Retrospective appendix of the 2023 report (season-labelled rows). count = 9.
2023,2003,,players,white,29.1,percent,,primary,"The 2023 Racial and Gender Report Card: National Football League (TIDES, UCF)",https://www.tidesport.org/_files/ugd/326b62_f8ae68d67f744fdbba5962c84b43f3bf.pdf,"PDF p. 47; Appendix II, Table 1 (Players)","Appendix II, Table 1 (Players), row 2003: White 29.1% (n=516)",Retrospective appendix of the 2023 report (season-labelled rows). count = 516.
2005,2005,,players,asian,2,percent,,primary,"The 2005 Racial and Gender Report Card: National Football League (TIDES, UCF)",https://www.tidesport.org/_files/ugd/7d86e5_9548089523184f6c8577f07fe91f5397.pdf,PDF p. 4; Grades by Category: Players,"The percentages of Latinos and Asians in the NFL increased slightly, to one percent and two percent, respectively.",
2005,2005,,players,asian,2,percent,,primary,"The 2005 Racial and Gender Report Card: National Football League (TIDES, UCF)",https://www.tidesport.org/_files/ugd/7d86e5_9548089523184f6c8577f07fe91f5397.pdf,"PDF p. 15; Appendix I, Table 1 (Players)","Appendix I, Table 1 (Players), 2005: Asian 2% (# 34)","Table transcription; count = 34. Same block: Latino <1% (10), Other <1% (1), International 1% (18)."
2005,2005,,players,black,66,percent,,primary,"The 2005 Racial and Gender Report Card: National Football League (TIDES, UCF)",https://www.tidesport.org/_files/ugd/7d86e5_9548089523184f6c8577f07fe91f5397.pdf,PDF p. 4; Grades by Category: Players,the percentage of African-Americans decreased three percentage points to 66 percent from an historic high of 69 percent in 2003,
2005,2005,,players,black,65.5,percent,,primary,"The 2005 Racial and Gender Report Card: National Football League (TIDES, UCF)",https://www.tidesport.org/_files/ugd/7d86e5_9548089523184f6c8577f07fe91f5397.pdf,"PDF p. 15; Appendix I, Table 1 (Players)","Appendix I, Table 1 (Players), 2005: African-American 65.5% (# 1116)","Table transcription; count = 1116. Same block: Latino <1% (10), Other <1% (1), International 1% (18)."
2005,2005,,players,latino,1,percent,,primary,"The 2005 Racial and Gender Report Card: National Football League (TIDES, UCF)",https://www.tidesport.org/_files/ugd/7d86e5_9548089523184f6c8577f07fe91f5397.pdf,PDF p. 4; Grades by Category: Players,"The percentages of Latinos and Asians in the NFL increased slightly, to one percent and two percent, respectively.",Appendix table shows Latino <1% (10).
2005,2005,,players,white,32,percent,,primary,"The 2005 Racial and Gender Report Card: National Football League (TIDES, UCF)",https://www.tidesport.org/_files/ugd/7d86e5_9548089523184f6c8577f07fe91f5397.pdf,PDF p. 4; Grades by Category: Players,"The percentage of whites increased to 32 percent, up from 29 percent in 2003.",
2005,2005,,players,white,31.5,percent,,primary,"The 2005 Racial and Gender Report Card: National Football League (TIDES, UCF)",https://www.tidesport.org/_files/ugd/7d86e5_9548089523184f6c8577f07fe91f5397.pdf,"PDF p. 15; Appendix I, Table 1 (Players)","Appendix I, Table 1 (Players), 2005: White 31.5% (# 537)","Table transcription; count = 537. Same block: Latino <1% (10), Other <1% (1), International 1% (18)."
2023,2005,,players,asian,2,percent,,primary,"The 2023 Racial and Gender Report Card: National Football League (TIDES, UCF)",https://www.tidesport.org/_files/ugd/326b62_f8ae68d67f744fdbba5962c84b43f3bf.pdf,"PDF p. 47; Appendix II, Table 1 (Players)","Appendix II, Table 1 (Players), row 2005: Asian 2.0% (n=34)","Retrospective appendix of the 2023 report (season-labelled rows). count = 34. Percentages in this appendix are recomputed over a denominator that includes 'Other' (which absorbs International players for 2005-2016), so they differ from the contemporaneous reports (e.g., 2009: 65.9% here vs 67% in the 2010 report, identical counts)."
2023,2005,,players,black,65,percent,,primary,"The 2023 Racial and Gender Report Card: National Football League (TIDES, UCF)",https://www.tidesport.org/_files/ugd/326b62_f8ae68d67f744fdbba5962c84b43f3bf.pdf,"PDF p. 47; Appendix II, Table 1 (Players)","Appendix II, Table 1 (Players), row 2005: Black or African American 65.0% (n=1116)","Retrospective appendix of the 2023 report (season-labelled rows). count = 1116. Percentages in this appendix are recomputed over a denominator that includes 'Other' (which absorbs International players for 2005-2016), so they differ from the contemporaneous reports (e.g., 2009: 65.9% here vs 67% in the 2010 report, identical counts)."
2023,2005,,players,latino,0.6,percent,,primary,"The 2023 Racial and Gender Report Card: National Football League (TIDES, UCF)",https://www.tidesport.org/_files/ugd/326b62_f8ae68d67f744fdbba5962c84b43f3bf.pdf,"PDF p. 47; Appendix II, Table 1 (Players)","Appendix II, Table 1 (Players), row 2005: Hispanic or Latino(a) 0.6% (n=10)","Retrospective appendix of the 2023 report (season-labelled rows). count = 10. Percentages in this appendix are recomputed over a denominator that includes 'Other' (which absorbs International players for 2005-2016), so they differ from the contemporaneous reports (e.g., 2009: 65.9% here vs 67% in the 2010 report, identical counts)."
2023,2005,,players,other,1.1,percent,,primary,"The 2023 Racial and Gender Report Card: National Football League (TIDES, UCF)",https://www.tidesport.org/_files/ugd/326b62_f8ae68d67f744fdbba5962c84b43f3bf.pdf,"PDF p. 47; Appendix II, Table 1 (Players)","Appendix II, Table 1 (Players), row 2005: Other 1.1% (n=19)","Retrospective appendix of the 2023 report (season-labelled rows). count = 19. Percentages in this appendix are recomputed over a denominator that includes 'Other' (which absorbs International players for 2005-2016), so they differ from the contemporaneous reports (e.g., 2009: 65.9% here vs 67% in the 2010 report, identical counts)."
2023,2005,,players,white,31.3,percent,,primary,"The 2023 Racial and Gender Report Card: National Football League (TIDES, UCF)",https://www.tidesport.org/_files/ugd/326b62_f8ae68d67f744fdbba5962c84b43f3bf.pdf,"PDF p. 47; Appendix II, Table 1 (Players)","Appendix II, Table 1 (Players), row 2005: White 31.3% (n=537)","Retrospective appendix of the 2023 report (season-labelled rows). count = 537. Percentages in this appendix are recomputed over a denominator that includes 'Other' (which absorbs International players for 2005-2016), so they differ from the contemporaneous reports (e.g., 2009: 65.9% here vs 67% in the 2010 report, identical counts)."
2006,2006,,players,asian,1.5,percent,,primary,"The 2006 Racial and Gender Report Card: National Football League (TIDES, UCF)",https://www.tidesport.org/_files/ugd/7d86e5_7232193e48f64e90af2cdf09e65a8a94.pdf,PDF p. 4; Grades by Category: Players,Asians in the NFL decreased slightly from 2 to 1.5 percent.,
2006,2006,,players,asian,1.5,percent,,primary,"The 2006 Racial and Gender Report Card: National Football League (TIDES, UCF)",https://www.tidesport.org/_files/ugd/7d86e5_7232193e48f64e90af2cdf09e65a8a94.pdf,"PDF p. 14; Appendix I, Table 1 (Players)","Appendix I, Table 1 (Players), 2006: Asian 1.5% (# 25)",Table transcription; count = 25. Same block: International 1% (24).
2006,2006,,players,black,67,percent,,primary,"The 2006 Racial and Gender Report Card: National Football League (TIDES, UCF)",https://www.tidesport.org/_files/ugd/7d86e5_7232193e48f64e90af2cdf09e65a8a94.pdf,PDF p. 4; Grades by Category: Players,"In the NFL's 2006 season, the percentage of African-Americans was 67 percent, an increase of 1.5 percentage points from 2005.",
2006,2006,,players,black,67,percent,,primary,"The 2006 Racial and Gender Report Card: National Football League (TIDES, UCF)",https://www.tidesport.org/_files/ugd/7d86e5_7232193e48f64e90af2cdf09e65a8a94.pdf,"PDF p. 14; Appendix I, Table 1 (Players)","Appendix I, Table 1 (Players), 2006: African-American 67% (# 1131)",Table transcription; count = 1131. Same block: International 1% (24).
2006,2006,,players,latino,0.5,percent,,primary,"The 2006 Racial and Gender Report Card: National Football League (TIDES, UCF)",https://www.tidesport.org/_files/ugd/7d86e5_7232193e48f64e90af2cdf09e65a8a94.pdf,"PDF p. 14; Appendix I, Table 1 (Players)","Appendix I, Table 1 (Players), 2006: Latino 0.5% (# 8)",Table transcription; count = 8. Same block: International 1% (24).
2006,2006,,players,other,0,percent,,primary,"The 2006 Racial and Gender Report Card: National Football League (TIDES, UCF)",https://www.tidesport.org/_files/ugd/7d86e5_7232193e48f64e90af2cdf09e65a8a94.pdf,"PDF p. 14; Appendix I, Table 1 (Players)","Appendix I, Table 1 (Players), 2006: Other 0% (# 0)",Table transcription; count = 0. Same block: International 1% (24).
2006,2006,,players,white,31,percent,,primary,"The 2006 Racial and Gender Report Card: National Football League (TIDES, UCF)",https://www.tidesport.org/_files/ugd/7d86e5_7232193e48f64e90af2cdf09e65a8a94.pdf,PDF p. 4; Grades by Category: Players,The percentage of whites remained fairly constant at 31 percent from the 2005 Report Card.,
2006,2006,,players,white,31,percent,,primary,"The 2006 Racial and Gender Report Card: National Football League (TIDES, UCF)",https://www.tidesport.org/_files/ugd/7d86e5_7232193e48f64e90af2cdf09e65a8a94.pdf,"PDF p. 14; Appendix I, Table 1 (Players)","Appendix I, Table 1 (Players), 2006: White 31% (# 532)",Table transcription; count = 532. Same block: International 1% (24).
2023,2006,,players,asian,1.5,percent,,primary,"The 2023 Racial and Gender Report Card: National Football League (TIDES, UCF)",https://www.tidesport.org/_files/ugd/326b62_f8ae68d67f744fdbba5962c84b43f3bf.pdf,"PDF p. 47; Appendix II, Table 1 (Players)","Appendix II, Table 1 (Players), row 2006: Asian 1.5% (n=25)","Retrospective appendix of the 2023 report (season-labelled rows). count = 25. Percentages in this appendix are recomputed over a denominator that includes 'Other' (which absorbs International players for 2005-2016), so they differ from the contemporaneous reports (e.g., 2009: 65.9% here vs 67% in the 2010 report, identical counts)."
2023,2006,,players,black,65.8,percent,,primary,"The 2023 Racial and Gender Report Card: National Football League (TIDES, UCF)",https://www.tidesport.org/_files/ugd/326b62_f8ae68d67f744fdbba5962c84b43f3bf.pdf,"PDF p. 47; Appendix II, Table 1 (Players)","Appendix II, Table 1 (Players), row 2006: Black or African American 65.8% (n=1131)","Retrospective appendix of the 2023 report (season-labelled rows). count = 1131. Percentages in this appendix are recomputed over a denominator that includes 'Other' (which absorbs International players for 2005-2016), so they differ from the contemporaneous reports (e.g., 2009: 65.9% here vs 67% in the 2010 report, identical counts)."
2023,2006,,players,latino,0.5,percent,,primary,"The 2023 Racial and Gender Report Card: National Football League (TIDES, UCF)",https://www.tidesport.org/_files/ugd/326b62_f8ae68d67f744fdbba5962c84b43f3bf.pdf,"PDF p. 47; Appendix II, Table 1 (Players)","Appendix II, Table 1 (Players), row 2006: Hispanic or Latino(a) 0.5% (n=8)","Retrospective appendix of the 2023 report (season-labelled rows). count = 8. Percentages in this appendix are recomputed over a denominator that includes 'Other' (which absorbs International players for 2005-2016), so they differ from the contemporaneous reports (e.g., 2009: 65.9% here vs 67% in the 2010 report, identical counts)."
2023,2006,,players,other,1.4,percent,,primary,"The 2023 Racial and Gender Report Card: National Football League (TIDES, UCF)",https://www.tidesport.org/_files/ugd/326b62_f8ae68d67f744fdbba5962c84b43f3bf.pdf,"PDF p. 47; Appendix II, Table 1 (Players)","Appendix II, Table 1 (Players), row 2006: Other 1.4% (n=24)","Retrospective appendix of the 2023 report (season-labelled rows). count = 24. Percentages in this appendix are recomputed over a denominator that includes 'Other' (which absorbs International players for 2005-2016), so they differ from the contemporaneous reports (e.g., 2009: 65.9% here vs 67% in the 2010 report, identical counts)."
2023,2006,,players,white,30.9,percent,,primary,"The 2023 Racial and Gender Report Card: National Football League (TIDES, UCF)",https://www.tidesport.org/_files/ugd/326b62_f8ae68d67f744fdbba5962c84b43f3bf.pdf,"PDF p. 47; Appendix II, Table 1 (Players)","Appendix II, Table 1 (Players), row 2006: White 30.9% (n=532)","Retrospective appendix of the 2023 report (season-labelled rows). count = 532. Percentages in this appendix are recomputed over a denominator that includes 'Other' (which absorbs International players for 2005-2016), so they differ from the contemporaneous reports (e.g., 2009: 65.9% here vs 67% in the 2010 report, identical counts)."
2008,2007,,players,asian,2,percent,,primary,"The 2008 Racial and Gender Report Card: National Football League (TIDES, UCF)",https://www.tidesport.org/_files/ugd/7d86e5_6b3e09108aba4deb891cfbc7cac66b02.pdf,PDF p. 5; Grades by Category: Players,Asians in the NFL increased slightly from 1.5 to 2 percent.,
2008,2007,,players,asian,2,percent,,primary,"The 2008 Racial and Gender Report Card: National Football League (TIDES, UCF)",https://www.tidesport.org/_files/ugd/7d86e5_6b3e09108aba4deb891cfbc7cac66b02.pdf,"PDF p. 15; Appendix I, Table 1 (Players)","Appendix I, Table 1 (Players), 2007: Asian 2% (# 44)","Table transcription; count = 44. Same block: Other <1% (1), International 2% (43). Text: Latinos 'just over one percent'."
2008,2007,,players,black,66,percent,,primary,"The 2008 Racial and Gender Report Card: National Football League (TIDES, UCF)",https://www.tidesport.org/_files/ugd/7d86e5_6b3e09108aba4deb891cfbc7cac66b02.pdf,PDF p. 5; Grades by Category: Players,"In the NFL's 2007 season, the percentage of African-Americans was 66 percent, a decrease of one percentage point from 2006.",
2008,2007,,players,black,66,percent,,primary,"The 2008 Racial and Gender Report Card: National Football League (TIDES, UCF)",https://www.tidesport.org/_files/ugd/7d86e5_6b3e09108aba4deb891cfbc7cac66b02.pdf,"PDF p. 15; Appendix I, Table 1 (Players)","Appendix I, Table 1 (Players), 2007: African-American 66% (# 1566)","Table transcription; count = 1566. Same block: Other <1% (1), International 2% (43). Text: Latinos 'just over one percent'."
2008,2007,,players,latino,1,percent,,primary,"The 2008 Racial and Gender Report Card: National Football League (TIDES, UCF)",https://www.tidesport.org/_files/ugd/7d86e5_6b3e09108aba4deb891cfbc7cac66b02.pdf,"PDF p. 15; Appendix I, Table 1 (Players)","Appendix I, Table 1 (Players), 2007: Latino 1% (# 30)","Table transcription; count = 30. Same block: Other <1% (1), International 2% (43). Text: Latinos 'just over one percent'."
2008,2007,,players,white,31,percent,,primary,"The 2008 Racial and Gender Report Card: National Football League (TIDES, UCF)",https://www.tidesport.org/_files/ugd/7d86e5_6b3e09108aba4deb891cfbc7cac66b02.pdf,PDF p. 5; Grades by Category: Players,The percentage of whites remained constant at 31 percent from 2006.,
2008,2007,,players,white,31,percent,,primary,"The 2008 Racial and Gender Report Card: National Football League (TIDES, UCF)",https://www.tidesport.org/_files/ugd/7d86e5_6b3e09108aba4deb891cfbc7cac66b02.pdf,"PDF p. 15; Appendix I, Table 1 (Players)","Appendix I, Table 1 (Players), 2007: White 31% (# 730)","Table transcription; count = 730. Same block: Other <1% (1), International 2% (43). Text: Latinos 'just over one percent'."
2023,2007,,players,asian,1.8,percent,,primary,"The 2023 Racial and Gender Report Card: National Football League (TIDES, UCF)",https://www.tidesport.org/_files/ugd/326b62_f8ae68d67f744fdbba5962c84b43f3bf.pdf,"PDF p. 47; Appendix II, Table 1 (Players)","Appendix II, Table 1 (Players), row 2007: Asian 1.8% (n=44)","Retrospective appendix of the 2023 report (season-labelled rows). count = 44. Percentages in this appendix are recomputed over a denominator that includes 'Other' (which absorbs International players for 2005-2016), so they differ from the contemporaneous reports (e.g., 2009: 65.9% here vs 67% in the 2010 report, identical counts)."
2023,2007,,players,black,64.9,percent,,primary,"The 2023 Racial and Gender Report Card: National Football League (TIDES, UCF)",https://www.tidesport.org/_files/ugd/326b62_f8ae68d67f744fdbba5962c84b43f3bf.pdf,"PDF p. 47; Appendix II, Table 1 (Players)","Appendix II, Table 1 (Players), row 2007: Black or African American 64.9% (n=1566)","Retrospective appendix of the 2023 report (season-labelled rows). count = 1566. Percentages in this appendix are recomputed over a denominator that includes 'Other' (which absorbs International players for 2005-2016), so they differ from the contemporaneous reports (e.g., 2009: 65.9% here vs 67% in the 2010 report, identical counts)."
2023,2007,,players,latino,1.2,percent,,primary,"The 2023 Racial and Gender Report Card: National Football League (TIDES, UCF)",https://www.tidesport.org/_files/ugd/326b62_f8ae68d67f744fdbba5962c84b43f3bf.pdf,"PDF p. 47; Appendix II, Table 1 (Players)","Appendix II, Table 1 (Players), row 2007: Hispanic or Latino(a) 1.2% (n=30)","Retrospective appendix of the 2023 report (season-labelled rows). count = 30. Percentages in this appendix are recomputed over a denominator that includes 'Other' (which absorbs International players for 2005-2016), so they differ from the contemporaneous reports (e.g., 2009: 65.9% here vs 67% in the 2010 report, identical counts)."
2023,2007,,players,other,1.8,percent,,primary,"The 2023 Racial and Gender Report Card: National Football League (TIDES, UCF)",https://www.tidesport.org/_files/ugd/326b62_f8ae68d67f744fdbba5962c84b43f3bf.pdf,"PDF p. 47; Appendix II, Table 1 (Players)","Appendix II, Table 1 (Players), row 2007: Other 1.8% (n=44)","Retrospective appendix of the 2023 report (season-labelled rows). count = 44. Percentages in this appendix are recomputed over a denominator that includes 'Other' (which absorbs International players for 2005-2016), so they differ from the contemporaneous reports (e.g., 2009: 65.9% here vs 67% in the 2010 report, identical counts)."
2023,2007,,players,white,30.2,percent,,primary,"The 2023 Racial and Gender Report Card: National Football League (TIDES, UCF)",https://www.tidesport.org/_files/ugd/326b62_f8ae68d67f744fdbba5962c84b43f3bf.pdf,"PDF p. 47; Appendix II, Table 1 (Players)","Appendix II, Table 1 (Players), row 2007: White 30.2% (n=730)","Retrospective appendix of the 2023 report (season-labelled rows). count = 730. Percentages in this appendix are recomputed over a denominator that includes 'Other' (which absorbs International players for 2005-2016), so they differ from the contemporaneous reports (e.g., 2009: 65.9% here vs 67% in the 2010 report, identical counts)."
2009,2008,,players,asian_pacific_islander,2,percent,,primary,"The 2009 Racial and Gender Report Card: National Football League (TIDES, UCF)",https://www.tidesport.org/_files/ugd/7d86e5_45094cb7ae7544be9b7babc6cc0a63ed.pdf,PDF p. 5; Grades by Category: Players,"The percentage of Latinos and Asian/Pacific Islanders remained at one and two percent, respectively.",First report to label the category 'Asian/Pacific Islanders'.
2009,2008,,players,asian_pacific_islander,2,percent,,primary,"The 2009 Racial and Gender Report Card: National Football League (TIDES, UCF)",https://www.tidesport.org/_files/ugd/7d86e5_45094cb7ae7544be9b7babc6cc0a63ed.pdf,"PDF p. 16; Appendix I, Table 1 (Players)","Appendix I, Table 1 (Players), 2008: Asian/Pacific Islanders 2% (# 45)","Table transcription; count = 45. Same block: Other <1% (1), International 2% (63)."
2009,2008,,players,black,67,percent,,primary,"The 2009 Racial and Gender Report Card: National Football League (TIDES, UCF)",https://www.tidesport.org/_files/ugd/7d86e5_45094cb7ae7544be9b7babc6cc0a63ed.pdf,PDF p. 5; Grades by Category: Players,"During the NFL's 2008 season, the percentage of African-American players was 67 percent, an increase of one percentage point from 2007.",
2009,2008,,players,black,67,percent,,primary,"The 2009 Racial and Gender Report Card: National Football League (TIDES, UCF)",https://www.tidesport.org/_files/ugd/7d86e5_45094cb7ae7544be9b7babc6cc0a63ed.pdf,"PDF p. 16; Appendix I, Table 1 (Players)","Appendix I, Table 1 (Players), 2008: African-American 67% (# 1762)","Table transcription; count = 1762. Same block: Other <1% (1), International 2% (63)."
2009,2008,,players,latino,1,percent,,primary,"The 2009 Racial and Gender Report Card: National Football League (TIDES, UCF)",https://www.tidesport.org/_files/ugd/7d86e5_45094cb7ae7544be9b7babc6cc0a63ed.pdf,PDF p. 5; Grades by Category: Players,"The percentage of Latinos and Asian/Pacific Islanders remained at one and two percent, respectively.",
2009,2008,,players,latino,1,percent,,primary,"The 2009 Racial and Gender Report Card: National Football League (TIDES, UCF)",https://www.tidesport.org/_files/ugd/7d86e5_45094cb7ae7544be9b7babc6cc0a63ed.pdf,"PDF p. 16; Appendix I, Table 1 (Players)","Appendix I, Table 1 (Players), 2008: Latino 1% (# 25)","Table transcription; count = 25. Same block: Other <1% (1), International 2% (63)."
2009,2008,,players,white,31,percent,,primary,"The 2009 Racial and Gender Report Card: National Football League (TIDES, UCF)",https://www.tidesport.org/_files/ugd/7d86e5_45094cb7ae7544be9b7babc6cc0a63ed.pdf,PDF p. 5; Grades by Category: Players,The percentage of whites has remained constant at 31 percent since 2006.,
2009,2008,,players,white,31,percent,,primary,"The 2009 Racial and Gender Report Card: National Football League (TIDES, UCF)",https://www.tidesport.org/_files/ugd/7d86e5_45094cb7ae7544be9b7babc6cc0a63ed.pdf,"PDF p. 16; Appendix I, Table 1 (Players)","Appendix I, Table 1 (Players), 2008: White 31% (# 805)","Table transcription; count = 805. Same block: Other <1% (1), International 2% (63)."
2023,2008,,players,asian,1.7,percent,,primary,"The 2023 Racial and Gender Report Card: National Football League (TIDES, UCF)",https://www.tidesport.org/_files/ugd/326b62_f8ae68d67f744fdbba5962c84b43f3bf.pdf,"PDF p. 47; Appendix II, Table 1 (Players)","Appendix II, Table 1 (Players), row 2008: Asian 1.7% (n=45)","Retrospective appendix of the 2023 report (season-labelled rows). count = 45. Percentages in this appendix are recomputed over a denominator that includes 'Other' (which absorbs International players for 2005-2016), so they differ from the contemporaneous reports (e.g., 2009: 65.9% here vs 67% in the 2010 report, identical counts)."
2023,2008,,players,black,65.2,percent,,primary,"The 2023 Racial and Gender Report Card: National Football League (TIDES, UCF)",https://www.tidesport.org/_files/ugd/326b62_f8ae68d67f744fdbba5962c84b43f3bf.pdf,"PDF p. 47; Appendix II, Table 1 (Players)","Appendix II, Table 1 (Players), row 2008: Black or African American 65.2% (n=1762)","Retrospective appendix of the 2023 report (season-labelled rows). count = 1762. Percentages in this appendix are recomputed over a denominator that includes 'Other' (which absorbs International players for 2005-2016), so they differ from the contemporaneous reports (e.g., 2009: 65.9% here vs 67% in the 2010 report, identical counts)."
2023,2008,,players,latino,0.9,percent,,primary,"The 2023 Racial and Gender Report Card: National Football League (TIDES, UCF)",https://www.tidesport.org/_files/ugd/326b62_f8ae68d67f744fdbba5962c84b43f3bf.pdf,"PDF p. 47; Appendix II, Table 1 (Players)","Appendix II, Table 1 (Players), row 2008: Hispanic or Latino(a) 0.9% (n=25)","Retrospective appendix of the 2023 report (season-labelled rows). count = 25. Percentages in this appendix are recomputed over a denominator that includes 'Other' (which absorbs International players for 2005-2016), so they differ from the contemporaneous reports (e.g., 2009: 65.9% here vs 67% in the 2010 report, identical counts)."
2023,2008,,players,other,2.4,percent,,primary,"The 2023 Racial and Gender Report Card: National Football League (TIDES, UCF)",https://www.tidesport.org/_files/ugd/326b62_f8ae68d67f744fdbba5962c84b43f3bf.pdf,"PDF p. 47; Appendix II, Table 1 (Players)","Appendix II, Table 1 (Players), row 2008: Other 2.4% (n=64)","Retrospective appendix of the 2023 report (season-labelled rows). count = 64. Percentages in this appendix are recomputed over a denominator that includes 'Other' (which absorbs International players for 2005-2016), so they differ from the contemporaneous reports (e.g., 2009: 65.9% here vs 67% in the 2010 report, identical counts)."
2023,2008,,players,white,29.8,percent,,primary,"The 2023 Racial and Gender Report Card: National Football League (TIDES, UCF)",https://www.tidesport.org/_files/ugd/326b62_f8ae68d67f744fdbba5962c84b43f3bf.pdf,"PDF p. 47; Appendix II, Table 1 (Players)","Appendix II, Table 1 (Players), row 2008: White 29.8% (n=805)","Retrospective appendix of the 2023 report (season-labelled rows). count = 805. Percentages in this appendix are recomputed over a denominator that includes 'Other' (which absorbs International players for 2005-2016), so they differ from the contemporaneous reports (e.g., 2009: 65.9% here vs 67% in the 2010 report, identical counts)."
2010,2009,,players,asian,2,percent,,primary,"The 2010 Racial and Gender Report Card: National Football League (TIDES, UCF)",https://www.tidesport.org/_files/ugd/7d86e5_bdd6b1a988ef46d08cc23d64293b611c.pdf,PDF p. 4; Grades by Category: Players,"The percentage of Latinos and Asians remained at 1 and 2 percent, respectively.",Labelled 'Asians' here; the 2009 and 2011 reports label the same category 'Asian/Pacific Islanders'.
2010,2009,,players,asian,2,percent,,primary,"The 2010 Racial and Gender Report Card: National Football League (TIDES, UCF)",https://www.tidesport.org/_files/ugd/7d86e5_bdd6b1a988ef46d08cc23d64293b611c.pdf,"PDF p. 15; Appendix I, Table 1 (Players)","Appendix I, Table 1 (Players), 2009: Asian 2% (# 55)","Table transcription; count = 55. Same block: Other <1% (2), International 2% (48)."
2010,2009,,players,black,67,percent,,primary,"The 2010 Racial and Gender Report Card: National Football League (TIDES, UCF)",https://www.tidesport.org/_files/ugd/7d86e5_bdd6b1a988ef46d08cc23d64293b611c.pdf,PDF p. 4; Grades by Category: Players,"During the NFL's 2009 season, the percentage of African-American players remained at 67 percent.",
2010,2009,,players,black,67,percent,,primary,"The 2010 Racial and Gender Report Card: National Football League (TIDES, UCF)",https://www.tidesport.org/_files/ugd/7d86e5_bdd6b1a988ef46d08cc23d64293b611c.pdf,"PDF p. 15; Appendix I, Table 1 (Players)","Appendix I, Table 1 (Players), 2009: African-American 67% (# 1761)","Table transcription; count = 1761. Same block: Other <1% (2), International 2% (48)."
2010,2009,,players,latino,1,percent,,primary,"The 2010 Racial and Gender Report Card: National Football League (TIDES, UCF)",https://www.tidesport.org/_files/ugd/7d86e5_bdd6b1a988ef46d08cc23d64293b611c.pdf,PDF p. 4; Grades by Category: Players,"The percentage of Latinos and Asians remained at 1 and 2 percent, respectively.",
2010,2009,,players,latino,1,percent,,primary,"The 2010 Racial and Gender Report Card: National Football League (TIDES, UCF)",https://www.tidesport.org/_files/ugd/7d86e5_bdd6b1a988ef46d08cc23d64293b611c.pdf,"PDF p. 15; Appendix I, Table 1 (Players)","Appendix I, Table 1 (Players), 2009: Latino 1% (# 24)","Table transcription; count = 24. Same block: Other <1% (2), International 2% (48)."
2010,2009,,players,white,30,percent,,primary,"The 2010 Racial and Gender Report Card: National Football League (TIDES, UCF)",https://www.tidesport.org/_files/ugd/7d86e5_bdd6b1a988ef46d08cc23d64293b611c.pdf,PDF p. 4; Grades by Category: Players,The percentage of white players in 2009 decreased by one percentage point from 31 to 30 percent.,
2010,2009,,players,white,30,percent,,primary,"The 2010 Racial and Gender Report Card: National Football League (TIDES, UCF)",https://www.tidesport.org/_files/ugd/7d86e5_bdd6b1a988ef46d08cc23d64293b611c.pdf,"PDF p. 15; Appendix I, Table 1 (Players)","Appendix I, Table 1 (Players), 2009: White 30% (# 782)","Table transcription; count = 782. Same block: Other <1% (2), International 2% (48)."
2023,2009,,players,asian,2.1,percent,,primary,"The 2023 Racial and Gender Report Card: National Football League (TIDES, UCF)",https://www.tidesport.org/_files/ugd/326b62_f8ae68d67f744fdbba5962c84b43f3bf.pdf,"PDF p. 47; Appendix II, Table 1 (Players)","Appendix II, Table 1 (Players), row 2009: Asian 2.1% (n=55)","Retrospective appendix of the 2023 report (season-labelled rows). count = 55. Percentages in this appendix are recomputed over a denominator that includes 'Other' (which absorbs International players for 2005-2016), so they differ from the contemporaneous reports (e.g., 2009: 65.9% here vs 67% in the 2010 report, identical counts)."
2023,2009,,players,black,65.9,percent,,primary,"The 2023 Racial and Gender Report Card: National Football League (TIDES, UCF)",https://www.tidesport.org/_files/ugd/326b62_f8ae68d67f744fdbba5962c84b43f3bf.pdf,"PDF p. 47; Appendix II, Table 1 (Players)","Appendix II, Table 1 (Players), row 2009: Black or African American 65.9% (n=1761)","Retrospective appendix of the 2023 report (season-labelled rows). count = 1761. Percentages in this appendix are recomputed over a denominator that includes 'Other' (which absorbs International players for 2005-2016), so they differ from the contemporaneous reports (e.g., 2009: 65.9% here vs 67% in the 2010 report, identical counts)."
2023,2009,,players,latino,0.9,percent,,primary,"The 2023 Racial and Gender Report Card: National Football League (TIDES, UCF)",https://www.tidesport.org/_files/ugd/326b62_f8ae68d67f744fdbba5962c84b43f3bf.pdf,"PDF p. 47; Appendix II, Table 1 (Players)","Appendix II, Table 1 (Players), row 2009: Hispanic or Latino(a) 0.9% (n=24)","Retrospective appendix of the 2023 report (season-labelled rows). count = 24. Percentages in this appendix are recomputed over a denominator that includes 'Other' (which absorbs International players for 2005-2016), so they differ from the contemporaneous reports (e.g., 2009: 65.9% here vs 67% in the 2010 report, identical counts)."
2023,2009,,players,other,1.9,percent,,primary,"The 2023 Racial and Gender Report Card: National Football League (TIDES, UCF)",https://www.tidesport.org/_files/ugd/326b62_f8ae68d67f744fdbba5962c84b43f3bf.pdf,"PDF p. 47; Appendix II, Table 1 (Players)","Appendix II, Table 1 (Players), row 2009: Other 1.9% (n=50)","Retrospective appendix of the 2023 report (season-labelled rows). count = 50. Percentages in this appendix are recomputed over a denominator that includes 'Other' (which absorbs International players for 2005-2016), so they differ from the contemporaneous reports (e.g., 2009: 65.9% here vs 67% in the 2010 report, identical counts)."
2023,2009,,players,white,29.3,percent,,primary,"The 2023 Racial and Gender Report Card: National Football League (TIDES, UCF)",https://www.tidesport.org/_files/ugd/326b62_f8ae68d67f744fdbba5962c84b43f3bf.pdf,"PDF p. 47; Appendix II, Table 1 (Players)","Appendix II, Table 1 (Players), row 2009: White 29.3% (n=782)","Retrospective appendix of the 2023 report (season-labelled rows). count = 782. Percentages in this appendix are recomputed over a denominator that includes 'Other' (which absorbs International players for 2005-2016), so they differ from the contemporaneous reports (e.g., 2009: 65.9% here vs 67% in the 2010 report, identical counts)."
2011,2010,,players,asian,2,percent,,primary,"The 2011 Racial and Gender Report Card: National Football League (TIDES, UCF)",https://www.tidesport.org/_files/ugd/7d86e5_a8bf63c80f4947118f37f73d32f40737.pdf,"PDF p. 19; Appendix I, Table 1 (Players)","Appendix I, Table 1 (Players), 2010: Asian 2% (# 39)","Table transcription; count = 39. Same block: Other <1% (7), International 1% (20)."
2011,2010,,players,asian_pacific_islander,2,percent,,primary,"The 2011 Racial and Gender Report Card: National Football League (TIDES, UCF)",https://www.tidesport.org/_files/ugd/7d86e5_a8bf63c80f4947118f37f73d32f40737.pdf,PDF p. 5; Grades by Category: Players,"The percentage of Latinos and Asian/Pacific Islanders remained at 1 percent and 2 percent, respectively.",
2011,2010,,players,black,67,percent,,primary,"The 2011 Racial and Gender Report Card: National Football League (TIDES, UCF)",https://www.tidesport.org/_files/ugd/7d86e5_a8bf63c80f4947118f37f73d32f40737.pdf,PDF p. 5; Grades by Category: Players,"During the NFL's 2010 season, the percentage of African-American players remained at 67 percent.",
2011,2010,,players,black,67,percent,,primary,"The 2011 Racial and Gender Report Card: National Football League (TIDES, UCF)",https://www.tidesport.org/_files/ugd/7d86e5_a8bf63c80f4947118f37f73d32f40737.pdf,"PDF p. 19; Appendix I, Table 1 (Players)","Appendix I, Table 1 (Players), 2010: African-American 67% (# 1714)","Table transcription; count = 1714. Same block: Other <1% (7), International 1% (20)."
2011,2010,,players,latino,1,percent,,primary,"The 2011 Racial and Gender Report Card: National Football League (TIDES, UCF)",https://www.tidesport.org/_files/ugd/7d86e5_a8bf63c80f4947118f37f73d32f40737.pdf,PDF p. 5; Grades by Category: Players,"The percentage of Latinos and Asian/Pacific Islanders remained at 1 percent and 2 percent, respectively.",
2011,2010,,players,latino,1,percent,,primary,"The 2011 Racial and Gender Report Card: National Football League (TIDES, UCF)",https://www.tidesport.org/_files/ugd/7d86e5_a8bf63c80f4947118f37f73d32f40737.pdf,"PDF p. 19; Appendix I, Table 1 (Players)","Appendix I, Table 1 (Players), 2010: Latino 1% (# 13)","Table transcription; count = 13. Same block: Other <1% (7), International 1% (20)."
2011,2010,,players,white,31,percent,,primary,"The 2011 Racial and Gender Report Card: National Football League (TIDES, UCF)",https://www.tidesport.org/_files/ugd/7d86e5_a8bf63c80f4947118f37f73d32f40737.pdf,PDF p. 5; Grades by Category: Players,The percentage of whites increased by 1 percentage point from 30 percent in 2009 to 31 percent in 2010.,
2011,2010,,players,white,31,percent,,primary,"The 2011 Racial and Gender Report Card: National Football League (TIDES, UCF)",https://www.tidesport.org/_files/ugd/7d86e5_a8bf63c80f4947118f37f73d32f40737.pdf,"PDF p. 19; Appendix I, Table 1 (Players)","Appendix I, Table 1 (Players), 2010: White 31% (# 790)","Table transcription; count = 790. Same block: Other <1% (7), International 1% (20)."
2023,2010,,players,asian,1.5,percent,,primary,"The 2023 Racial and Gender Report Card: National Football League (TIDES, UCF)",https://www.tidesport.org/_files/ugd/326b62_f8ae68d67f744fdbba5962c84b43f3bf.pdf,"PDF p. 47; Appendix II, Table 1 (Players)","Appendix II, Table 1 (Players), row 2010: Asian 1.5% (n=39)","Retrospective appendix of the 2023 report (season-labelled rows). count = 39. Percentages in this appendix are recomputed over a denominator that includes 'Other' (which absorbs International players for 2005-2016), so they differ from the contemporaneous reports (e.g., 2009: 65.9% here vs 67% in the 2010 report, identical counts)."
2023,2010,,players,black,66.4,percent,,primary,"The 2023 Racial and Gender Report Card: National Football League (TIDES, UCF)",https://www.tidesport.org/_files/ugd/326b62_f8ae68d67f744fdbba5962c84b43f3bf.pdf,"PDF p. 47; Appendix II, Table 1 (Players)","Appendix II, Table 1 (Players), row 2010: Black or African American 66.4% (n=1714)","Retrospective appendix of the 2023 report (season-labelled rows). count = 1714. Percentages in this appendix are recomputed over a denominator that includes 'Other' (which absorbs International players for 2005-2016), so they differ from the contemporaneous reports (e.g., 2009: 65.9% here vs 67% in the 2010 report, identical counts)."
2023,2010,,players,latino,0.5,percent,,primary,"The 2023 Racial and Gender Report Card: National Football League (TIDES, UCF)",https://www.tidesport.org/_files/ugd/326b62_f8ae68d67f744fdbba5962c84b43f3bf.pdf,"PDF p. 47; Appendix II, Table 1 (Players)","Appendix II, Table 1 (Players), row 2010: Hispanic or Latino(a) 0.5% (n=13)","Retrospective appendix of the 2023 report (season-labelled rows). count = 13. Percentages in this appendix are recomputed over a denominator that includes 'Other' (which absorbs International players for 2005-2016), so they differ from the contemporaneous reports (e.g., 2009: 65.9% here vs 67% in the 2010 report, identical counts)."
2023,2010,,players,other,1,percent,,primary,"The 2023 Racial and Gender Report Card: National Football League (TIDES, UCF)",https://www.tidesport.org/_files/ugd/326b62_f8ae68d67f744fdbba5962c84b43f3bf.pdf,"PDF p. 47; Appendix II, Table 1 (Players)","Appendix II, Table 1 (Players), row 2010: Other 1.0% (n=27)","Retrospective appendix of the 2023 report (season-labelled rows). count = 27. Percentages in this appendix are recomputed over a denominator that includes 'Other' (which absorbs International players for 2005-2016), so they differ from the contemporaneous reports (e.g., 2009: 65.9% here vs 67% in the 2010 report, identical counts)."
2023,2010,,players,white,30.6,percent,,primary,"The 2023 Racial and Gender Report Card: National Football League (TIDES, UCF)",https://www.tidesport.org/_files/ugd/326b62_f8ae68d67f744fdbba5962c84b43f3bf.pdf,"PDF p. 47; Appendix II, Table 1 (Players)","Appendix II, Table 1 (Players), row 2010: White 30.6% (n=790)","Retrospective appendix of the 2023 report (season-labelled rows). count = 790. Percentages in this appendix are recomputed over a denominator that includes 'Other' (which absorbs International players for 2005-2016), so they differ from the contemporaneous reports (e.g., 2009: 65.9% here vs 67% in the 2010 report, identical counts)."
2012,2011,,players,asian,2,percent,,primary,"The 2012 Racial and Gender Report Card: National Football League (TIDES, UCF)",https://www.tidesport.org/_files/ugd/7d86e5_888d1dd1047441cca0b8a9e300dc1f94.pdf,"PDF p. 17; Appendix I, Table 1 (Players)","Appendix I, Table 1 (Players), 2011: Asian 2% (# 40)",Table transcription; count = 40. Same block: International 1% (20).
2012,2011,,players,asian_pacific_islander,2,percent,,primary,"The 2012 Racial and Gender Report Card: National Football League (TIDES, UCF)",https://www.tidesport.org/_files/ugd/7d86e5_888d1dd1047441cca0b8a9e300dc1f94.pdf,PDF p. 4; Grades by Category: Players,"The percentage of Latinos and Asian/Pacific Islanders remained at one percent and two percent, respectively.",
2012,2011,,players,black,67,percent,,primary,"The 2012 Racial and Gender Report Card: National Football League (TIDES, UCF)",https://www.tidesport.org/_files/ugd/7d86e5_888d1dd1047441cca0b8a9e300dc1f94.pdf,PDF p. 4; Grades by Category: Players,"During the NFL's 2011 season, the percentage of African-American players remained at 67 percent for the fourth consecutive season.",
2012,2011,,players,black,67,percent,,primary,"The 2012 Racial and Gender Report Card: National Football League (TIDES, UCF)",https://www.tidesport.org/_files/ugd/7d86e5_888d1dd1047441cca0b8a9e300dc1f94.pdf,"PDF p. 17; Appendix I, Table 1 (Players)","Appendix I, Table 1 (Players), 2011: African-American 67% (# 1721)",Table transcription; count = 1721. Same block: International 1% (20).
2012,2011,,players,latino,1,percent,,primary,"The 2012 Racial and Gender Report Card: National Football League (TIDES, UCF)",https://www.tidesport.org/_files/ugd/7d86e5_888d1dd1047441cca0b8a9e300dc1f94.pdf,PDF p. 4; Grades by Category: Players,"The percentage of Latinos and Asian/Pacific Islanders remained at one percent and two percent, respectively.",
2012,2011,,players,latino,1,percent,,primary,"The 2012 Racial and Gender Report Card: National Football League (TIDES, UCF)",https://www.tidesport.org/_files/ugd/7d86e5_888d1dd1047441cca0b8a9e300dc1f94.pdf,"PDF p. 17; Appendix I, Table 1 (Players)","Appendix I, Table 1 (Players), 2011: Latino 1% (# 13)",Table transcription; count = 13. Same block: International 1% (20).
2012,2011,,players,other,1,percent,,primary,"The 2012 Racial and Gender Report Card: National Football League (TIDES, UCF)",https://www.tidesport.org/_files/ugd/7d86e5_888d1dd1047441cca0b8a9e300dc1f94.pdf,"PDF p. 17; Appendix I, Table 1 (Players)","Appendix I, Table 1 (Players), 2011: Other 1% (# 7)",Table transcription; count = 7. Same block: International 1% (20).
2012,2011,,players,white,31,percent,,primary,"The 2012 Racial and Gender Report Card: National Football League (TIDES, UCF)",https://www.tidesport.org/_files/ugd/7d86e5_888d1dd1047441cca0b8a9e300dc1f94.pdf,PDF p. 4; Grades by Category: Players,The percentage of whites in 2011 remained constant with 2010 at 31 percent.,
2012,2011,,players,white,31,percent,,primary,"The 2012 Racial and Gender Report Card: National Football League (TIDES, UCF)",https://www.tidesport.org/_files/ugd/7d86e5_888d1dd1047441cca0b8a9e300dc1f94.pdf,"PDF p. 17; Appendix I, Table 1 (Players)","Appendix I, Table 1 (Players), 2011: White 31% (# 802)",Table transcription; count = 802. Same block: International 1% (20).
2013,2011,,players,black,66.6,percent,,primary,"The 2013 Racial and Gender Report Card: National Football League (TIDES, UCF)",https://www.tidesport.org/_files/ugd/7d86e5_cdc71c7a4cf540118817b7fce8f040db.pdf,PDF p. 4; Grades by Category: Players,the percentage of African-American players decreased to 66.3 percent in 2012 from 66.6 percent during the 2011 season.,Retrospective; the 2012 report gave 67 percent for 2011.
2023,2011,,players,asian,1.5,percent,,primary,"The 2023 Racial and Gender Report Card: National Football League (TIDES, UCF)",https://www.tidesport.org/_files/ugd/326b62_f8ae68d67f744fdbba5962c84b43f3bf.pdf,"PDF p. 47; Appendix II, Table 1 (Players)","Appendix II, Table 1 (Players), row 2011: Asian 1.5% (n=40)","Retrospective appendix of the 2023 report (season-labelled rows). count = 40. Percentages in this appendix are recomputed over a denominator that includes 'Other' (which absorbs International players for 2005-2016), so they differ from the contemporaneous reports (e.g., 2009: 65.9% here vs 67% in the 2010 report, identical counts)."
2023,2011,,players,black,66.1,percent,,primary,"The 2023 Racial and Gender Report Card: National Football League (TIDES, UCF)",https://www.tidesport.org/_files/ugd/326b62_f8ae68d67f744fdbba5962c84b43f3bf.pdf,"PDF p. 47; Appendix II, Table 1 (Players)","Appendix II, Table 1 (Players), row 2011: Black or African American 66.1% (n=1721)","Retrospective appendix of the 2023 report (season-labelled rows). count = 1721. Percentages in this appendix are recomputed over a denominator that includes 'Other' (which absorbs International players for 2005-2016), so they differ from the contemporaneous reports (e.g., 2009: 65.9% here vs 67% in the 2010 report, identical counts)."
2023,2011,,players,latino,0.5,percent,,primary,"The 2023 Racial and Gender Report Card: National Football League (TIDES, UCF)",https://www.tidesport.org/_files/ugd/326b62_f8ae68d67f744fdbba5962c84b43f3bf.pdf,"PDF p. 47; Appendix II, Table 1 (Players)","Appendix II, Table 1 (Players), row 2011: Hispanic or Latino(a) 0.5% (n=13)","Retrospective appendix of the 2023 report (season-labelled rows). count = 13. Percentages in this appendix are recomputed over a denominator that includes 'Other' (which absorbs International players for 2005-2016), so they differ from the contemporaneous reports (e.g., 2009: 65.9% here vs 67% in the 2010 report, identical counts)."
2023,2011,,players,other,1,percent,,primary,"The 2023 Racial and Gender Report Card: National Football League (TIDES, UCF)",https://www.tidesport.org/_files/ugd/326b62_f8ae68d67f744fdbba5962c84b43f3bf.pdf,"PDF p. 47; Appendix II, Table 1 (Players)","Appendix II, Table 1 (Players), row 2011: Other 1.0% (n=27)","Retrospective appendix of the 2023 report (season-labelled rows). count = 27. Percentages in this appendix are recomputed over a denominator that includes 'Other' (which absorbs International players for 2005-2016), so they differ from the contemporaneous reports (e.g., 2009: 65.9% here vs 67% in the 2010 report, identical counts)."
2023,2011,,players,white,30.8,percent,,primary,"The 2023 Racial and Gender Report Card: National Football League (TIDES, UCF)",https://www.tidesport.org/_files/ugd/326b62_f8ae68d67f744fdbba5962c84b43f3bf.pdf,"PDF p. 47; Appendix II, Table 1 (Players)","Appendix II, Table 1 (Players), row 2011: White 30.8% (n=802)","Retrospective appendix of the 2023 report (season-labelled rows). count = 802. Percentages in this appendix are recomputed over a denominator that includes 'Other' (which absorbs International players for 2005-2016), so they differ from the contemporaneous reports (e.g., 2009: 65.9% here vs 67% in the 2010 report, identical counts)."
2013,2012,,players,asian_pacific_islander,1.1,percent,,primary,"The 2013 Racial and Gender Report Card: National Football League (TIDES, UCF)",https://www.tidesport.org/_files/ugd/7d86e5_cdc71c7a4cf540118817b7fce8f040db.pdf,PDF p. 4; Grades by Category: Players,"The percentage of Latinos, Asian/Pacific Islander, ""other"" and international players were 0.7 percent, 1.1 percent, 1.8 percent and 1.4 percent, respectively.",The executive-summary version of this sentence labels the category 'Asian'.
2013,2012,,players,black,66.3,percent,,primary,"The 2013 Racial and Gender Report Card: National Football League (TIDES, UCF)",https://www.tidesport.org/_files/ugd/7d86e5_cdc71c7a4cf540118817b7fce8f040db.pdf,PDF p. 4; Grades by Category: Players,the percentage of African-American players decreased to 66.3 percent in 2012 from 66.6 percent during the 2011 season.,
2013,2012,,players,black,66.3,percent,,primary,"The 2013 Racial and Gender Report Card: National Football League (TIDES, UCF)",https://www.tidesport.org/_files/ugd/7d86e5_cdc71c7a4cf540118817b7fce8f040db.pdf,"PDF p. 17; Appendix I, Table 1 (Players)","Appendix I, Table 1 (Players), 2012: African-American 66.3% (# 1804)",Table transcription; count = 1804.
2013,2012,,players,latino,0.7,percent,,primary,"The 2013 Racial and Gender Report Card: National Football League (TIDES, UCF)",https://www.tidesport.org/_files/ugd/7d86e5_cdc71c7a4cf540118817b7fce8f040db.pdf,PDF p. 4; Grades by Category: Players,"The percentage of Latinos, Asian/Pacific Islander, ""other"" and international players were 0.7 percent, 1.1 percent, 1.8 percent and 1.4 percent, respectively.",
2013,2012,,players,other,1.8,percent,,primary,"The 2013 Racial and Gender Report Card: National Football League (TIDES, UCF)",https://www.tidesport.org/_files/ugd/7d86e5_cdc71c7a4cf540118817b7fce8f040db.pdf,PDF p. 4; Grades by Category: Players,"The percentage of Latinos, Asian/Pacific Islander, ""other"" and international players were 0.7 percent, 1.1 percent, 1.8 percent and 1.4 percent, respectively.",International players (1.4%) reported separately.
2013,2012,,players,people_of_color,70,percent,,primary,"The 2013 Racial and Gender Report Card: National Football League (TIDES, UCF)",https://www.tidesport.org/_files/ugd/7d86e5_cdc71c7a4cf540118817b7fce8f040db.pdf,PDF p. 4; Grades by Category: Players (grade box),NFL Grade for Players: Race: A+ 70 percent,Percent people of color shown with the players grade.
2013,2012,,players,white,30.1,percent,,primary,"The 2013 Racial and Gender Report Card: National Football League (TIDES, UCF)",https://www.tidesport.org/_files/ugd/7d86e5_cdc71c7a4cf540118817b7fce8f040db.pdf,"PDF p. 3,4; Grades by Category: Players",The percentage of whites in 2012 decreased to 30.1 percent from 31 percent in 2011.,
2013,2012,,players,white,30.1,percent,,primary,"The 2013 Racial and Gender Report Card: National Football League (TIDES, UCF)",https://www.tidesport.org/_files/ugd/7d86e5_cdc71c7a4cf540118817b7fce8f040db.pdf,"PDF p. 17; Appendix I, Table 1 (Players)","Appendix I, Table 1 (Players), 2012: White 30.1% (# 820)",Table transcription; count = 820.
2023,2012,,players,asian,1.1,percent,,primary,"The 2023 Racial and Gender Report Card: National Football League (TIDES, UCF)",https://www.tidesport.org/_files/ugd/326b62_f8ae68d67f744fdbba5962c84b43f3bf.pdf,"PDF p. 47; Appendix II, Table 1 (Players)","Appendix II, Table 1 (Players), row 2012: Asian 1.1% (n=29)","Retrospective appendix of the 2023 report (season-labelled rows). count = 29. Percentages in this appendix are recomputed over a denominator that includes 'Other' (which absorbs International players for 2005-2016), so they differ from the contemporaneous reports (e.g., 2009: 65.9% here vs 67% in the 2010 report, identical counts)."
2023,2012,,players,black,65.4,percent,,primary,"The 2023 Racial and Gender Report Card: National Football League (TIDES, UCF)",https://www.tidesport.org/_files/ugd/326b62_f8ae68d67f744fdbba5962c84b43f3bf.pdf,"PDF p. 47; Appendix II, Table 1 (Players)","Appendix II, Table 1 (Players), row 2012: Black or African American 65.4% (n=1804)","Retrospective appendix of the 2023 report (season-labelled rows). count = 1804. Percentages in this appendix are recomputed over a denominator that includes 'Other' (which absorbs International players for 2005-2016), so they differ from the contemporaneous reports (e.g., 2009: 65.9% here vs 67% in the 2010 report, identical counts)."
2023,2012,,players,latino,0.7,percent,,primary,"The 2023 Racial and Gender Report Card: National Football League (TIDES, UCF)",https://www.tidesport.org/_files/ugd/326b62_f8ae68d67f744fdbba5962c84b43f3bf.pdf,"PDF p. 47; Appendix II, Table 1 (Players)","Appendix II, Table 1 (Players), row 2012: Hispanic or Latino(a) 0.7% (n=20)","Retrospective appendix of the 2023 report (season-labelled rows). count = 20. Percentages in this appendix are recomputed over a denominator that includes 'Other' (which absorbs International players for 2005-2016), so they differ from the contemporaneous reports (e.g., 2009: 65.9% here vs 67% in the 2010 report, identical counts)."
2023,2012,,players,other,3.2,percent,,primary,"The 2023 Racial and Gender Report Card: National Football League (TIDES, UCF)",https://www.tidesport.org/_files/ugd/326b62_f8ae68d67f744fdbba5962c84b43f3bf.pdf,"PDF p. 47; Appendix II, Table 1 (Players)","Appendix II, Table 1 (Players), row 2012: Other 3.2% (n=87)","Retrospective appendix of the 2023 report (season-labelled rows). count = 87. Percentages in this appendix are recomputed over a denominator that includes 'Other' (which absorbs International players for 2005-2016), so they differ from the contemporaneous reports (e.g., 2009: 65.9% here vs 67% in the 2010 report, identical counts)."
2023,2012,,players,white,29.7,percent,,primary,"The 2023 Racial and Gender Report Card: National Football League (TIDES, UCF)",https://www.tidesport.org/_files/ugd/326b62_f8ae68d67f744fdbba5962c84b43f3bf.pdf,"PDF p. 47; Appendix II, Table 1 (Players)","Appendix II, Table 1 (Players), row 2012: White 29.7% (n=820)","Retrospective appendix of the 2023 report (season-labelled rows). count = 820. Percentages in this appendix are recomputed over a denominator that includes 'Other' (which absorbs International players for 2005-2016), so they differ from the contemporaneous reports (e.g., 2009: 65.9% here vs 67% in the 2010 report, identical counts)."
2014,2013,,players,asian_pacific_islander,0.7,percent,,primary,"The 2014 Racial and Gender Report Card: National Football League (TIDES, UCF)",https://www.tidesport.org/_files/ugd/7d86e5_72d723866ba848a3886212e393822840.pdf,PDF p. 4; Grades by Category: Players,"Latinos, Asian/Pacific Islanders, and ""other"" were 0.6 percent, 0.7 percent, and 0.5 percent, respectively; 1.5 percent were international players.",
2014,2013,,players,black,67.3,percent,,primary,"The 2014 Racial and Gender Report Card: National Football League (TIDES, UCF)",https://www.tidesport.org/_files/ugd/7d86e5_72d723866ba848a3886212e393822840.pdf,PDF p. 4; Grades by Category: Players,the percentage of African-American players increased to 67.3 percent from 66.3 percent during the 2012 season.,
2014,2013,,players,black,67.3,percent,,primary,"The 2014 Racial and Gender Report Card: National Football League (TIDES, UCF)",https://www.tidesport.org/_files/ugd/7d86e5_72d723866ba848a3886212e393822840.pdf,"PDF p. 18; Appendix I, Table 1 (Players)","Appendix I, Table 1 (Players), 2013: African-American 67.3% (# 1883)","Table transcription; count = 1883. Same block: Latino 0.6% (16), Asian 0.7% (19), Other 0.5% (14), International 1.5% (43)."
2014,2013,,players,latino,0.6,percent,,primary,"The 2014 Racial and Gender Report Card: National Football League (TIDES, UCF)",https://www.tidesport.org/_files/ugd/7d86e5_72d723866ba848a3886212e393822840.pdf,PDF p. 4; Grades by Category: Players,"Latinos, Asian/Pacific Islanders, and ""other"" were 0.6 percent, 0.7 percent, and 0.5 percent, respectively; 1.5 percent were international players.",
2014,2013,,players,other,0.5,percent,,primary,"The 2014 Racial and Gender Report Card: National Football League (TIDES, UCF)",https://www.tidesport.org/_files/ugd/7d86e5_72d723866ba848a3886212e393822840.pdf,PDF p. 4; Grades by Category: Players,"Latinos, Asian/Pacific Islanders, and ""other"" were 0.6 percent, 0.7 percent, and 0.5 percent, respectively; 1.5 percent were international players.",International players (1.5%) reported separately.
2014,2013,,players,people_of_color,69,percent,,primary,"The 2014 Racial and Gender Report Card: National Football League (TIDES, UCF)",https://www.tidesport.org/_files/ugd/7d86e5_72d723866ba848a3886212e393822840.pdf,PDF p. 4; Grades by Category: Players (grade box),NFL Grade for Players: Race: A+ 69 percent,
2014,2013,,players,white,31,percent,,primary,"The 2014 Racial and Gender Report Card: National Football League (TIDES, UCF)",https://www.tidesport.org/_files/ugd/7d86e5_72d723866ba848a3886212e393822840.pdf,"PDF p. 3,4; Grades by Category: Players",The percentage of whites in 2013 increased to 31 percent from 30.1 percent in 2012.,
2014,2013,,players,white,31,percent,,primary,"The 2014 Racial and Gender Report Card: National Football League (TIDES, UCF)",https://www.tidesport.org/_files/ugd/7d86e5_72d723866ba848a3886212e393822840.pdf,"PDF p. 18; Appendix I, Table 1 (Players)","Appendix I, Table 1 (Players), 2013: White 31.0% (# 866)","Table transcription; count = 866. Same block: Latino 0.6% (16), Asian 0.7% (19), Other 0.5% (14), International 1.5% (43)."
2023,2013,,players,asian,0.7,percent,,primary,"The 2023 Racial and Gender Report Card: National Football League (TIDES, UCF)",https://www.tidesport.org/_files/ugd/326b62_f8ae68d67f744fdbba5962c84b43f3bf.pdf,"PDF p. 47; Appendix II, Table 1 (Players)","Appendix II, Table 1 (Players), row 2013: Asian 0.7% (n=19)","Retrospective appendix of the 2023 report (season-labelled rows). count = 19. Percentages in this appendix are recomputed over a denominator that includes 'Other' (which absorbs International players for 2005-2016), so they differ from the contemporaneous reports (e.g., 2009: 65.9% here vs 67% in the 2010 report, identical counts)."
2023,2013,,players,black,66.3,percent,,primary,"The 2023 Racial and Gender Report Card: National Football League (TIDES, UCF)",https://www.tidesport.org/_files/ugd/326b62_f8ae68d67f744fdbba5962c84b43f3bf.pdf,"PDF p. 47; Appendix II, Table 1 (Players)","Appendix II, Table 1 (Players), row 2013: Black or African American 66.3% (n=1883)","Retrospective appendix of the 2023 report (season-labelled rows). count = 1883. Percentages in this appendix are recomputed over a denominator that includes 'Other' (which absorbs International players for 2005-2016), so they differ from the contemporaneous reports (e.g., 2009: 65.9% here vs 67% in the 2010 report, identical counts)."
2023,2013,,players,latino,0.6,percent,,primary,"The 2023 Racial and Gender Report Card: National Football League (TIDES, UCF)",https://www.tidesport.org/_files/ugd/326b62_f8ae68d67f744fdbba5962c84b43f3bf.pdf,"PDF p. 47; Appendix II, Table 1 (Players)","Appendix II, Table 1 (Players), row 2013: Hispanic or Latino(a) 0.6% (n=16)","Retrospective appendix of the 2023 report (season-labelled rows). count = 16. Percentages in this appendix are recomputed over a denominator that includes 'Other' (which absorbs International players for 2005-2016), so they differ from the contemporaneous reports (e.g., 2009: 65.9% here vs 67% in the 2010 report, identical counts)."
2023,2013,,players,other,2,percent,,primary,"The 2023 Racial and Gender Report Card: National Football League (TIDES, UCF)",https://www.tidesport.org/_files/ugd/326b62_f8ae68d67f744fdbba5962c84b43f3bf.pdf,"PDF p. 47; Appendix II, Table 1 (Players)","Appendix II, Table 1 (Players), row 2013: Other 2.0% (n=57)","Retrospective appendix of the 2023 report (season-labelled rows). count = 57. Percentages in this appendix are recomputed over a denominator that includes 'Other' (which absorbs International players for 2005-2016), so they differ from the contemporaneous reports (e.g., 2009: 65.9% here vs 67% in the 2010 report, identical counts)."
2023,2013,,players,white,30.5,percent,,primary,"The 2023 Racial and Gender Report Card: National Football League (TIDES, UCF)",https://www.tidesport.org/_files/ugd/326b62_f8ae68d67f744fdbba5962c84b43f3bf.pdf,"PDF p. 47; Appendix II, Table 1 (Players)","Appendix II, Table 1 (Players), row 2013: White 30.5% (n=866)","Retrospective appendix of the 2023 report (season-labelled rows). count = 866. Percentages in this appendix are recomputed over a denominator that includes 'Other' (which absorbs International players for 2005-2016), so they differ from the contemporaneous reports (e.g., 2009: 65.9% here vs 67% in the 2010 report, identical counts)."
2015,2014,2015-07-01,players,asian_pacific_islander,1.1,percent,,primary,"The 2015 Racial and Gender Report Card: National Football League (TIDES, UCF)",https://www.tidesport.org/_files/ugd/a4ad0c_96113214204e492b986abb8549e85ce2.pdf,PDF p. 4; Grades by Category: Players,"Latinos, Asian/Pacific Islanders, and those classified as ""other"" made up 0.7 percent, 1.1 percent, and 0.9 percent of 2014 NFL rosters",
2015,2014,2015-07-01,players,black,68.7,percent,,primary,"The 2015 Racial and Gender Report Card: National Football League (TIDES, UCF)",https://www.tidesport.org/_files/ugd/a4ad0c_96113214204e492b986abb8549e85ce2.pdf,PDF p. 4; Grades by Category: Players,the percent of African-American players increased from 67.3 percent in the 2013 season to 68.7 percent in 2014.,"Player data = 2014 NFL rosters, up to date as of July 1, 2015."
2015,2014,2015-07-01,players,black,68.7,percent,,primary,"The 2015 Racial and Gender Report Card: National Football League (TIDES, UCF)",https://www.tidesport.org/_files/ugd/a4ad0c_96113214204e492b986abb8549e85ce2.pdf,"PDF p. 24; Appendix I, Table 1 (Players)","Appendix I, Table 1 (Players), 2014: African-American 68.7% (# 1957)","Table transcription; count = 1957. Same block: Latino 0.7% (19), Asian 1.1% (31), Other 0.9% (27), International 1.0% (30)."
2015,2014,2015-07-01,players,latino,0.7,percent,,primary,"The 2015 Racial and Gender Report Card: National Football League (TIDES, UCF)",https://www.tidesport.org/_files/ugd/a4ad0c_96113214204e492b986abb8549e85ce2.pdf,PDF p. 4; Grades by Category: Players,"Latinos, Asian/Pacific Islanders, and those classified as ""other"" made up 0.7 percent, 1.1 percent, and 0.9 percent of 2014 NFL rosters",
2015,2014,2015-07-01,players,other,0.9,percent,,primary,"The 2015 Racial and Gender Report Card: National Football League (TIDES, UCF)",https://www.tidesport.org/_files/ugd/a4ad0c_96113214204e492b986abb8549e85ce2.pdf,PDF p. 4; Grades by Category: Players,"Latinos, Asian/Pacific Islanders, and those classified as ""other"" made up 0.7 percent, 1.1 percent, and 0.9 percent of 2014 NFL rosters",One percent of rosters were international players (reported separately).
2015,2014,2015-07-01,players,people_of_color,71.4,percent,,primary,"The 2015 Racial and Gender Report Card: National Football League (TIDES, UCF)",https://www.tidesport.org/_files/ugd/a4ad0c_96113214204e492b986abb8549e85ce2.pdf,PDF p. 4; Grades by Category: Players (grade box),NFL Grade for Players: Race: A+ 71.4 percent,
2015,2014,2015-07-01,players,white,28.6,percent,,primary,"The 2015 Racial and Gender Report Card: National Football League (TIDES, UCF)",https://www.tidesport.org/_files/ugd/a4ad0c_96113214204e492b986abb8549e85ce2.pdf,PDF p. 4; Grades by Category: Players,The percent of white players decreased from 31 percent in 2013 to 28.6 percent in 2014.,
2015,2014,2015-07-01,players,white,28.6,percent,,primary,"The 2015 Racial and Gender Report Card: National Football League (TIDES, UCF)",https://www.tidesport.org/_files/ugd/a4ad0c_96113214204e492b986abb8549e85ce2.pdf,"PDF p. 24; Appendix I, Table 1 (Players)","Appendix I, Table 1 (Players), 2014: White 28.6% (# 813)","Table transcription; count = 813. Same block: Latino 0.7% (19), Asian 1.1% (31), Other 0.9% (27), International 1.0% (30)."
2023,2014,,players,asian,1.1,percent,,primary,"The 2023 Racial and Gender Report Card: National Football League (TIDES, UCF)",https://www.tidesport.org/_files/ugd/326b62_f8ae68d67f744fdbba5962c84b43f3bf.pdf,"PDF p. 47; Appendix II, Table 1 (Players)","Appendix II, Table 1 (Players), row 2014: Asian 1.1% (n=31)","Retrospective appendix of the 2023 report (season-labelled rows). count = 31. Percentages in this appendix are recomputed over a denominator that includes 'Other' (which absorbs International players for 2005-2016), so they differ from the contemporaneous reports (e.g., 2009: 65.9% here vs 67% in the 2010 report, identical counts)."
2023,2014,,players,black,68,percent,,primary,"The 2023 Racial and Gender Report Card: National Football League (TIDES, UCF)",https://www.tidesport.org/_files/ugd/326b62_f8ae68d67f744fdbba5962c84b43f3bf.pdf,"PDF p. 47; Appendix II, Table 1 (Players)","Appendix II, Table 1 (Players), row 2014: Black or African American 68.0% (n=1957)","Retrospective appendix of the 2023 report (season-labelled rows). count = 1957. Percentages in this appendix are recomputed over a denominator that includes 'Other' (which absorbs International players for 2005-2016), so they differ from the contemporaneous reports (e.g., 2009: 65.9% here vs 67% in the 2010 report, identical counts)."
2023,2014,,players,latino,0.7,percent,,primary,"The 2023 Racial and Gender Report Card: National Football League (TIDES, UCF)",https://www.tidesport.org/_files/ugd/326b62_f8ae68d67f744fdbba5962c84b43f3bf.pdf,"PDF p. 47; Appendix II, Table 1 (Players)","Appendix II, Table 1 (Players), row 2014: Hispanic or Latino(a) 0.7% (n=19)","Retrospective appendix of the 2023 report (season-labelled rows). count = 19. Percentages in this appendix are recomputed over a denominator that includes 'Other' (which absorbs International players for 2005-2016), so they differ from the contemporaneous reports (e.g., 2009: 65.9% here vs 67% in the 2010 report, identical counts)."
2023,2014,,players,other,2,percent,,primary,"The 2023 Racial and Gender Report Card: National Football League (TIDES, UCF)",https://www.tidesport.org/_files/ugd/326b62_f8ae68d67f744fdbba5962c84b43f3bf.pdf,"PDF p. 47; Appendix II, Table 1 (Players)","Appendix II, Table 1 (Players), row 2014: Other 2.0% (n=57)","Retrospective appendix of the 2023 report (season-labelled rows). count = 57. Percentages in this appendix are recomputed over a denominator that includes 'Other' (which absorbs International players for 2005-2016), so they differ from the contemporaneous reports (e.g., 2009: 65.9% here vs 67% in the 2010 report, identical counts)."
2023,2014,,players,white,28.3,percent,,primary,"The 2023 Racial and Gender Report Card: National Football League (TIDES, UCF)",https://www.tidesport.org/_files/ugd/326b62_f8ae68d67f744fdbba5962c84b43f3bf.pdf,"PDF p. 47; Appendix II, Table 1 (Players)","Appendix II, Table 1 (Players), row 2014: White 28.3% (n=813)","Retrospective appendix of the 2023 report (season-labelled rows). count = 813. Percentages in this appendix are recomputed over a denominator that includes 'Other' (which absorbs International players for 2005-2016), so they differ from the contemporaneous reports (e.g., 2009: 65.9% here vs 67% in the 2010 report, identical counts)."
2016,2015,,players,black,69.2,percent,,primary,"The 2016 Racial and Gender Report Card: National Football League (TIDES, UCF)",https://www.tidesport.org/_files/ugd/a4ad0c_83cebda86fed4f8a820adcb3af3d71d8.pdf,PDF p. 5; Grades by Category: Players,the percent of African-American players increased from 69.2 percent in the 2015 season to 69.7 percent in 2016.,Only published TIDES figure for the 2015 season (the 2016 appendix table has no 2015 row; the 2019 appendix repeats the 2016 numbers under 2015).
2016,2015,,players,white,27.9,percent,,primary,"The 2016 Racial and Gender Report Card: National Football League (TIDES, UCF)",https://www.tidesport.org/_files/ugd/a4ad0c_83cebda86fed4f8a820adcb3af3d71d8.pdf,PDF p. 5; Grades by Category: Players,The percent of white players decreased from 27.9 percent in 2015 to 27.4 percent in 2016.,
2016,2016,2016-08,players,asian_pacific_islander,1.9,percent,,primary,"The 2016 Racial and Gender Report Card: National Football League (TIDES, UCF)",https://www.tidesport.org/_files/ugd/a4ad0c_83cebda86fed4f8a820adcb3af3d71d8.pdf,PDF p. 5; Grades by Category: Players,"Latinos, Asian/Pacific Islanders, and those classified as ""other"" made up 0.8 percent, 1.9 percent, and 0.2 percent of 2016 NFL rosters",
2016,2016,2016-08,players,black,69.7,percent,,primary,"The 2016 Racial and Gender Report Card: National Football League (TIDES, UCF)",https://www.tidesport.org/_files/ugd/a4ad0c_83cebda86fed4f8a820adcb3af3d71d8.pdf,PDF p. 5; Grades by Category: Players,the percent of African-American players increased from 69.2 percent in the 2015 season to 69.7 percent in 2016.,
2016,2016,2016-08,players,black,69.7,percent,,primary,"The 2016 Racial and Gender Report Card: National Football League (TIDES, UCF)",https://www.tidesport.org/_files/ugd/a4ad0c_83cebda86fed4f8a820adcb3af3d71d8.pdf,"PDF p. 25; Appendix I, Table 1 (Players)","Appendix I, Table 1 (Players), 2016: African-American 69.70% (# 1,573)","Table transcription; count = 1,573. Same block: Latino 0.80% (18), Asian 1.90% (44), Other 0.20% (4)."
2016,2016,2016-08,players,latino,0.8,percent,,primary,"The 2016 Racial and Gender Report Card: National Football League (TIDES, UCF)",https://www.tidesport.org/_files/ugd/a4ad0c_83cebda86fed4f8a820adcb3af3d71d8.pdf,PDF p. 5; Grades by Category: Players,"Latinos, Asian/Pacific Islanders, and those classified as ""other"" made up 0.8 percent, 1.9 percent, and 0.2 percent of 2016 NFL rosters",
2016,2016,2016-08,players,other,0.2,percent,,primary,"The 2016 Racial and Gender Report Card: National Football League (TIDES, UCF)",https://www.tidesport.org/_files/ugd/a4ad0c_83cebda86fed4f8a820adcb3af3d71d8.pdf,PDF p. 5; Grades by Category: Players,"Latinos, Asian/Pacific Islanders, and those classified as ""other"" made up 0.8 percent, 1.9 percent, and 0.2 percent of 2016 NFL rosters",
2016,2016,2016-08,players,people_of_color,72.6,percent,,primary,"The 2016 Racial and Gender Report Card: National Football League (TIDES, UCF)",https://www.tidesport.org/_files/ugd/a4ad0c_83cebda86fed4f8a820adcb3af3d71d8.pdf,PDF p. 5; Grades by Category: Players (grade box),NFL Grade for Players: Race: A+ 72.6 percent,
2016,2016,2016-08,players,white,27.4,percent,,primary,"The 2016 Racial and Gender Report Card: National Football League (TIDES, UCF)",https://www.tidesport.org/_files/ugd/a4ad0c_83cebda86fed4f8a820adcb3af3d71d8.pdf,PDF p. 5; Grades by Category: Players,The percent of white players decreased from 27.9 percent in 2015 to 27.4 percent in 2016.,
2016,2016,2016-08,players,white,27.4,percent,,primary,"The 2016 Racial and Gender Report Card: National Football League (TIDES, UCF)",https://www.tidesport.org/_files/ugd/a4ad0c_83cebda86fed4f8a820adcb3af3d71d8.pdf,"PDF p. 25; Appendix I, Table 1 (Players)","Appendix I, Table 1 (Players), 2016: White 27.40% (# 618)","Table transcription; count = 618. Same block: Latino 0.80% (18), Asian 1.90% (44), Other 0.20% (4)."
2023,2016,,players,asian,1.9,percent,,primary,"The 2023 Racial and Gender Report Card: National Football League (TIDES, UCF)",https://www.tidesport.org/_files/ugd/326b62_f8ae68d67f744fdbba5962c84b43f3bf.pdf,"PDF p. 47; Appendix II, Table 1 (Players)","Appendix II, Table 1 (Players), row 2016: Asian 1.9% (n=44)","Retrospective appendix of the 2023 report (season-labelled rows). count = 44. Percentages in this appendix are recomputed over a denominator that includes 'Other' (which absorbs International players for 2005-2016), so they differ from the contemporaneous reports (e.g., 2009: 65.9% here vs 67% in the 2010 report, identical counts)."
2023,2016,,players,black,69.7,percent,,primary,"The 2023 Racial and Gender Report Card: National Football League (TIDES, UCF)",https://www.tidesport.org/_files/ugd/326b62_f8ae68d67f744fdbba5962c84b43f3bf.pdf,"PDF p. 47; Appendix II, Table 1 (Players)","Appendix II, Table 1 (Players), row 2016: Black or African American 69.7% (n=1573)","Retrospective appendix of the 2023 report (season-labelled rows). count = 1573. Percentages in this appendix are recomputed over a denominator that includes 'Other' (which absorbs International players for 2005-2016), so they differ from the contemporaneous reports (e.g., 2009: 65.9% here vs 67% in the 2010 report, identical counts)."
2023,2016,,players,latino,0.8,percent,,primary,"The 2023 Racial and Gender Report Card: National Football League (TIDES, UCF)",https://www.tidesport.org/_files/ugd/326b62_f8ae68d67f744fdbba5962c84b43f3bf.pdf,"PDF p. 47; Appendix II, Table 1 (Players)","Appendix II, Table 1 (Players), row 2016: Hispanic or Latino(a) 0.8% (n=18)","Retrospective appendix of the 2023 report (season-labelled rows). count = 18. Percentages in this appendix are recomputed over a denominator that includes 'Other' (which absorbs International players for 2005-2016), so they differ from the contemporaneous reports (e.g., 2009: 65.9% here vs 67% in the 2010 report, identical counts)."
2023,2016,,players,other,0.2,percent,,primary,"The 2023 Racial and Gender Report Card: National Football League (TIDES, UCF)",https://www.tidesport.org/_files/ugd/326b62_f8ae68d67f744fdbba5962c84b43f3bf.pdf,"PDF p. 47; Appendix II, Table 1 (Players)","Appendix II, Table 1 (Players), row 2016: Other 0.2% (n=4)","Retrospective appendix of the 2023 report (season-labelled rows). count = 4. Percentages in this appendix are recomputed over a denominator that includes 'Other' (which absorbs International players for 2005-2016), so they differ from the contemporaneous reports (e.g., 2009: 65.9% here vs 67% in the 2010 report, identical counts)."
2023,2016,,players,white,27.4,percent,,primary,"The 2023 Racial and Gender Report Card: National Football League (TIDES, UCF)",https://www.tidesport.org/_files/ugd/326b62_f8ae68d67f744fdbba5962c84b43f3bf.pdf,"PDF p. 47; Appendix II, Table 1 (Players)","Appendix II, Table 1 (Players), row 2016: White 27.4% (n=618)","Retrospective appendix of the 2023 report (season-labelled rows). count = 618. Percentages in this appendix are recomputed over a denominator that includes 'Other' (which absorbs International players for 2005-2016), so they differ from the contemporaneous reports (e.g., 2009: 65.9% here vs 67% in the 2010 report, identical counts)."
2019,2019,2019-09,players,american_indian_alaska_native,0.2,percent,,primary,"The 2019 Racial and Gender Report Card: National Football League (TIDES, UCF)",https://www.tidesport.org/_files/ugd/7d86e5_5af5faf45ba7443da733f900f54638b4.pdf,"PDF p. 29; Appendix III, Players table","Appendix III, Players table, 2019: Am. Indian or Alaska Native 0.2% (# 3)","Table transcription; count = 3. Table also: Not Disclosed 3.1% (51). Text sentence listing Latino/Asian/NHPI/AIAN/not-identified gives five groups but only four numbers, so the table is used for these categories."
2019,2019,2019-09,players,asian,0.1,percent,,primary,"The 2019 Racial and Gender Report Card: National Football League (TIDES, UCF)",https://www.tidesport.org/_files/ugd/7d86e5_5af5faf45ba7443da733f900f54638b4.pdf,"PDF p. 29; Appendix III, Players table","Appendix III, Players table, 2019: Asian 0.1% (# 1)","Table transcription; count = 1. Table also: Not Disclosed 3.1% (51). Text sentence listing Latino/Asian/NHPI/AIAN/not-identified gives five groups but only four numbers, so the table is used for these categories."
2019,2019,2019-09,players,black,58.9,percent,,primary,"The 2019 Racial and Gender Report Card: National Football League (TIDES, UCF)",https://www.tidesport.org/_files/ugd/7d86e5_5af5faf45ba7443da733f900f54638b4.pdf,PDF p. 9; Grades by Category: NFL Players,the percentage of African-American players decreased from a record high of 69.7 percent set in the 2016 season to 58.9 percent in 2019.,New self-identified categories (two or more races; not disclosed) introduced; player data not available for 2017-2018.
2019,2019,2019-09,players,black,58.9,percent,,primary,"The 2019 Racial and Gender Report Card: National Football League (TIDES, UCF)",https://www.tidesport.org/_files/ugd/7d86e5_5af5faf45ba7443da733f900f54638b4.pdf,"PDF p. 29; Appendix III, Players table","Appendix III, Players table, 2019: Black or African American 58.9% (# 976)","Table transcription; count = 976. Table also: Not Disclosed 3.1% (51). Text sentence listing Latino/Asian/NHPI/AIAN/not-identified gives five groups but only four numbers, so the table is used for these categories."
2019,2019,2019-09,players,latino,0.5,percent,,primary,"The 2019 Racial and Gender Report Card: National Football League (TIDES, UCF)",https://www.tidesport.org/_files/ugd/7d86e5_5af5faf45ba7443da733f900f54638b4.pdf,"PDF p. 29; Appendix III, Players table","Appendix III, Players table, 2019: Hispanic or Latino 0.5% (# 8)","Table transcription; count = 8. Table also: Not Disclosed 3.1% (51). Text sentence listing Latino/Asian/NHPI/AIAN/not-identified gives five groups but only four numbers, so the table is used for these categories."
2019,2019,2019-09,players,not_disclosed,3.1,percent,,primary,"The 2019 Racial and Gender Report Card: National Football League (TIDES, UCF)",https://www.tidesport.org/_files/ugd/7d86e5_5af5faf45ba7443da733f900f54638b4.pdf,PDF p. 9; Grades by Category: NFL Players,"In 2019, 9.1 percent of players identified as two or more races and 3.1 percent choose not to specify their race.",
2019,2019,2019-09,players,pacific_islander,1.5,percent,,primary,"The 2019 Racial and Gender Report Card: National Football League (TIDES, UCF)",https://www.tidesport.org/_files/ugd/7d86e5_5af5faf45ba7443da733f900f54638b4.pdf,"PDF p. 29; Appendix III, Players table","Appendix III, Players table, 2019: Hawaiian or Pac. Islander 1.5% (# 24)","Table transcription; count = 24. Table also: Not Disclosed 3.1% (51). Text sentence listing Latino/Asian/NHPI/AIAN/not-identified gives five groups but only four numbers, so the table is used for these categories."
2019,2019,2019-09,players,people_of_color,70.1,percent,,primary,"The 2019 Racial and Gender Report Card: National Football League (TIDES, UCF)",https://www.tidesport.org/_files/ugd/7d86e5_5af5faf45ba7443da733f900f54638b4.pdf,PDF p. 9; Grades by Category: NFL Players,"The total people of color saw its largest decline, falling 2.5 percentage points from 72.6 percent in 2016 to 70.1 percent in 2019.",
2019,2019,2019-09,players,two_or_more_races,9.1,percent,,primary,"The 2019 Racial and Gender Report Card: National Football League (TIDES, UCF)",https://www.tidesport.org/_files/ugd/7d86e5_5af5faf45ba7443da733f900f54638b4.pdf,PDF p. 9; Grades by Category: NFL Players,"In 2019, 9.1 percent of players identified as two or more races and 3.1 percent choose not to specify their race.",Appendix table prints 9.6% (150) for the same cell.
2019,2019,2019-09,players,two_or_more_races,9.6,percent,,primary,"The 2019 Racial and Gender Report Card: National Football League (TIDES, UCF)",https://www.tidesport.org/_files/ugd/7d86e5_5af5faf45ba7443da733f900f54638b4.pdf,"PDF p. 29; Appendix III, Players table","Appendix III, Players table, 2019: Two or More Races 9.6% (# 150)","Table transcription; count = 150. Table also: Not Disclosed 3.1% (51). Text sentence listing Latino/Asian/NHPI/AIAN/not-identified gives five groups but only four numbers, so the table is used for these categories. Text says 9.1%; 150 of the table's listed counts is consistent with 9.1%, so 9.6% looks like a typo."
2019,2019,2019-09,players,white,26.8,percent,,primary,"The 2019 Racial and Gender Report Card: National Football League (TIDES, UCF)",https://www.tidesport.org/_files/ugd/7d86e5_5af5faf45ba7443da733f900f54638b4.pdf,PDF p. 9; Grades by Category: NFL Players,The percent of white players decreased from 27.4 percent in 2016 to 26.8 percent in 2019.,
2019,2019,2019-09,players,white,26.8,percent,,primary,"The 2019 Racial and Gender Report Card: National Football League (TIDES, UCF)",https://www.tidesport.org/_files/ugd/7d86e5_5af5faf45ba7443da733f900f54638b4.pdf,"PDF p. 29; Appendix III, Players table","Appendix III, Players table, 2019: White 26.8% (# 444)","Table transcription; count = 444. Table also: Not Disclosed 3.1% (51). Text sentence listing Latino/Asian/NHPI/AIAN/not-identified gives five groups but only four numbers, so the table is used for these categories."
2023,2019,,players,american_indian_alaska_native,0.2,percent,,primary,"The 2023 Racial and Gender Report Card: National Football League (TIDES, UCF)",https://www.tidesport.org/_files/ugd/326b62_f8ae68d67f744fdbba5962c84b43f3bf.pdf,"PDF p. 47; Appendix II, Table 1 (Players)","Appendix II, Table 1 (Players), row 2019: Am. Indian or Alaska Native 0.2% (n=3)",Retrospective appendix of the 2023 report (season-labelled rows). count = 3.
2023,2019,,players,asian,0.1,percent,,primary,"The 2023 Racial and Gender Report Card: National Football League (TIDES, UCF)",https://www.tidesport.org/_files/ugd/326b62_f8ae68d67f744fdbba5962c84b43f3bf.pdf,"PDF p. 47; Appendix II, Table 1 (Players)","Appendix II, Table 1 (Players), row 2019: Asian 0.1% (n=1)",Retrospective appendix of the 2023 report (season-labelled rows). count = 1.
2023,2019,,players,black,58.9,percent,,primary,"The 2023 Racial and Gender Report Card: National Football League (TIDES, UCF)",https://www.tidesport.org/_files/ugd/326b62_f8ae68d67f744fdbba5962c84b43f3bf.pdf,"PDF p. 47; Appendix II, Table 1 (Players)","Appendix II, Table 1 (Players), row 2019: Black or African American 58.9% (n=976)",Retrospective appendix of the 2023 report (season-labelled rows). count = 976.
2023,2019,,players,latino,0.5,percent,,primary,"The 2023 Racial and Gender Report Card: National Football League (TIDES, UCF)",https://www.tidesport.org/_files/ugd/326b62_f8ae68d67f744fdbba5962c84b43f3bf.pdf,"PDF p. 47; Appendix II, Table 1 (Players)","Appendix II, Table 1 (Players), row 2019: Hispanic or Latino(a) 0.5% (n=8)",Retrospective appendix of the 2023 report (season-labelled rows). count = 8.
2023,2019,,players,not_disclosed,3.1,percent,,primary,"The 2023 Racial and Gender Report Card: National Football League (TIDES, UCF)",https://www.tidesport.org/_files/ugd/326b62_f8ae68d67f744fdbba5962c84b43f3bf.pdf,"PDF p. 47; Appendix II, Table 1 (Players)","Appendix II, Table 1 (Players), row 2019: Not Disclosed 3.1% (n=51)",Retrospective appendix of the 2023 report (season-labelled rows). count = 51.
2023,2019,,players,pacific_islander,1.4,percent,,primary,"The 2023 Racial and Gender Report Card: National Football League (TIDES, UCF)",https://www.tidesport.org/_files/ugd/326b62_f8ae68d67f744fdbba5962c84b43f3bf.pdf,"PDF p. 47; Appendix II, Table 1 (Players)","Appendix II, Table 1 (Players), row 2019: Hawaiian or Pac. Islander 1.4% (n=24)",Retrospective appendix of the 2023 report (season-labelled rows). count = 24.
2023,2019,,players,two_or_more_races,9.1,percent,,primary,"The 2023 Racial and Gender Report Card: National Football League (TIDES, UCF)",https://www.tidesport.org/_files/ugd/326b62_f8ae68d67f744fdbba5962c84b43f3bf.pdf,"PDF p. 47; Appendix II, Table 1 (Players)","Appendix II, Table 1 (Players), row 2019: Two or More Races 9.1% (n=150)",Retrospective appendix of the 2023 report (season-labelled rows). count = 150.
2023,2019,,players,white,26.8,percent,,primary,"The 2023 Racial and Gender Report Card: National Football League (TIDES, UCF)",https://www.tidesport.org/_files/ugd/326b62_f8ae68d67f744fdbba5962c84b43f3bf.pdf,"PDF p. 47; Appendix II, Table 1 (Players)","Appendix II, Table 1 (Players), row 2019: White 26.8% (n=444)",Retrospective appendix of the 2023 report (season-labelled rows). count = 444.
2020,2020,2020-09,players,american_indian_alaska_native,0.2,percent,,primary,"The 2020 Racial and Gender Report Card: National Football League (TIDES, UCF)",https://www.tidesport.org/_files/ugd/138a69_8715a573a51742ce95dddeb0461cfc82.pdf,PDF p. 10; Grades by Category: NFL Players,"and American Indian or Alaska Native represented 0.4 percent, 0.1 percent, 1.6 percent, and 0.2 percent, respectively.","Full sentence: Hispanics or Latinos, Asians, Native Hawaiians or Pacific Islanders, and American Indian or Alaska Native represented 0.4, 0.1, 1.6 and 0.2 percent, respectively."
2020,2020,2020-09,players,asian,0.1,percent,,primary,"The 2020 Racial and Gender Report Card: National Football League (TIDES, UCF)",https://www.tidesport.org/_files/ugd/138a69_8715a573a51742ce95dddeb0461cfc82.pdf,PDF p. 10; Grades by Category: NFL Players,"Hispanics or Latinos, Asians, Native Hawaiians or Pacific Islanders, and American Indian or Alaska Native represented 0.4 percent, 0.1 percent, 1.6 percent","Full sentence: Hispanics or Latinos, Asians, Native Hawaiians or Pacific Islanders, and American Indian or Alaska Native represented 0.4, 0.1, 1.6 and 0.2 percent, respectively."
2020,2020,2020-09,players,black,57.5,percent,,primary,"The 2020 Racial and Gender Report Card: National Football League (TIDES, UCF)",https://www.tidesport.org/_files/ugd/138a69_8715a573a51742ce95dddeb0461cfc82.pdf,PDF p. 10; Grades by Category: NFL Players,The percentage of Black or African-American players decreased from a record high of 69.7 percent set in the 2016 season to 57.5 percent in 2020.,
2020,2020,2020-09,players,latino,0.4,percent,,primary,"The 2020 Racial and Gender Report Card: National Football League (TIDES, UCF)",https://www.tidesport.org/_files/ugd/138a69_8715a573a51742ce95dddeb0461cfc82.pdf,PDF p. 10; Grades by Category: NFL Players,"Hispanics or Latinos, Asians, Native Hawaiians or Pacific Islanders, and American Indian or Alaska Native represented 0.4 percent, 0.1 percent, 1.6 percent","Full sentence: Hispanics or Latinos, Asians, Native Hawaiians or Pacific Islanders, and American Indian or Alaska Native represented 0.4, 0.1, 1.6 and 0.2 percent, respectively."
2020,2020,2020-09,players,not_disclosed,5.7,percent,,primary,"The 2020 Racial and Gender Report Card: National Football League (TIDES, UCF)",https://www.tidesport.org/_files/ugd/138a69_8715a573a51742ce95dddeb0461cfc82.pdf,PDF p. 10; Grades by Category: NFL Players,Players that chose not to specify their race increased from 3.1 percent in 2019 to 5.7 percent in 2020.,
2020,2020,2020-09,players,pacific_islander,1.6,percent,,primary,"The 2020 Racial and Gender Report Card: National Football League (TIDES, UCF)",https://www.tidesport.org/_files/ugd/138a69_8715a573a51742ce95dddeb0461cfc82.pdf,PDF p. 10; Grades by Category: NFL Players,"Hispanics or Latinos, Asians, Native Hawaiians or Pacific Islanders, and American Indian or Alaska Native represented 0.4 percent, 0.1 percent, 1.6 percent","Full sentence: Hispanics or Latinos, Asians, Native Hawaiians or Pacific Islanders, and American Indian or Alaska Native represented 0.4, 0.1, 1.6 and 0.2 percent, respectively."
2020,2020,2020-09,players,people_of_color,69.4,percent,,primary,"The 2020 Racial and Gender Report Card: National Football League (TIDES, UCF)",https://www.tidesport.org/_files/ugd/138a69_8715a573a51742ce95dddeb0461cfc82.pdf,PDF p. 10; Grades by Category: NFL Players,The total players of color have fallen 3.2 percentage points from 72.6 percent in 2016 to 69.4 percent in 2020.,
2020,2020,2020-09,players,two_or_more_races,9.4,percent,,primary,"The 2020 Racial and Gender Report Card: National Football League (TIDES, UCF)",https://www.tidesport.org/_files/ugd/138a69_8715a573a51742ce95dddeb0461cfc82.pdf,PDF p. 10; Grades by Category: NFL Players,"In 2020, 9.4 percent of players identified as two or more races, increasing from 9.1 percent in 2019.",
2020,2020,2020-09,players,white,24.9,percent,,primary,"The 2020 Racial and Gender Report Card: National Football League (TIDES, UCF)",https://www.tidesport.org/_files/ugd/138a69_8715a573a51742ce95dddeb0461cfc82.pdf,PDF p. 10; Grades by Category: NFL Players,The percentage of white players decreased from 26.8 percent in 2019 to 24.9 percent in 2020.,
2023,2020,,players,american_indian_alaska_native,0.2,percent,,primary,"The 2023 Racial and Gender Report Card: National Football League (TIDES, UCF)",https://www.tidesport.org/_files/ugd/326b62_f8ae68d67f744fdbba5962c84b43f3bf.pdf,"PDF p. 47; Appendix II, Table 1 (Players)","Appendix II, Table 1 (Players), row 2020: Am. Indian or Alaska Native 0.2% (n=3)",Retrospective appendix of the 2023 report (season-labelled rows). count = 3.
2023,2020,,players,asian,0.1,percent,,primary,"The 2023 Racial and Gender Report Card: National Football League (TIDES, UCF)",https://www.tidesport.org/_files/ugd/326b62_f8ae68d67f744fdbba5962c84b43f3bf.pdf,"PDF p. 47; Appendix II, Table 1 (Players)","Appendix II, Table 1 (Players), row 2020: Asian 0.1% (n=2)",Retrospective appendix of the 2023 report (season-labelled rows). count = 2.
2023,2020,,players,black,57.5,percent,,primary,"The 2023 Racial and Gender Report Card: National Football League (TIDES, UCF)",https://www.tidesport.org/_files/ugd/326b62_f8ae68d67f744fdbba5962c84b43f3bf.pdf,"PDF p. 47; Appendix II, Table 1 (Players)","Appendix II, Table 1 (Players), row 2020: Black or African American 57.5% (n=967)",Retrospective appendix of the 2023 report (season-labelled rows). count = 967.
2023,2020,,players,latino,0.4,percent,,primary,"The 2023 Racial and Gender Report Card: National Football League (TIDES, UCF)",https://www.tidesport.org/_files/ugd/326b62_f8ae68d67f744fdbba5962c84b43f3bf.pdf,"PDF p. 47; Appendix II, Table 1 (Players)","Appendix II, Table 1 (Players), row 2020: Hispanic or Latino(a) 0.4% (n=7)",Retrospective appendix of the 2023 report (season-labelled rows). count = 7.
2023,2020,,players,not_disclosed,5.7,percent,,primary,"The 2023 Racial and Gender Report Card: National Football League (TIDES, UCF)",https://www.tidesport.org/_files/ugd/326b62_f8ae68d67f744fdbba5962c84b43f3bf.pdf,"PDF p. 47; Appendix II, Table 1 (Players)","Appendix II, Table 1 (Players), row 2020: Not Disclosed 5.7% (n=96)",Retrospective appendix of the 2023 report (season-labelled rows). count = 96.
2023,2020,,players,other,0.2,percent,,primary,"The 2023 Racial and Gender Report Card: National Football League (TIDES, UCF)",https://www.tidesport.org/_files/ugd/326b62_f8ae68d67f744fdbba5962c84b43f3bf.pdf,"PDF p. 47; Appendix II, Table 1 (Players)","Appendix II, Table 1 (Players), row 2020: Other 0.2% (n=4)",Retrospective appendix of the 2023 report (season-labelled rows). count = 4.
2023,2020,,players,pacific_islander,1.6,percent,,primary,"The 2023 Racial and Gender Report Card: National Football League (TIDES, UCF)",https://www.tidesport.org/_files/ugd/326b62_f8ae68d67f744fdbba5962c84b43f3bf.pdf,"PDF p. 47; Appendix II, Table 1 (Players)","Appendix II, Table 1 (Players), row 2020: Hawaiian or Pac. Islander 1.6% (n=27)",Retrospective appendix of the 2023 report (season-labelled rows). count = 27.
2023,2020,,players,two_or_more_races,9.4,percent,,primary,"The 2023 Racial and Gender Report Card: National Football League (TIDES, UCF)",https://www.tidesport.org/_files/ugd/326b62_f8ae68d67f744fdbba5962c84b43f3bf.pdf,"PDF p. 47; Appendix II, Table 1 (Players)","Appendix II, Table 1 (Players), row 2020: Two or More Races 9.4% (n=158)",Retrospective appendix of the 2023 report (season-labelled rows). count = 158.
2023,2020,,players,white,24.9,percent,,primary,"The 2023 Racial and Gender Report Card: National Football League (TIDES, UCF)",https://www.tidesport.org/_files/ugd/326b62_f8ae68d67f744fdbba5962c84b43f3bf.pdf,"PDF p. 47; Appendix II, Table 1 (Players)","Appendix II, Table 1 (Players), row 2020: White 24.9% (n=418)",Retrospective appendix of the 2023 report (season-labelled rows). count = 418.
2021,2021,2021-09,players,american_indian_alaska_native,0.2,percent,,primary,"The 2021 Racial and Gender Report Card: National Football League (TIDES, UCF)",https://www.tidesport.org/_files/ugd/326b62_5afc0093dedf4b53bdba964fa0c1eb0c.pdf,PDF p. 10; Grades by Category: NFL Players,"Asians, Native Hawaiians or Pacific Islanders, and American Indian or Alaska Native represented 0.1 percent, 1.6 percent, and 0.2 percent, respectively",
2021,2021,2021-09,players,asian,0.1,percent,,primary,"The 2021 Racial and Gender Report Card: National Football League (TIDES, UCF)",https://www.tidesport.org/_files/ugd/326b62_5afc0093dedf4b53bdba964fa0c1eb0c.pdf,PDF p. 10; Grades by Category: NFL Players,"Asians, Native Hawaiians or Pacific Islanders, and American Indian or Alaska Native represented 0.1 percent, 1.6 percent, and 0.2 percent, respectively",
2021,2021,2021-09,players,black,58,percent,,primary,"The 2021 Racial and Gender Report Card: National Football League (TIDES, UCF)",https://www.tidesport.org/_files/ugd/326b62_5afc0093dedf4b53bdba964fa0c1eb0c.pdf,PDF p. 10; Grades by Category: NFL Players,The percentage of Black or African-American players increased slightly from 57.5 percent in 2020 to 58.0 percent in 2021.,
2021,2021,2021-09,players,latino,0.7,percent,,primary,"The 2021 Racial and Gender Report Card: National Football League (TIDES, UCF)",https://www.tidesport.org/_files/ugd/326b62_5afc0093dedf4b53bdba964fa0c1eb0c.pdf,PDF p. 10; Grades by Category: NFL Players,The percentage of Hispanic or Latino players increased from 0.4 percent in 2020 to 0.7 percent in 2021.,
2021,2021,2021-09,players,not_disclosed,4.2,percent,,primary,"The 2021 Racial and Gender Report Card: National Football League (TIDES, UCF)",https://www.tidesport.org/_files/ugd/326b62_5afc0093dedf4b53bdba964fa0c1eb0c.pdf,PDF p. 10; Grades by Category: NFL Players,Players that chose not to specify their race decreased from 5.7 percent in 2020 to 4.2 percent in 2021.,
2021,2021,2021-09,players,pacific_islander,1.6,percent,,primary,"The 2021 Racial and Gender Report Card: National Football League (TIDES, UCF)",https://www.tidesport.org/_files/ugd/326b62_5afc0093dedf4b53bdba964fa0c1eb0c.pdf,PDF p. 10; Grades by Category: NFL Players,"Asians, Native Hawaiians or Pacific Islanders, and American Indian or Alaska Native represented 0.1 percent, 1.6 percent, and 0.2 percent, respectively",
2021,2021,2021-09,players,people_of_color,70.7,percent,,primary,"The 2021 Racial and Gender Report Card: National Football League (TIDES, UCF)",https://www.tidesport.org/_files/ugd/326b62_5afc0093dedf4b53bdba964fa0c1eb0c.pdf,PDF p. 10; Grades by Category: NFL Players,The total percentage of players of color increased from 69.4 percent in the 2020 season to 70.7 percent in the 2021 season.,
2021,2021,2021-09,players,two_or_more_races,9.8,percent,,primary,"The 2021 Racial and Gender Report Card: National Football League (TIDES, UCF)",https://www.tidesport.org/_files/ugd/326b62_5afc0093dedf4b53bdba964fa0c1eb0c.pdf,PDF p. 10; Grades by Category: NFL Players,"In 2021, 9.8 percent of players identified as two or more races, increasing from 9.4 percent in 2020.",The 2022 report restates 2021 as 10.1 percent for 'two or more races/other'.
2021,2021,2021-09,players,white,25,percent,,primary,"The 2021 Racial and Gender Report Card: National Football League (TIDES, UCF)",https://www.tidesport.org/_files/ugd/326b62_5afc0093dedf4b53bdba964fa0c1eb0c.pdf,PDF p. 10; Grades by Category: NFL Players,The percentage of white players increased from 24.9 percent in 2020 to 25.0 percent in 2021.,
2022,2021,,players,two_or_more_races_or_other,10.1,percent,,primary,"The 2022 Racial and Gender Report Card: National Football League (TIDES, UCF)",https://www.tidesport.org/_files/ugd/ac4087_d74e4aa674334087b6c4506f6d353a48.pdf,PDF p. 10; Grades by Category: NFL Players,"In 2022, 10.5 percent of players identified as two or more races/ other, an increase from 10.1 percent in 2021.",Restated 2021 value under the combined category; the 2021 report gave 9.8% two or more races.
2023,2021,,players,american_indian_alaska_native,0.2,percent,,primary,"The 2023 Racial and Gender Report Card: National Football League (TIDES, UCF)",https://www.tidesport.org/_files/ugd/326b62_f8ae68d67f744fdbba5962c84b43f3bf.pdf,"PDF p. 47; Appendix II, Table 1 (Players)","Appendix II, Table 1 (Players), row 2021: Am. Indian or Alaska Native 0.2% (n=4)",Retrospective appendix of the 2023 report (season-labelled rows). count = 4.
2023,2021,,players,asian,0.1,percent,,primary,"The 2023 Racial and Gender Report Card: National Football League (TIDES, UCF)",https://www.tidesport.org/_files/ugd/326b62_f8ae68d67f744fdbba5962c84b43f3bf.pdf,"PDF p. 47; Appendix II, Table 1 (Players)","Appendix II, Table 1 (Players), row 2021: Asian 0.1% (n=2)",Retrospective appendix of the 2023 report (season-labelled rows). count = 2.
2023,2021,,players,black,58,percent,,primary,"The 2023 Racial and Gender Report Card: National Football League (TIDES, UCF)",https://www.tidesport.org/_files/ugd/326b62_f8ae68d67f744fdbba5962c84b43f3bf.pdf,"PDF p. 47; Appendix II, Table 1 (Players)","Appendix II, Table 1 (Players), row 2021: Black or African American 58.0% (n=1000)",Retrospective appendix of the 2023 report (season-labelled rows). count = 1000.
2023,2021,,players,latino,0.7,percent,,primary,"The 2023 Racial and Gender Report Card: National Football League (TIDES, UCF)",https://www.tidesport.org/_files/ugd/326b62_f8ae68d67f744fdbba5962c84b43f3bf.pdf,"PDF p. 47; Appendix II, Table 1 (Players)","Appendix II, Table 1 (Players), row 2021: Hispanic or Latino(a) 0.7% (n=12)",Retrospective appendix of the 2023 report (season-labelled rows). count = 12.
2023,2021,,players,not_disclosed,4.2,percent,,primary,"The 2023 Racial and Gender Report Card: National Football League (TIDES, UCF)",https://www.tidesport.org/_files/ugd/326b62_f8ae68d67f744fdbba5962c84b43f3bf.pdf,"PDF p. 47; Appendix II, Table 1 (Players)","Appendix II, Table 1 (Players), row 2021: Not Disclosed 4.2% (n=73)",Retrospective appendix of the 2023 report (season-labelled rows). count = 73.
2023,2021,,players,other,0.3,percent,,primary,"The 2023 Racial and Gender Report Card: National Football League (TIDES, UCF)",https://www.tidesport.org/_files/ugd/326b62_f8ae68d67f744fdbba5962c84b43f3bf.pdf,"PDF p. 47; Appendix II, Table 1 (Players)","Appendix II, Table 1 (Players), row 2021: Other 0.3% (n=6)",Retrospective appendix of the 2023 report (season-labelled rows). count = 6.
2023,2021,,players,pacific_islander,1.6,percent,,primary,"The 2023 Racial and Gender Report Card: National Football League (TIDES, UCF)",https://www.tidesport.org/_files/ugd/326b62_f8ae68d67f744fdbba5962c84b43f3bf.pdf,"PDF p. 47; Appendix II, Table 1 (Players)","Appendix II, Table 1 (Players), row 2021: Hawaiian or Pac. Islander 1.6% (n=27)",Retrospective appendix of the 2023 report (season-labelled rows). count = 27.
2023,2021,,players,two_or_more_races,9.8,percent,,primary,"The 2023 Racial and Gender Report Card: National Football League (TIDES, UCF)",https://www.tidesport.org/_files/ugd/326b62_f8ae68d67f744fdbba5962c84b43f3bf.pdf,"PDF p. 47; Appendix II, Table 1 (Players)","Appendix II, Table 1 (Players), row 2021: Two or More Races 9.8% (n=169)",Retrospective appendix of the 2023 report (season-labelled rows). count = 169.
2023,2021,,players,white,25,percent,,primary,"The 2023 Racial and Gender Report Card: National Football League (TIDES, UCF)",https://www.tidesport.org/_files/ugd/326b62_f8ae68d67f744fdbba5962c84b43f3bf.pdf,"PDF p. 47; Appendix II, Table 1 (Players)","Appendix II, Table 1 (Players), row 2021: White 25.0% (n=432)",Retrospective appendix of the 2023 report (season-labelled rows). count = 432.
2022,2022,2022-08,players,american_indian_alaska_native,0.2,percent,,primary,"The 2022 Racial and Gender Report Card: National Football League (TIDES, UCF)",https://www.tidesport.org/_files/ugd/ac4087_d74e4aa674334087b6c4506f6d353a48.pdf,PDF p. 10; Grades by Category: NFL Players,"Asians, Native Hawaiians or other Pacific Islanders, and American Indian or Alaska Native players represented 0.1 percent, 1.5 percent, and 0.2 percent, respectively",
2022,2022,2022-08,players,asian,0.1,percent,,primary,"The 2022 Racial and Gender Report Card: National Football League (TIDES, UCF)",https://www.tidesport.org/_files/ugd/ac4087_d74e4aa674334087b6c4506f6d353a48.pdf,PDF p. 10; Grades by Category: NFL Players,"Asians, Native Hawaiians or other Pacific Islanders, and American Indian or Alaska Native players represented 0.1 percent, 1.5 percent, and 0.2 percent, respectively",
2022,2022,2022-08,players,black,56.4,percent,,primary,"The 2022 Racial and Gender Report Card: National Football League (TIDES, UCF)",https://www.tidesport.org/_files/ugd/ac4087_d74e4aa674334087b6c4506f6d353a48.pdf,PDF p. 10; Grades by Category: NFL Players,The percentage of Black or AfricanAmerican players decreased from 58.0 percent in 2021 to 56.4 percent in 2022.,
2022,2022,2022-08,players,latino,0.4,percent,,primary,"The 2022 Racial and Gender Report Card: National Football League (TIDES, UCF)",https://www.tidesport.org/_files/ugd/ac4087_d74e4aa674334087b6c4506f6d353a48.pdf,PDF p. 10; Grades by Category: NFL Players,The percentage of Hispanic or Latino players decreased slightly from 0.7 percent in 2021 to 0.4 percent in 2022.,
2022,2022,2022-08,players,not_disclosed,5.7,percent,,primary,"The 2022 Racial and Gender Report Card: National Football League (TIDES, UCF)",https://www.tidesport.org/_files/ugd/ac4087_d74e4aa674334087b6c4506f6d353a48.pdf,PDF p. 10; Grades by Category: NFL Players,Players that chose not to specify their race increased from 4.2 percent in 2021 to 5.7 percent in 2022.,
2022,2022,2022-08,players,pacific_islander,1.5,percent,,primary,"The 2022 Racial and Gender Report Card: National Football League (TIDES, UCF)",https://www.tidesport.org/_files/ugd/ac4087_d74e4aa674334087b6c4506f6d353a48.pdf,PDF p. 10; Grades by Category: NFL Players,"Asians, Native Hawaiians or other Pacific Islanders, and American Indian or Alaska Native players represented 0.1 percent, 1.5 percent, and 0.2 percent, respectively",
2022,2022,2022-08,players,people_of_color,69.3,percent,,primary,"The 2022 Racial and Gender Report Card: National Football League (TIDES, UCF)",https://www.tidesport.org/_files/ugd/ac4087_d74e4aa674334087b6c4506f6d353a48.pdf,PDF p. 10; Grades by Category: NFL Players,The total percentage of players of color decreased from 70.7 percent in the 2021 season to 69.3 percent in the 2022 season.,
2022,2022,2022-08,players,two_or_more_races_or_other,10.5,percent,,primary,"The 2022 Racial and Gender Report Card: National Football League (TIDES, UCF)",https://www.tidesport.org/_files/ugd/ac4087_d74e4aa674334087b6c4506f6d353a48.pdf,PDF p. 10; Grades by Category: NFL Players,"In 2022, 10.5 percent of players identified as two or more races/ other, an increase from 10.1 percent in 2021.",Category combines 'two or more races' and 'other' (2023 appendix: 10.5% two or more + 0.2% other for 2022).
2022,2022,2022-08,players,white,24.9,percent,,primary,"The 2022 Racial and Gender Report Card: National Football League (TIDES, UCF)",https://www.tidesport.org/_files/ugd/ac4087_d74e4aa674334087b6c4506f6d353a48.pdf,PDF p. 10; Grades by Category: NFL Players,The percentage of white players has decreased slightly from 25.0 percent in 2021 to 24.9 percent in 2022.,
2023,2022,,players,american_indian_alaska_native,0.2,percent,,primary,"The 2023 Racial and Gender Report Card: National Football League (TIDES, UCF)",https://www.tidesport.org/_files/ugd/326b62_f8ae68d67f744fdbba5962c84b43f3bf.pdf,"PDF p. 47; Appendix II, Table 1 (Players)","Appendix II, Table 1 (Players), row 2022: Am. Indian or Alaska Native 0.2% (n=3)",Retrospective appendix of the 2023 report (season-labelled rows). count = 3.
2023,2022,,players,asian,0.1,percent,,primary,"The 2023 Racial and Gender Report Card: National Football League (TIDES, UCF)",https://www.tidesport.org/_files/ugd/326b62_f8ae68d67f744fdbba5962c84b43f3bf.pdf,"PDF p. 47; Appendix II, Table 1 (Players)","Appendix II, Table 1 (Players), row 2022: Asian 0.1% (n=2)",Retrospective appendix of the 2023 report (season-labelled rows). count = 2.
2023,2022,,players,black,56.4,percent,,primary,"The 2023 Racial and Gender Report Card: National Football League (TIDES, UCF)",https://www.tidesport.org/_files/ugd/326b62_f8ae68d67f744fdbba5962c84b43f3bf.pdf,"PDF p. 47; Appendix II, Table 1 (Players)","Appendix II, Table 1 (Players), row 2022: Black or African American 56.4% (n=954)",Retrospective appendix of the 2023 report (season-labelled rows). count = 954.
2023,2022,,players,latino,0.4,percent,,primary,"The 2023 Racial and Gender Report Card: National Football League (TIDES, UCF)",https://www.tidesport.org/_files/ugd/326b62_f8ae68d67f744fdbba5962c84b43f3bf.pdf,"PDF p. 47; Appendix II, Table 1 (Players)","Appendix II, Table 1 (Players), row 2022: Hispanic or Latino(a) 0.4% (n=7)",Retrospective appendix of the 2023 report (season-labelled rows). count = 7.
2023,2022,,players,not_disclosed,5.7,percent,,primary,"The 2023 Racial and Gender Report Card: National Football League (TIDES, UCF)",https://www.tidesport.org/_files/ugd/326b62_f8ae68d67f744fdbba5962c84b43f3bf.pdf,"PDF p. 47; Appendix II, Table 1 (Players)","Appendix II, Table 1 (Players), row 2022: Not Disclosed 5.7% (n=97)",Retrospective appendix of the 2023 report (season-labelled rows). count = 97.
2023,2022,,players,other,0.2,percent,,primary,"The 2023 Racial and Gender Report Card: National Football League (TIDES, UCF)",https://www.tidesport.org/_files/ugd/326b62_f8ae68d67f744fdbba5962c84b43f3bf.pdf,"PDF p. 47; Appendix II, Table 1 (Players)","Appendix II, Table 1 (Players), row 2022: Other 0.2% (n=3)",Retrospective appendix of the 2023 report (season-labelled rows). count = 3.
2023,2022,,players,pacific_islander,1.5,percent,,primary,"The 2023 Racial and Gender Report Card: National Football League (TIDES, UCF)",https://www.tidesport.org/_files/ugd/326b62_f8ae68d67f744fdbba5962c84b43f3bf.pdf,"PDF p. 47; Appendix II, Table 1 (Players)","Appendix II, Table 1 (Players), row 2022: Hawaiian or Pac. Islander 1.5% (n=25)",Retrospective appendix of the 2023 report (season-labelled rows). count = 25.
2023,2022,,players,two_or_more_races,10.5,percent,,primary,"The 2023 Racial and Gender Report Card: National Football League (TIDES, UCF)",https://www.tidesport.org/_files/ugd/326b62_f8ae68d67f744fdbba5962c84b43f3bf.pdf,"PDF p. 47; Appendix II, Table 1 (Players)","Appendix II, Table 1 (Players), row 2022: Two or More Races 10.5% (n=178)",Retrospective appendix of the 2023 report (season-labelled rows). count = 178.
2023,2022,,players,white,24.9,percent,,primary,"The 2023 Racial and Gender Report Card: National Football League (TIDES, UCF)",https://www.tidesport.org/_files/ugd/326b62_f8ae68d67f744fdbba5962c84b43f3bf.pdf,"PDF p. 47; Appendix II, Table 1 (Players)","Appendix II, Table 1 (Players), row 2022: White 24.9% (n=421)",Retrospective appendix of the 2023 report (season-labelled rows). count = 421.
2023,2023,2023-08,players,american_indian_alaska_native,0.1,percent,,primary,"The 2023 Racial and Gender Report Card: National Football League (TIDES, UCF)",https://www.tidesport.org/_files/ugd/326b62_f8ae68d67f744fdbba5962c84b43f3bf.pdf,PDF p. 9; Grades by Category: NFL Players,"Asians, and American Indian or Alaska Native players each represented 0.1 percent in 2023, respectively.",
2023,2023,,players,american_indian_alaska_native,0.1,percent,,primary,"The 2023 Racial and Gender Report Card: National Football League (TIDES, UCF)",https://www.tidesport.org/_files/ugd/326b62_f8ae68d67f744fdbba5962c84b43f3bf.pdf,"PDF p. 47; Appendix II, Table 1 (Players)","Appendix II, Table 1 (Players), row 2023: Am. Indian or Alaska Native 0.1% (n=1)",Retrospective appendix of the 2023 report (season-labelled rows). count = 1.
2023,2023,2023-08,players,asian,0.1,percent,,primary,"The 2023 Racial and Gender Report Card: National Football League (TIDES, UCF)",https://www.tidesport.org/_files/ugd/326b62_f8ae68d67f744fdbba5962c84b43f3bf.pdf,PDF p. 9; Grades by Category: NFL Players,"Asians, and American Indian or Alaska Native players each represented 0.1 percent in 2023, respectively.",
2023,2023,,players,asian,0.1,percent,,primary,"The 2023 Racial and Gender Report Card: National Football League (TIDES, UCF)",https://www.tidesport.org/_files/ugd/326b62_f8ae68d67f744fdbba5962c84b43f3bf.pdf,"PDF p. 47; Appendix II, Table 1 (Players)","Appendix II, Table 1 (Players), row 2023: Asian 0.1% (n=2)",Retrospective appendix of the 2023 report (season-labelled rows). count = 2.
2023,2023,2023-08,players,black,53.5,percent,,primary,"The 2023 Racial and Gender Report Card: National Football League (TIDES, UCF)",https://www.tidesport.org/_files/ugd/326b62_f8ae68d67f744fdbba5962c84b43f3bf.pdf,PDF p. 9; Grades by Category: NFL Players,The percentage of Black or African-American players decreased from 56.4 percent in 2022 to 53.5 percent in 2023.,
2023,2023,,players,black,53.5,percent,,primary,"The 2023 Racial and Gender Report Card: National Football League (TIDES, UCF)",https://www.tidesport.org/_files/ugd/326b62_f8ae68d67f744fdbba5962c84b43f3bf.pdf,"PDF p. 47; Appendix II, Table 1 (Players)","Appendix II, Table 1 (Players), row 2023: Black or African American 53.5% (n=821)",Retrospective appendix of the 2023 report (season-labelled rows). count = 821.
2023,2023,2023-08,players,latino,0.5,percent,,primary,"The 2023 Racial and Gender Report Card: National Football League (TIDES, UCF)",https://www.tidesport.org/_files/ugd/326b62_f8ae68d67f744fdbba5962c84b43f3bf.pdf,PDF p. 9; Grades by Category: NFL Players,The percentage of Hispanic or Latino players increased slightly from 0.4 percent in 2022 to 0.5 percent in 2023.,
2023,2023,,players,latino,0.5,percent,,primary,"The 2023 Racial and Gender Report Card: National Football League (TIDES, UCF)",https://www.tidesport.org/_files/ugd/326b62_f8ae68d67f744fdbba5962c84b43f3bf.pdf,"PDF p. 47; Appendix II, Table 1 (Players)","Appendix II, Table 1 (Players), row 2023: Hispanic or Latino(a) 0.5% (n=7)",Retrospective appendix of the 2023 report (season-labelled rows). count = 7.
2023,2023,2023-08,players,not_disclosed,8.9,percent,,primary,"The 2023 Racial and Gender Report Card: National Football League (TIDES, UCF)",https://www.tidesport.org/_files/ugd/326b62_f8ae68d67f744fdbba5962c84b43f3bf.pdf,PDF p. 9; Grades by Category: NFL Players,Players that chose not to specify their race increased from 5.7 percent in 2022 to 8.9 percent in 2023.,
2023,2023,,players,not_disclosed,8.9,percent,,primary,"The 2023 Racial and Gender Report Card: National Football League (TIDES, UCF)",https://www.tidesport.org/_files/ugd/326b62_f8ae68d67f744fdbba5962c84b43f3bf.pdf,"PDF p. 47; Appendix II, Table 1 (Players)","Appendix II, Table 1 (Players), row 2023: Not Disclosed 8.9% (n=136)",Retrospective appendix of the 2023 report (season-labelled rows). count = 136.
2023,2023,2023-08,players,pacific_islander,1.8,percent,,primary,"The 2023 Racial and Gender Report Card: National Football League (TIDES, UCF)",https://www.tidesport.org/_files/ugd/326b62_f8ae68d67f744fdbba5962c84b43f3bf.pdf,PDF p. 9; Grades by Category: NFL Players,The percentage of Native Hawaiians or other Pacific Islanders increased slightly from 1.5 percent in 2022 to 1.8 percent in 2023.,
2023,2023,,players,pacific_islander,1.8,percent,,primary,"The 2023 Racial and Gender Report Card: National Football League (TIDES, UCF)",https://www.tidesport.org/_files/ugd/326b62_f8ae68d67f744fdbba5962c84b43f3bf.pdf,"PDF p. 47; Appendix II, Table 1 (Players)","Appendix II, Table 1 (Players), row 2023: Hawaiian or Pac. Islander 1.8% (n=27)",Retrospective appendix of the 2023 report (season-labelled rows). count = 27.
2023,2023,2023-08,players,people_of_color,66.7,percent,,primary,"The 2023 Racial and Gender Report Card: National Football League (TIDES, UCF)",https://www.tidesport.org/_files/ugd/326b62_f8ae68d67f744fdbba5962c84b43f3bf.pdf,PDF p. 9; Grades by Category: NFL Players,The total percentage of players of color decreased from 69.3 percent in the 2022 season to 66.7 percent in the 2023 season.,
2023,2023,2023-08,players,two_or_more_races,10.9,percent,,primary,"The 2023 Racial and Gender Report Card: National Football League (TIDES, UCF)",https://www.tidesport.org/_files/ugd/326b62_f8ae68d67f744fdbba5962c84b43f3bf.pdf,PDF p. 9; Grades by Category: NFL Players,"In 2023, 10.9 percent of players identified as two or more races, an increase from 10.5 percent in 2022.",
2023,2023,,players,two_or_more_races,10.9,percent,,primary,"The 2023 Racial and Gender Report Card: National Football League (TIDES, UCF)",https://www.tidesport.org/_files/ugd/326b62_f8ae68d67f744fdbba5962c84b43f3bf.pdf,"PDF p. 47; Appendix II, Table 1 (Players)","Appendix II, Table 1 (Players), row 2023: Two or More Races 10.9% (n=167)",Retrospective appendix of the 2023 report (season-labelled rows). count = 167.
2023,2023,2023-08,players,white,24.4,percent,,primary,"The 2023 Racial and Gender Report Card: National Football League (TIDES, UCF)",https://www.tidesport.org/_files/ugd/326b62_f8ae68d67f744fdbba5962c84b43f3bf.pdf,PDF p. 9; Grades by Category: NFL Players,The percentage of white players has decreased slightly from 24.9 percent in 2022 to 24.4 percent in 2023.,
2023,2023,,players,white,24.4,percent,,primary,"The 2023 Racial and Gender Report Card: National Football League (TIDES, UCF)",https://www.tidesport.org/_files/ugd/326b62_f8ae68d67f744fdbba5962c84b43f3bf.pdf,"PDF p. 47; Appendix II, Table 1 (Players)","Appendix II, Table 1 (Players), row 2023: White 24.4% (n=375)",Retrospective appendix of the 2023 report (season-labelled rows). count = 375.
2023,1992,,head_coaches,black,7,percent,,primary,"The 2023 Racial and Gender Report Card: National Football League (TIDES, UCF)",https://www.tidesport.org/_files/ugd/326b62_f8ae68d67f744fdbba5962c84b43f3bf.pdf,"PDF p. 48; Appendix II, Table 2 (Head Coaches)","Appendix II, Table 2 (Head Coaches), row 1992: Black or African American 7.0% (n=2)",Retrospective appendix of the 2023 report (season-labelled rows). count = 2. Pre-2003 rows are retrospective and their 1999/2000 labels conflict with the 2001 RGRC text (see README).
2023,1992,,head_coaches,latino,4,percent,,primary,"The 2023 Racial and Gender Report Card: National Football League (TIDES, UCF)",https://www.tidesport.org/_files/ugd/326b62_f8ae68d67f744fdbba5962c84b43f3bf.pdf,"PDF p. 48; Appendix II, Table 2 (Head Coaches)","Appendix II, Table 2 (Head Coaches), row 1992: Hispanic or Latino(a) 4.0% (n=1)",Retrospective appendix of the 2023 report (season-labelled rows). count = 1. Pre-2003 rows are retrospective and their 1999/2000 labels conflict with the 2001 RGRC text (see README).
2023,1992,,head_coaches,white,89,percent,,primary,"The 2023 Racial and Gender Report Card: National Football League (TIDES, UCF)",https://www.tidesport.org/_files/ugd/326b62_f8ae68d67f744fdbba5962c84b43f3bf.pdf,"PDF p. 48; Appendix II, Table 2 (Head Coaches)","Appendix II, Table 2 (Head Coaches), row 1992: White 89.0% (n=25)",Retrospective appendix of the 2023 report (season-labelled rows). count = 25. Pre-2003 rows are retrospective and their 1999/2000 labels conflict with the 2001 RGRC text (see README).
2023,1993,,head_coaches,black,7,percent,,primary,"The 2023 Racial and Gender Report Card: National Football League (TIDES, UCF)",https://www.tidesport.org/_files/ugd/326b62_f8ae68d67f744fdbba5962c84b43f3bf.pdf,"PDF p. 48; Appendix II, Table 2 (Head Coaches)","Appendix II, Table 2 (Head Coaches), row 1993: Black or African American 7.0% (n=2)",Retrospective appendix of the 2023 report (season-labelled rows). count = 2. Pre-2003 rows are retrospective and their 1999/2000 labels conflict with the 2001 RGRC text (see README).
2023,1993,,head_coaches,latino,4,percent,,primary,"The 2023 Racial and Gender Report Card: National Football League (TIDES, UCF)",https://www.tidesport.org/_files/ugd/326b62_f8ae68d67f744fdbba5962c84b43f3bf.pdf,"PDF p. 48; Appendix II, Table 2 (Head Coaches)","Appendix II, Table 2 (Head Coaches), row 1993: Hispanic or Latino(a) 4.0% (n=1)",Retrospective appendix of the 2023 report (season-labelled rows). count = 1. Pre-2003 rows are retrospective and their 1999/2000 labels conflict with the 2001 RGRC text (see README).
2023,1993,,head_coaches,white,89,percent,,primary,"The 2023 Racial and Gender Report Card: National Football League (TIDES, UCF)",https://www.tidesport.org/_files/ugd/326b62_f8ae68d67f744fdbba5962c84b43f3bf.pdf,"PDF p. 48; Appendix II, Table 2 (Head Coaches)","Appendix II, Table 2 (Head Coaches), row 1993: White 89.0% (n=25)",Retrospective appendix of the 2023 report (season-labelled rows). count = 25. Pre-2003 rows are retrospective and their 1999/2000 labels conflict with the 2001 RGRC text (see README).
2023,1994,,head_coaches,black,7,percent,,primary,"The 2023 Racial and Gender Report Card: National Football League (TIDES, UCF)",https://www.tidesport.org/_files/ugd/326b62_f8ae68d67f744fdbba5962c84b43f3bf.pdf,"PDF p. 48; Appendix II, Table 2 (Head Coaches)","Appendix II, Table 2 (Head Coaches), row 1994: Black or African American 7.0% (n=2)",Retrospective appendix of the 2023 report (season-labelled rows). count = 2. Pre-2003 rows are retrospective and their 1999/2000 labels conflict with the 2001 RGRC text (see README).
2023,1994,,head_coaches,white,93,percent,,primary,"The 2023 Racial and Gender Report Card: National Football League (TIDES, UCF)",https://www.tidesport.org/_files/ugd/326b62_f8ae68d67f744fdbba5962c84b43f3bf.pdf,"PDF p. 48; Appendix II, Table 2 (Head Coaches)","Appendix II, Table 2 (Head Coaches), row 1994: White 93.0% (n=28)",Retrospective appendix of the 2023 report (season-labelled rows). count = 28. Pre-2003 rows are retrospective and their 1999/2000 labels conflict with the 2001 RGRC text (see README).
2023,1995,,head_coaches,black,10,percent,,primary,"The 2023 Racial and Gender Report Card: National Football League (TIDES, UCF)",https://www.tidesport.org/_files/ugd/326b62_f8ae68d67f744fdbba5962c84b43f3bf.pdf,"PDF p. 48; Appendix II, Table 2 (Head Coaches)","Appendix II, Table 2 (Head Coaches), row 1995: Black or African American 10.0% (n=3)",Retrospective appendix of the 2023 report (season-labelled rows). count = 3. Pre-2003 rows are retrospective and their 1999/2000 labels conflict with the 2001 RGRC text (see README).
2023,1995,,head_coaches,latino,3,percent,,primary,"The 2023 Racial and Gender Report Card: National Football League (TIDES, UCF)",https://www.tidesport.org/_files/ugd/326b62_f8ae68d67f744fdbba5962c84b43f3bf.pdf,"PDF p. 48; Appendix II, Table 2 (Head Coaches)","Appendix II, Table 2 (Head Coaches), row 1995: Hispanic or Latino(a) 3.0% (n=1)",Retrospective appendix of the 2023 report (season-labelled rows). count = 1. Pre-2003 rows are retrospective and their 1999/2000 labels conflict with the 2001 RGRC text (see README).
2023,1995,,head_coaches,white,90,percent,,primary,"The 2023 Racial and Gender Report Card: National Football League (TIDES, UCF)",https://www.tidesport.org/_files/ugd/326b62_f8ae68d67f744fdbba5962c84b43f3bf.pdf,"PDF p. 48; Appendix II, Table 2 (Head Coaches)","Appendix II, Table 2 (Head Coaches), row 1995: White 90.0% (n=27)",Retrospective appendix of the 2023 report (season-labelled rows). count = 27. Pre-2003 rows are retrospective and their 1999/2000 labels conflict with the 2001 RGRC text (see README).
2023,1997,,head_coaches,black,10,percent,,primary,"The 2023 Racial and Gender Report Card: National Football League (TIDES, UCF)",https://www.tidesport.org/_files/ugd/326b62_f8ae68d67f744fdbba5962c84b43f3bf.pdf,"PDF p. 48; Appendix II, Table 2 (Head Coaches)","Appendix II, Table 2 (Head Coaches), row 1997: Black or African American 10.0% (n=3)",Retrospective appendix of the 2023 report (season-labelled rows). count = 3. Pre-2003 rows are retrospective and their 1999/2000 labels conflict with the 2001 RGRC text (see README).
2023,1997,,head_coaches,white,90,percent,,primary,"The 2023 Racial and Gender Report Card: National Football League (TIDES, UCF)",https://www.tidesport.org/_files/ugd/326b62_f8ae68d67f744fdbba5962c84b43f3bf.pdf,"PDF p. 48; Appendix II, Table 2 (Head Coaches)","Appendix II, Table 2 (Head Coaches), row 1997: White 90.0% (n=27)",Retrospective appendix of the 2023 report (season-labelled rows). count = 27. Pre-2003 rows are retrospective and their 1999/2000 labels conflict with the 2001 RGRC text (see README).
2023,1999,,head_coaches,black,6,percent,,primary,"The 2023 Racial and Gender Report Card: National Football League (TIDES, UCF)",https://www.tidesport.org/_files/ugd/326b62_f8ae68d67f744fdbba5962c84b43f3bf.pdf,"PDF p. 48; Appendix II, Table 2 (Head Coaches)","Appendix II, Table 2 (Head Coaches), row 1999: Black or African American 6.0% (n=2)",Retrospective appendix of the 2023 report (season-labelled rows). count = 2. Pre-2003 rows are retrospective and their 1999/2000 labels conflict with the 2001 RGRC text (see README).
2023,1999,,head_coaches,white,94,percent,,primary,"The 2023 Racial and Gender Report Card: National Football League (TIDES, UCF)",https://www.tidesport.org/_files/ugd/326b62_f8ae68d67f744fdbba5962c84b43f3bf.pdf,"PDF p. 48; Appendix II, Table 2 (Head Coaches)","Appendix II, Table 2 (Head Coaches), row 1999: White 94.0% (n=29)",Retrospective appendix of the 2023 report (season-labelled rows). count = 29. Pre-2003 rows are retrospective and their 1999/2000 labels conflict with the 2001 RGRC text (see README).
2001,2000,,head_coaches,black,2,count,,primary,The 2001 Racial and Gender Report Card (Lapchick with Matthews; all leagues),https://www.tidesport.org/_files/ugd/7d86e5_fff5f25555de4e0087a8078790afe2fc.pdf,PDF p. 28; Head Coaches,"In the NFL during the 2000 season, there were just two African-American head coaches or six percent of the total.",
2001,2000,,head_coaches,black,6,percent,,primary,The 2001 Racial and Gender Report Card (Lapchick with Matthews; all leagues),https://www.tidesport.org/_files/ugd/7d86e5_fff5f25555de4e0087a8078790afe2fc.pdf,PDF p. 28; Head Coaches,"In the NFL during the 2000 season, there were just two African-American head coaches or six percent of the total.",Later TIDES appendix tables list 2 (6%) under 1999 and 3 (10%) under 2000 (see README).
2023,2000,,head_coaches,black,10,percent,,primary,"The 2023 Racial and Gender Report Card: National Football League (TIDES, UCF)",https://www.tidesport.org/_files/ugd/326b62_f8ae68d67f744fdbba5962c84b43f3bf.pdf,"PDF p. 48; Appendix II, Table 2 (Head Coaches)","Appendix II, Table 2 (Head Coaches), row 2000: Black or African American 10.0% (n=3)",Retrospective appendix of the 2023 report (season-labelled rows). count = 3. Pre-2003 rows are retrospective and their 1999/2000 labels conflict with the 2001 RGRC text (see README).
2023,2000,,head_coaches,white,90,percent,,primary,"The 2023 Racial and Gender Report Card: National Football League (TIDES, UCF)",https://www.tidesport.org/_files/ugd/326b62_f8ae68d67f744fdbba5962c84b43f3bf.pdf,"PDF p. 48; Appendix II, Table 2 (Head Coaches)","Appendix II, Table 2 (Head Coaches), row 2000: White 90.0% (n=28)",Retrospective appendix of the 2023 report (season-labelled rows). count = 28. Pre-2003 rows are retrospective and their 1999/2000 labels conflict with the 2001 RGRC text (see README).
2001,2001,2001-07-01,head_coaches,black,3,count,,primary,The 2001 Racial and Gender Report Card (Lapchick with Matthews; all leagues),https://www.tidesport.org/_files/ugd/7d86e5_fff5f25555de4e0087a8078790afe2fc.pdf,"PDF p. 9,27; Head Coaching and Baseball Managing Positions","In the NFL there are currently three (10 percent) African-Americans in this post, unchanged from 1998.","'Currently' = as of the report's update date (July 1, 2001), i.e., entering the 2001 season."
2001,2001,2001-07-01,head_coaches,black,10,percent,,primary,The 2001 Racial and Gender Report Card (Lapchick with Matthews; all leagues),https://www.tidesport.org/_files/ugd/7d86e5_fff5f25555de4e0087a8078790afe2fc.pdf,"PDF p. 9,27; Head Coaching and Baseball Managing Positions","In the NFL there are currently three (10 percent) African-Americans in this post, unchanged from 1998.","'Currently' = as of July 1, 2001."
2003,2001,,head_coaches,black,2,count,,primary,"The 2003 Racial and Gender Report Card (TIDES, UCF; all leagues)",https://www.tidesport.org/_files/ugd/7d86e5_2b6a39fc09ce4fdfa47bbae7b94458de.pdf,PDF p. 26; Head Coaches (Men's Professional Sports),"The NFL dropped from three to two head coaches, decreasing from ten to six percent.",Passage concerns African-American head coaches; same paragraph: no Asian-American or Latino head coaches. Report covers 2001 NFL season.
2003,2001,,head_coaches,black,6,percent,,primary,"The 2003 Racial and Gender Report Card (TIDES, UCF; all leagues)",https://www.tidesport.org/_files/ugd/7d86e5_2b6a39fc09ce4fdfa47bbae7b94458de.pdf,PDF p. 26; Head Coaches (Men's Professional Sports),"The NFL dropped from three to two head coaches, decreasing from ten to six percent.",See count row.
2023,2001,,head_coaches,black,6,percent,,primary,"The 2023 Racial and Gender Report Card: National Football League (TIDES, UCF)",https://www.tidesport.org/_files/ugd/326b62_f8ae68d67f744fdbba5962c84b43f3bf.pdf,"PDF p. 48; Appendix II, Table 2 (Head Coaches)","Appendix II, Table 2 (Head Coaches), row 2001: Black or African American 6.0% (n=2)",Retrospective appendix of the 2023 report (season-labelled rows). count = 2.
2023,2001,,head_coaches,white,94,percent,,primary,"The 2023 Racial and Gender Report Card: National Football League (TIDES, UCF)",https://www.tidesport.org/_files/ugd/326b62_f8ae68d67f744fdbba5962c84b43f3bf.pdf,"PDF p. 48; Appendix II, Table 2 (Head Coaches)","Appendix II, Table 2 (Head Coaches), row 2001: White 94.0% (n=30)",Retrospective appendix of the 2023 report (season-labelled rows). count = 30.
2003,2002,end of 2002 season,head_coaches,black,2,count,,primary,"The 2003 Racial and Gender Report Card (TIDES, UCF; all leagues)",https://www.tidesport.org/_files/ugd/7d86e5_2b6a39fc09ce4fdfa47bbae7b94458de.pdf,PDF p. 27; Head Coaches,The two African-American head coaches (six percent of the total) were:,"Preceded by 'At the end of the NFL 2002 season, there was no change in the total number of African-American head coaches.'"
2003,2002,end of 2002 season,head_coaches,black,6,percent,,primary,"The 2003 Racial and Gender Report Card (TIDES, UCF; all leagues)",https://www.tidesport.org/_files/ugd/7d86e5_2b6a39fc09ce4fdfa47bbae7b94458de.pdf,PDF p. 27; Head Coaches,The two African-American head coaches (six percent of the total) were:,
2004,2003,,head_coaches,black,3,count,,primary,"The 2004 Racial and Gender Report Card: National Football League (TIDES, UCF)",https://www.tidesport.org/_files/ugd/7d86e5_d4e81d551510470ab133adcdff26c44e.pdf,PDF p. 5; Head Coaches,The three African-American head coaches (nine percent of the total) in 2003 were:,
2004,2003,,head_coaches,black,9,percent,,primary,"The 2004 Racial and Gender Report Card: National Football League (TIDES, UCF)",https://www.tidesport.org/_files/ugd/7d86e5_d4e81d551510470ab133adcdff26c44e.pdf,PDF p. 5; Head Coaches,The three African-American head coaches (nine percent of the total) in 2003 were:,
2023,2003,,head_coaches,black,9,percent,,primary,"The 2023 Racial and Gender Report Card: National Football League (TIDES, UCF)",https://www.tidesport.org/_files/ugd/326b62_f8ae68d67f744fdbba5962c84b43f3bf.pdf,"PDF p. 48; Appendix II, Table 2 (Head Coaches)","Appendix II, Table 2 (Head Coaches), row 2003: Black or African American 9.0% (n=3)",Retrospective appendix of the 2023 report (season-labelled rows). count = 3.
2023,2003,,head_coaches,white,91,percent,,primary,"The 2023 Racial and Gender Report Card: National Football League (TIDES, UCF)",https://www.tidesport.org/_files/ugd/326b62_f8ae68d67f744fdbba5962c84b43f3bf.pdf,"PDF p. 48; Appendix II, Table 2 (Head Coaches)","Appendix II, Table 2 (Head Coaches), row 2003: White 91.0% (n=29)",Retrospective appendix of the 2023 report (season-labelled rows). count = 29.
2004,2004,before start of 2004 season,head_coaches,black,16,percent,,primary,"The 2004 Racial and Gender Report Card: National Football League (TIDES, UCF)",https://www.tidesport.org/_files/ugd/7d86e5_d4e81d551510470ab133adcdff26c44e.pdf,PDF p. 6; Head Coaches,The percentage of African-American head coaches grew to 16 percent before the start of the 2004 season,
2005,2004,,head_coaches,black,3,count,,primary,"The 2005 Racial and Gender Report Card: National Football League (TIDES, UCF)",https://www.tidesport.org/_files/ugd/7d86e5_9548089523184f6c8577f07fe91f5397.pdf,PDF p. 3; Report Highlights,The Rooney Rule has helped the NFL to double the number of African-American head coaches from three in 2004 to six in 2005.,"Conflicts with the 2004 report, which says African-American head coaches were 16% before the start of the 2004 season."
2004,2005,2005-05-15,head_coaches,black,6,count,,primary,"The 2004 Racial and Gender Report Card: National Football League (TIDES, UCF)",https://www.tidesport.org/_files/ugd/7d86e5_d4e81d551510470ab133adcdff26c44e.pdf,PDF p. 6; Head Coaches,"After the 2005 Super Bowl, Romeo Crennel was hired as head coach of the Cleveland Browns, giving the NFL six African-American head coaches","After Super Bowl XXXIX (Feb. 2005), i.e., entering the 2005 season."
2005,2005,,head_coaches,black,6,count,,primary,"The 2005 Racial and Gender Report Card: National Football League (TIDES, UCF)",https://www.tidesport.org/_files/ugd/7d86e5_9548089523184f6c8577f07fe91f5397.pdf,PDF p. 3; Report Highlights,The Rooney Rule has helped the NFL to double the number of African-American head coaches from three in 2004 to six in 2005.,
2023,2005,,head_coaches,black,18.8,percent,,primary,"The 2023 Racial and Gender Report Card: National Football League (TIDES, UCF)",https://www.tidesport.org/_files/ugd/326b62_f8ae68d67f744fdbba5962c84b43f3bf.pdf,"PDF p. 48; Appendix II, Table 2 (Head Coaches)","Appendix II, Table 2 (Head Coaches), row 2005: Black or African American 18.8% (n=6)",Retrospective appendix of the 2023 report (season-labelled rows). count = 6.
2023,2005,,head_coaches,white,81.3,percent,,primary,"The 2023 Racial and Gender Report Card: National Football League (TIDES, UCF)",https://www.tidesport.org/_files/ugd/326b62_f8ae68d67f744fdbba5962c84b43f3bf.pdf,"PDF p. 48; Appendix II, Table 2 (Head Coaches)","Appendix II, Table 2 (Head Coaches), row 2005: White 81.3% (n=26)",Retrospective appendix of the 2023 report (season-labelled rows). count = 26.
2005,2006,2006-07-03,head_coaches,black,7,count,,primary,"The 2005 Racial and Gender Report Card: National Football League (TIDES, UCF)",https://www.tidesport.org/_files/ugd/7d86e5_9548089523184f6c8577f07fe91f5397.pdf,PDF p. 3; Report Highlights,bringing the total to an all-time record of seven African-American head coaches.,After Art Shell hired by Oakland for the 2006 season; listing as of July 2006.
2006,2006,,head_coaches,black,7,count,,primary,"The 2006 Racial and Gender Report Card: National Football League (TIDES, UCF)",https://www.tidesport.org/_files/ugd/7d86e5_7232193e48f64e90af2cdf09e65a8a94.pdf,PDF p. 5; Head Coaches,The seven NFL coaches in the 2006 season were:,African-American head coaches (list of seven).
2023,2006,,head_coaches,black,22,percent,,primary,"The 2023 Racial and Gender Report Card: National Football League (TIDES, UCF)",https://www.tidesport.org/_files/ugd/326b62_f8ae68d67f744fdbba5962c84b43f3bf.pdf,"PDF p. 48; Appendix II, Table 2 (Head Coaches)","Appendix II, Table 2 (Head Coaches), row 2006: Black or African American 22.0% (n=7)",Retrospective appendix of the 2023 report (season-labelled rows). count = 7.
2023,2006,,head_coaches,white,78,percent,,primary,"The 2023 Racial and Gender Report Card: National Football League (TIDES, UCF)",https://www.tidesport.org/_files/ugd/326b62_f8ae68d67f744fdbba5962c84b43f3bf.pdf,"PDF p. 48; Appendix II, Table 2 (Head Coaches)","Appendix II, Table 2 (Head Coaches), row 2006: White 78.0% (n=25)",Retrospective appendix of the 2023 report (season-labelled rows). count = 25.
2006,2007,2007-08-25,head_coaches,black,6,count,,primary,"The 2006 Racial and Gender Report Card: National Football League (TIDES, UCF)",https://www.tidesport.org/_files/ugd/7d86e5_7232193e48f64e90af2cdf09e65a8a94.pdf,PDF p. 6; Head Coaches,leaving six African-American head coaches at the start of the 2007 NFL season.,
2008,2007,,head_coaches,black,6,count,,primary,"The 2008 Racial and Gender Report Card: National Football League (TIDES, UCF)",https://www.tidesport.org/_files/ugd/7d86e5_6b3e09108aba4deb891cfbc7cac66b02.pdf,"PDF p. 3,6; Head Coaches",There were seven African-American head coaches in 2006 and six in both 2007 and 2008.,
2023,2007,,head_coaches,black,19,percent,,primary,"The 2023 Racial and Gender Report Card: National Football League (TIDES, UCF)",https://www.tidesport.org/_files/ugd/326b62_f8ae68d67f744fdbba5962c84b43f3bf.pdf,"PDF p. 48; Appendix II, Table 2 (Head Coaches)","Appendix II, Table 2 (Head Coaches), row 2007: Black or African American 19.0% (n=6)",Retrospective appendix of the 2023 report (season-labelled rows). count = 6.
2023,2007,,head_coaches,white,81,percent,,primary,"The 2023 Racial and Gender Report Card: National Football League (TIDES, UCF)",https://www.tidesport.org/_files/ugd/326b62_f8ae68d67f744fdbba5962c84b43f3bf.pdf,"PDF p. 48; Appendix II, Table 2 (Head Coaches)","Appendix II, Table 2 (Head Coaches), row 2007: White 81.0% (n=26)",Retrospective appendix of the 2023 report (season-labelled rows). count = 26.
2008,2008,2008-08-25,head_coaches,black,6,count,,primary,"The 2008 Racial and Gender Report Card: National Football League (TIDES, UCF)",https://www.tidesport.org/_files/ugd/7d86e5_6b3e09108aba4deb891cfbc7cac66b02.pdf,"PDF p. 3,6; Head Coaches",There were seven African-American head coaches in 2006 and six in both 2007 and 2008.,
2023,2008,,head_coaches,black,19,percent,,primary,"The 2023 Racial and Gender Report Card: National Football League (TIDES, UCF)",https://www.tidesport.org/_files/ugd/326b62_f8ae68d67f744fdbba5962c84b43f3bf.pdf,"PDF p. 48; Appendix II, Table 2 (Head Coaches)","Appendix II, Table 2 (Head Coaches), row 2008: Black or African American 19.0% (n=6)",Retrospective appendix of the 2023 report (season-labelled rows). count = 6.
2023,2008,,head_coaches,white,81,percent,,primary,"The 2023 Racial and Gender Report Card: National Football League (TIDES, UCF)",https://www.tidesport.org/_files/ugd/326b62_f8ae68d67f744fdbba5962c84b43f3bf.pdf,"PDF p. 48; Appendix II, Table 2 (Head Coaches)","Appendix II, Table 2 (Head Coaches), row 2008: White 81.0% (n=26)",Retrospective appendix of the 2023 report (season-labelled rows). count = 26.
2009,2009,2009-08-01,head_coaches,black,6,count,,primary,"The 2009 Racial and Gender Report Card: National Football League (TIDES, UCF)",https://www.tidesport.org/_files/ugd/7d86e5_45094cb7ae7544be9b7babc6cc0a63ed.pdf,PDF p. 7; Head Coaches,There were six African-American head coaches at the start of the 2009 season:,
2023,2009,,head_coaches,black,19,percent,,primary,"The 2023 Racial and Gender Report Card: National Football League (TIDES, UCF)",https://www.tidesport.org/_files/ugd/326b62_f8ae68d67f744fdbba5962c84b43f3bf.pdf,"PDF p. 48; Appendix II, Table 2 (Head Coaches)","Appendix II, Table 2 (Head Coaches), row 2009: Black or African American 19.0% (n=6)",Retrospective appendix of the 2023 report (season-labelled rows). count = 6.
2023,2009,,head_coaches,white,81,percent,,primary,"The 2023 Racial and Gender Report Card: National Football League (TIDES, UCF)",https://www.tidesport.org/_files/ugd/326b62_f8ae68d67f744fdbba5962c84b43f3bf.pdf,"PDF p. 48; Appendix II, Table 2 (Head Coaches)","Appendix II, Table 2 (Head Coaches), row 2009: White 81.0% (n=26)",Retrospective appendix of the 2023 report (season-labelled rows). count = 26.
2010,2010,2010-08-01,head_coaches,black,6,count,,primary,"The 2010 Racial and Gender Report Card: National Football League (TIDES, UCF)",https://www.tidesport.org/_files/ugd/7d86e5_bdd6b1a988ef46d08cc23d64293b611c.pdf,PDF p. 6; Head Coaches,"There were six African-American head coaches at the start of the 2010 season, the same six who started the 2009 season:",
2023,2010,,head_coaches,black,19,percent,,primary,"The 2023 Racial and Gender Report Card: National Football League (TIDES, UCF)",https://www.tidesport.org/_files/ugd/326b62_f8ae68d67f744fdbba5962c84b43f3bf.pdf,"PDF p. 48; Appendix II, Table 2 (Head Coaches)","Appendix II, Table 2 (Head Coaches), row 2010: Black or African American 19.0% (n=6)",Retrospective appendix of the 2023 report (season-labelled rows). count = 6.
2023,2010,,head_coaches,white,81,percent,,primary,"The 2023 Racial and Gender Report Card: National Football League (TIDES, UCF)",https://www.tidesport.org/_files/ugd/326b62_f8ae68d67f744fdbba5962c84b43f3bf.pdf,"PDF p. 48; Appendix II, Table 2 (Head Coaches)","Appendix II, Table 2 (Head Coaches), row 2010: White 81.0% (n=26)",Retrospective appendix of the 2023 report (season-labelled rows). count = 26.
2011,2011,2011-09-01,head_coaches,black,7,count,,primary,"The 2011 Racial and Gender Report Card: National Football League (TIDES, UCF)",https://www.tidesport.org/_files/ugd/7d86e5_a8bf63c80f4947118f37f73d32f40737.pdf,PDF p. 8; Head Coaches,"There were seven African-American head coaches at the start of the 2011 season, up one from 2010.",
2011,2011,2011-09-01,head_coaches,latino,1,count,,primary,"The 2011 Racial and Gender Report Card: National Football League (TIDES, UCF)",https://www.tidesport.org/_files/ugd/7d86e5_a8bf63c80f4947118f37f73d32f40737.pdf,PDF p. 8; Head Coaches,Ron Rivera was the only Latino head coach in 2011.,Count 1 = 'the only Latino head coach'.
2011,2011,2011-09-01,head_coaches,people_of_color,8,count,,primary,"The 2011 Racial and Gender Report Card: National Football League (TIDES, UCF)",https://www.tidesport.org/_files/ugd/7d86e5_a8bf63c80f4947118f37f73d32f40737.pdf,"PDF p. 3,8; Head Coaches",There were eight people of color as head coaches at the start of the 2011 NFL season.,
2023,2011,,head_coaches,black,22,percent,,primary,"The 2023 Racial and Gender Report Card: National Football League (TIDES, UCF)",https://www.tidesport.org/_files/ugd/326b62_f8ae68d67f744fdbba5962c84b43f3bf.pdf,"PDF p. 48; Appendix II, Table 2 (Head Coaches)","Appendix II, Table 2 (Head Coaches), row 2011: Black or African American 22.0% (n=7)",Retrospective appendix of the 2023 report (season-labelled rows). count = 7.
2023,2011,,head_coaches,latino,3,percent,,primary,"The 2023 Racial and Gender Report Card: National Football League (TIDES, UCF)",https://www.tidesport.org/_files/ugd/326b62_f8ae68d67f744fdbba5962c84b43f3bf.pdf,"PDF p. 48; Appendix II, Table 2 (Head Coaches)","Appendix II, Table 2 (Head Coaches), row 2011: Hispanic or Latino(a) 3.0% (n=1)",Retrospective appendix of the 2023 report (season-labelled rows). count = 1.
2023,2011,,head_coaches,white,75,percent,,primary,"The 2023 Racial and Gender Report Card: National Football League (TIDES, UCF)",https://www.tidesport.org/_files/ugd/326b62_f8ae68d67f744fdbba5962c84b43f3bf.pdf,"PDF p. 48; Appendix II, Table 2 (Head Coaches)","Appendix II, Table 2 (Head Coaches), row 2011: White 75.0% (n=24)",Retrospective appendix of the 2023 report (season-labelled rows). count = 24.
2012,2012,2012-09-01,head_coaches,black,5,count,,primary,"The 2012 Racial and Gender Report Card: National Football League (TIDES, UCF)",https://www.tidesport.org/_files/ugd/7d86e5_888d1dd1047441cca0b8a9e300dc1f94.pdf,PDF p. 6; Head Coaches,"There were five African-American head coaches at the start of the 2012 season, down two from 2011.",
2012,2012,2012-09-01,head_coaches,people_of_color,6,count,,primary,"The 2012 Racial and Gender Report Card: National Football League (TIDES, UCF)",https://www.tidesport.org/_files/ugd/7d86e5_888d1dd1047441cca0b8a9e300dc1f94.pdf,PDF p. 6; Head Coaches,There were six people of color as head coaches at the start of the 2012 NFL season.,
2013,2012,,head_coaches,people_of_color,6,count,,primary,"The 2013 Racial and Gender Report Card: National Football League (TIDES, UCF)",https://www.tidesport.org/_files/ugd/7d86e5_cdc71c7a4cf540118817b7fce8f040db.pdf,PDF p. 6; Head Coaches,"In 2012, there were six people of color in head coaching positions.",
2023,2012,,head_coaches,black,16,percent,,primary,"The 2023 Racial and Gender Report Card: National Football League (TIDES, UCF)",https://www.tidesport.org/_files/ugd/326b62_f8ae68d67f744fdbba5962c84b43f3bf.pdf,"PDF p. 48; Appendix II, Table 2 (Head Coaches)","Appendix II, Table 2 (Head Coaches), row 2012: Black or African American 16.0% (n=5)",Retrospective appendix of the 2023 report (season-labelled rows). count = 5.
2023,2012,,head_coaches,latino,3,percent,,primary,"The 2023 Racial and Gender Report Card: National Football League (TIDES, UCF)",https://www.tidesport.org/_files/ugd/326b62_f8ae68d67f744fdbba5962c84b43f3bf.pdf,"PDF p. 48; Appendix II, Table 2 (Head Coaches)","Appendix II, Table 2 (Head Coaches), row 2012: Hispanic or Latino(a) 3.0% (n=1)",Retrospective appendix of the 2023 report (season-labelled rows). count = 1.
2023,2012,,head_coaches,white,81,percent,,primary,"The 2023 Racial and Gender Report Card: National Football League (TIDES, UCF)",https://www.tidesport.org/_files/ugd/326b62_f8ae68d67f744fdbba5962c84b43f3bf.pdf,"PDF p. 48; Appendix II, Table 2 (Head Coaches)","Appendix II, Table 2 (Head Coaches), row 2012: White 81.0% (n=26)",Retrospective appendix of the 2023 report (season-labelled rows). count = 26.
2013,2013,2013-09-01,head_coaches,black,3,count,,primary,"The 2013 Racial and Gender Report Card: National Football League (TIDES, UCF)",https://www.tidesport.org/_files/ugd/7d86e5_cdc71c7a4cf540118817b7fce8f040db.pdf,PDF p. 7; Head Coaches,"There were three African-American head coaches at the start of the 2013 season, down two from five at the beginning of 2012.",
2013,2013,2013-09-01,head_coaches,people_of_color,4,count,,primary,"The 2013 Racial and Gender Report Card: National Football League (TIDES, UCF)",https://www.tidesport.org/_files/ugd/7d86e5_cdc71c7a4cf540118817b7fce8f040db.pdf,PDF p. 6; Head Coaches,There were four people of color as head coaches at the start of the 2013 NFL season.,
2023,2013,,head_coaches,black,9,percent,,primary,"The 2023 Racial and Gender Report Card: National Football League (TIDES, UCF)",https://www.tidesport.org/_files/ugd/326b62_f8ae68d67f744fdbba5962c84b43f3bf.pdf,"PDF p. 48; Appendix II, Table 2 (Head Coaches)","Appendix II, Table 2 (Head Coaches), row 2013: Black or African American 9.0% (n=3)",Retrospective appendix of the 2023 report (season-labelled rows). count = 3.
2023,2013,,head_coaches,latino,3,percent,,primary,"The 2023 Racial and Gender Report Card: National Football League (TIDES, UCF)",https://www.tidesport.org/_files/ugd/326b62_f8ae68d67f744fdbba5962c84b43f3bf.pdf,"PDF p. 48; Appendix II, Table 2 (Head Coaches)","Appendix II, Table 2 (Head Coaches), row 2013: Hispanic or Latino(a) 3.0% (n=1)",Retrospective appendix of the 2023 report (season-labelled rows). count = 1.
2023,2013,,head_coaches,white,88,percent,,primary,"The 2023 Racial and Gender Report Card: National Football League (TIDES, UCF)",https://www.tidesport.org/_files/ugd/326b62_f8ae68d67f744fdbba5962c84b43f3bf.pdf,"PDF p. 48; Appendix II, Table 2 (Head Coaches)","Appendix II, Table 2 (Head Coaches), row 2013: White 88.0% (n=28)",Retrospective appendix of the 2023 report (season-labelled rows). count = 28.
2014,2014,2014-07-29,head_coaches,black,4,count,,primary,"The 2014 Racial and Gender Report Card: National Football League (TIDES, UCF)",https://www.tidesport.org/_files/ugd/7d86e5_72d723866ba848a3886212e393822840.pdf,PDF p. 7; Head Coaches,"There were four African-American head coaches at the start of the 2014 season, increasing from three at the beginning of the 2013 season.",
2014,2014,2014-07-29,head_coaches,people_of_color,5,count,,primary,"The 2014 Racial and Gender Report Card: National Football League (TIDES, UCF)",https://www.tidesport.org/_files/ugd/7d86e5_72d723866ba848a3886212e393822840.pdf,PDF p. 2; Executive Summary,two coaches of color were hired resulting in five people of color as head coaches at the start of the 2014 NFL season.,
2023,2014,,head_coaches,black,12.5,percent,,primary,"The 2023 Racial and Gender Report Card: National Football League (TIDES, UCF)",https://www.tidesport.org/_files/ugd/326b62_f8ae68d67f744fdbba5962c84b43f3bf.pdf,"PDF p. 48; Appendix II, Table 2 (Head Coaches)","Appendix II, Table 2 (Head Coaches), row 2014: Black or African American 12.5% (n=4)",Retrospective appendix of the 2023 report (season-labelled rows). count = 4.
2023,2014,,head_coaches,latino,3.1,percent,,primary,"The 2023 Racial and Gender Report Card: National Football League (TIDES, UCF)",https://www.tidesport.org/_files/ugd/326b62_f8ae68d67f744fdbba5962c84b43f3bf.pdf,"PDF p. 48; Appendix II, Table 2 (Head Coaches)","Appendix II, Table 2 (Head Coaches), row 2014: Hispanic or Latino(a) 3.1% (n=1)",Retrospective appendix of the 2023 report (season-labelled rows). count = 1.
2023,2014,,head_coaches,white,84.4,percent,,primary,"The 2023 Racial and Gender Report Card: National Football League (TIDES, UCF)",https://www.tidesport.org/_files/ugd/326b62_f8ae68d67f744fdbba5962c84b43f3bf.pdf,"PDF p. 48; Appendix II, Table 2 (Head Coaches)","Appendix II, Table 2 (Head Coaches), row 2014: White 84.4% (n=27)",Retrospective appendix of the 2023 report (season-labelled rows). count = 27.
2015,2015,2015-08-21,head_coaches,black,5,count,,primary,"The 2015 Racial and Gender Report Card: National Football League (TIDES, UCF)",https://www.tidesport.org/_files/ugd/a4ad0c_96113214204e492b986abb8549e85ce2.pdf,PDF p. 7; Head Coaches,"There were five African-American head coaches at the start of the 2015 season, increasing from four at the beginning of the 2014 season.",
2015,2015,2015-08-21,head_coaches,people_of_color,6,count,,primary,"The 2015 Racial and Gender Report Card: National Football League (TIDES, UCF)",https://www.tidesport.org/_files/ugd/a4ad0c_96113214204e492b986abb8549e85ce2.pdf,"PDF p. 2,7; Head Coaches",resulting in six people of color as head coaches at the start of the 2015 NFL season.,
2016,2015,,head_coaches,people_of_color,6,count,,primary,"The 2016 Racial and Gender Report Card: National Football League (TIDES, UCF)",https://www.tidesport.org/_files/ugd/a4ad0c_83cebda86fed4f8a820adcb3af3d71d8.pdf,PDF p. 8; Head Coaches,The six head coaches of color in the 2015 season were:,
2023,2015,,head_coaches,black,15.6,percent,,primary,"The 2023 Racial and Gender Report Card: National Football League (TIDES, UCF)",https://www.tidesport.org/_files/ugd/326b62_f8ae68d67f744fdbba5962c84b43f3bf.pdf,"PDF p. 48; Appendix II, Table 2 (Head Coaches)","Appendix II, Table 2 (Head Coaches), row 2015: Black or African American 15.6% (n=5)",Retrospective appendix of the 2023 report (season-labelled rows). count = 5.
2023,2015,,head_coaches,latino,3.1,percent,,primary,"The 2023 Racial and Gender Report Card: National Football League (TIDES, UCF)",https://www.tidesport.org/_files/ugd/326b62_f8ae68d67f744fdbba5962c84b43f3bf.pdf,"PDF p. 48; Appendix II, Table 2 (Head Coaches)","Appendix II, Table 2 (Head Coaches), row 2015: Hispanic or Latino(a) 3.1% (n=1)",Retrospective appendix of the 2023 report (season-labelled rows). count = 1.
2023,2015,,head_coaches,white,81.3,percent,,primary,"The 2023 Racial and Gender Report Card: National Football League (TIDES, UCF)",https://www.tidesport.org/_files/ugd/326b62_f8ae68d67f744fdbba5962c84b43f3bf.pdf,"PDF p. 48; Appendix II, Table 2 (Head Coaches)","Appendix II, Table 2 (Head Coaches), row 2015: White 81.3% (n=26)",Retrospective appendix of the 2023 report (season-labelled rows). count = 26.
2016,2016,2016-08,head_coaches,black,5,count,,primary,"The 2016 Racial and Gender Report Card: National Football League (TIDES, UCF)",https://www.tidesport.org/_files/ugd/a4ad0c_83cebda86fed4f8a820adcb3af3d71d8.pdf,PDF p. 8; Head Coaches,There were five African-American head coaches at the start of the 2016 season,
2016,2016,2016-08,head_coaches,people_of_color,6,count,,primary,"The 2016 Racial and Gender Report Card: National Football League (TIDES, UCF)",https://www.tidesport.org/_files/ugd/a4ad0c_83cebda86fed4f8a820adcb3af3d71d8.pdf,PDF p. 8; Head Coaches,resulting in six head coaches of color at the start of the 2016 NFL season.,
2023,2016,,head_coaches,black,15.6,percent,,primary,"The 2023 Racial and Gender Report Card: National Football League (TIDES, UCF)",https://www.tidesport.org/_files/ugd/326b62_f8ae68d67f744fdbba5962c84b43f3bf.pdf,"PDF p. 48; Appendix II, Table 2 (Head Coaches)","Appendix II, Table 2 (Head Coaches), row 2016: Black or African American 15.6% (n=5)",Retrospective appendix of the 2023 report (season-labelled rows). count = 5.
2023,2016,,head_coaches,latino,3.1,percent,,primary,"The 2023 Racial and Gender Report Card: National Football League (TIDES, UCF)",https://www.tidesport.org/_files/ugd/326b62_f8ae68d67f744fdbba5962c84b43f3bf.pdf,"PDF p. 48; Appendix II, Table 2 (Head Coaches)","Appendix II, Table 2 (Head Coaches), row 2016: Hispanic or Latino(a) 3.1% (n=1)",Retrospective appendix of the 2023 report (season-labelled rows). count = 1.
2023,2016,,head_coaches,white,81.3,percent,,primary,"The 2023 Racial and Gender Report Card: National Football League (TIDES, UCF)",https://www.tidesport.org/_files/ugd/326b62_f8ae68d67f744fdbba5962c84b43f3bf.pdf,"PDF p. 48; Appendix II, Table 2 (Head Coaches)","Appendix II, Table 2 (Head Coaches), row 2016: White 81.3% (n=26)",Retrospective appendix of the 2023 report (season-labelled rows). count = 26.
2017,2017,2017-09,head_coaches,black,7,count,,primary,"The 2017 Racial and Gender Report Card: National Football League (TIDES, UCF)",https://www.tidesport.org/_files/ugd/a4ad0c_f71f36ac32b04656859ea5618ee957cc.pdf,PDF p. 8; Head Coaches,"There were seven African-American head coaches at the start of the 2017 season, two more than the beginning of the 2016 season.",
2017,2017,2017-09,head_coaches,people_of_color,8,count,,primary,"The 2017 Racial and Gender Report Card: National Football League (TIDES, UCF)",https://www.tidesport.org/_files/ugd/a4ad0c_f71f36ac32b04656859ea5618ee957cc.pdf,PDF p. 8; Head Coaches,with eight head coaches who were people of color at the start of the 2017 season.,
2023,2017,,head_coaches,black,21.9,percent,,primary,"The 2023 Racial and Gender Report Card: National Football League (TIDES, UCF)",https://www.tidesport.org/_files/ugd/326b62_f8ae68d67f744fdbba5962c84b43f3bf.pdf,"PDF p. 48; Appendix II, Table 2 (Head Coaches)","Appendix II, Table 2 (Head Coaches), row 2017: Black or African American 21.9% (n=7)",Retrospective appendix of the 2023 report (season-labelled rows). count = 7.
2023,2017,,head_coaches,latino,3.1,percent,,primary,"The 2023 Racial and Gender Report Card: National Football League (TIDES, UCF)",https://www.tidesport.org/_files/ugd/326b62_f8ae68d67f744fdbba5962c84b43f3bf.pdf,"PDF p. 48; Appendix II, Table 2 (Head Coaches)","Appendix II, Table 2 (Head Coaches), row 2017: Hispanic or Latino(a) 3.1% (n=1)",Retrospective appendix of the 2023 report (season-labelled rows). count = 1.
2023,2017,,head_coaches,white,75,percent,,primary,"The 2023 Racial and Gender Report Card: National Football League (TIDES, UCF)",https://www.tidesport.org/_files/ugd/326b62_f8ae68d67f744fdbba5962c84b43f3bf.pdf,"PDF p. 48; Appendix II, Table 2 (Head Coaches)","Appendix II, Table 2 (Head Coaches), row 2017: White 75.0% (n=24)",Retrospective appendix of the 2023 report (season-labelled rows). count = 24.
2018,2018,2018-12,head_coaches,black,7,count,,primary,"The 2018 Racial and Gender Report Card: National Football League (TIDES, UCF)",https://www.tidesport.org/_files/ugd/7d86e5_4a7afdf9bf414bffa46b3a099bf8c9f5.pdf,PDF p. 14; Head Coaches,There were seven African-American head coaches at the start of the 2018 season.,
2018,2018,2018-12,head_coaches,people_of_color,8,count,,primary,"The 2018 Racial and Gender Report Card: National Football League (TIDES, UCF)",https://www.tidesport.org/_files/ugd/7d86e5_4a7afdf9bf414bffa46b3a099bf8c9f5.pdf,PDF p. 14; Head Coaches,with eight head coaches who were people of color at the start of the 2018 season.,
2019,2018,,head_coaches,black,21.9,percent,,primary,"The 2019 Racial and Gender Report Card: National Football League (TIDES, UCF)",https://www.tidesport.org/_files/ugd/7d86e5_5af5faf45ba7443da733f900f54638b4.pdf,PDF p. 11; Head Coaches,African-Americans in head coaching positions dropped from 21.9 percent in 2018 to 9.4 percent in 2019,
2019,2018,,head_coaches,people_of_color,25,percent,,primary,"The 2019 Racial and Gender Report Card: National Football League (TIDES, UCF)",https://www.tidesport.org/_files/ugd/7d86e5_5af5faf45ba7443da733f900f54638b4.pdf,PDF p. 11; Head Coaches,corresponding with a drop in total head coaches of color from 25 percent in 2018 to 12.5 percent in 2019.,
2023,2018,,head_coaches,black,21.9,percent,,primary,"The 2023 Racial and Gender Report Card: National Football League (TIDES, UCF)",https://www.tidesport.org/_files/ugd/326b62_f8ae68d67f744fdbba5962c84b43f3bf.pdf,"PDF p. 48; Appendix II, Table 2 (Head Coaches)","Appendix II, Table 2 (Head Coaches), row 2018: Black or African American 21.9% (n=7)",Retrospective appendix of the 2023 report (season-labelled rows). count = 7.
2023,2018,,head_coaches,latino,3.1,percent,,primary,"The 2023 Racial and Gender Report Card: National Football League (TIDES, UCF)",https://www.tidesport.org/_files/ugd/326b62_f8ae68d67f744fdbba5962c84b43f3bf.pdf,"PDF p. 48; Appendix II, Table 2 (Head Coaches)","Appendix II, Table 2 (Head Coaches), row 2018: Hispanic or Latino(a) 3.1% (n=1)",Retrospective appendix of the 2023 report (season-labelled rows). count = 1.
2023,2018,,head_coaches,white,75,percent,,primary,"The 2023 Racial and Gender Report Card: National Football League (TIDES, UCF)",https://www.tidesport.org/_files/ugd/326b62_f8ae68d67f744fdbba5962c84b43f3bf.pdf,"PDF p. 48; Appendix II, Table 2 (Head Coaches)","Appendix II, Table 2 (Head Coaches), row 2018: White 75.0% (n=24)",Retrospective appendix of the 2023 report (season-labelled rows). count = 24.
2019,2019,2019-09,head_coaches,black,3,count,,primary,"The 2019 Racial and Gender Report Card: National Football League (TIDES, UCF)",https://www.tidesport.org/_files/ugd/7d86e5_5af5faf45ba7443da733f900f54638b4.pdf,PDF p. 11; Head Coaches,There were three African-American head coaches at the start of the 2019 season.,
2019,2019,2019-09,head_coaches,black,9.4,percent,,primary,"The 2019 Racial and Gender Report Card: National Football League (TIDES, UCF)",https://www.tidesport.org/_files/ugd/7d86e5_5af5faf45ba7443da733f900f54638b4.pdf,PDF p. 11; Head Coaches,African-Americans in head coaching positions dropped from 21.9 percent in 2018 to 9.4 percent in 2019,
2019,2019,2019-09,head_coaches,people_of_color,4,count,,primary,"The 2019 Racial and Gender Report Card: National Football League (TIDES, UCF)",https://www.tidesport.org/_files/ugd/7d86e5_5af5faf45ba7443da733f900f54638b4.pdf,PDF p. 11; Head Coaches,There were four people of color that held head coaching positions to start the 2019 NFL season.,
2019,2019,2019-09,head_coaches,people_of_color,12.5,percent,,primary,"The 2019 Racial and Gender Report Card: National Football League (TIDES, UCF)",https://www.tidesport.org/_files/ugd/7d86e5_5af5faf45ba7443da733f900f54638b4.pdf,PDF p. 11; Head Coaches,corresponding with a drop in total head coaches of color from 25 percent in 2018 to 12.5 percent in 2019.,
2023,2019,,head_coaches,latino,3.1,percent,,primary,"The 2023 Racial and Gender Report Card: National Football League (TIDES, UCF)",https://www.tidesport.org/_files/ugd/326b62_f8ae68d67f744fdbba5962c84b43f3bf.pdf,"PDF p. 48; Appendix II, Table 2 (Head Coaches)","Appendix II, Table 2 (Head Coaches), row 2019: Hispanic or Latino(a) 3.1% (n=1)",Retrospective appendix of the 2023 report (season-labelled rows). count = 1.
2020,2020,2020-09,head_coaches,black,9.4,percent,,primary,"The 2020 Racial and Gender Report Card: National Football League (TIDES, UCF)",https://www.tidesport.org/_files/ugd/138a69_8715a573a51742ce95dddeb0461cfc82.pdf,PDF p. 10; Head Coaches,Black or African-Americans in head coaching positions dropped from 21.9 percent in 2018 to 9.4 percent in 2019 and remained 9.4 percent in 2020.,
2020,2020,2020-09,head_coaches,people_of_color,4,count,,primary,"The 2020 Racial and Gender Report Card: National Football League (TIDES, UCF)",https://www.tidesport.org/_files/ugd/138a69_8715a573a51742ce95dddeb0461cfc82.pdf,PDF p. 10; Head Coaches,There were four people of color that held head coaching positions to start the 2020 NFL season.,"By week six, two Black interim head coaches were named (Raheem Morris, Romeo Crennel), giving six head coaches of color in 2020."
2020,2020,2020-09,head_coaches,people_of_color,12.5,percent,,primary,"The 2020 Racial and Gender Report Card: National Football League (TIDES, UCF)",https://www.tidesport.org/_files/ugd/138a69_8715a573a51742ce95dddeb0461cfc82.pdf,PDF p. 10; Head Coaches,Total head coaches of color have dropped from 25 percent in 2018 to 12.5 percent in 2020.,
2023,2020,,head_coaches,black,9.4,percent,,primary,"The 2023 Racial and Gender Report Card: National Football League (TIDES, UCF)",https://www.tidesport.org/_files/ugd/326b62_f8ae68d67f744fdbba5962c84b43f3bf.pdf,"PDF p. 48; Appendix II, Table 2 (Head Coaches)","Appendix II, Table 2 (Head Coaches), row 2020: Black or African American 9.4% (n=3)",Retrospective appendix of the 2023 report (season-labelled rows). count = 3.
2023,2020,,head_coaches,latino,3.1,percent,,primary,"The 2023 Racial and Gender Report Card: National Football League (TIDES, UCF)",https://www.tidesport.org/_files/ugd/326b62_f8ae68d67f744fdbba5962c84b43f3bf.pdf,"PDF p. 48; Appendix II, Table 2 (Head Coaches)","Appendix II, Table 2 (Head Coaches), row 2020: Hispanic or Latino(a) 3.1% (n=1)",Retrospective appendix of the 2023 report (season-labelled rows). count = 1.
2023,2020,,head_coaches,white,87.5,percent,,primary,"The 2023 Racial and Gender Report Card: National Football League (TIDES, UCF)",https://www.tidesport.org/_files/ugd/326b62_f8ae68d67f744fdbba5962c84b43f3bf.pdf,"PDF p. 48; Appendix II, Table 2 (Head Coaches)","Appendix II, Table 2 (Head Coaches), row 2020: White 87.5% (n=28)",Retrospective appendix of the 2023 report (season-labelled rows). count = 28.
2021,2021,2021-09,head_coaches,black,9.4,percent,,primary,"The 2021 Racial and Gender Report Card: National Football League (TIDES, UCF)",https://www.tidesport.org/_files/ugd/326b62_5afc0093dedf4b53bdba964fa0c1eb0c.pdf,PDF p. 11; Head Coaches,The percentage of Black or African-American head coaches has remained at 9.4 percent for both the 2020 and 2021 NFL seasons.,
2021,2021,2021-09,head_coaches,people_of_color,5,count,,primary,"The 2021 Racial and Gender Report Card: National Football League (TIDES, UCF)",https://www.tidesport.org/_files/ugd/326b62_5afc0093dedf4b53bdba964fa0c1eb0c.pdf,PDF p. 11; Head Coaches,There were five people of color who held head coaching positions at the start of the 2021 NFL season.,
2021,2021,2021-09,head_coaches,people_of_color,15.6,percent,,primary,"The 2021 Racial and Gender Report Card: National Football League (TIDES, UCF)",https://www.tidesport.org/_files/ugd/326b62_5afc0093dedf4b53bdba964fa0c1eb0c.pdf,PDF p. 11; Head Coaches,The total number of NFL head coaches of color has increased from 12.5 percent in 2020 to 15.6 percent in 2021.,
2023,2021,,head_coaches,black,9.4,percent,,primary,"The 2023 Racial and Gender Report Card: National Football League (TIDES, UCF)",https://www.tidesport.org/_files/ugd/326b62_f8ae68d67f744fdbba5962c84b43f3bf.pdf,"PDF p. 48; Appendix II, Table 2 (Head Coaches)","Appendix II, Table 2 (Head Coaches), row 2021: Black or African American 9.4% (n=3)",Retrospective appendix of the 2023 report (season-labelled rows). count = 3.
2023,2021,,head_coaches,latino,3.1,percent,,primary,"The 2023 Racial and Gender Report Card: National Football League (TIDES, UCF)",https://www.tidesport.org/_files/ugd/326b62_f8ae68d67f744fdbba5962c84b43f3bf.pdf,"PDF p. 48; Appendix II, Table 2 (Head Coaches)","Appendix II, Table 2 (Head Coaches), row 2021: Hispanic or Latino(a) 3.1% (n=1)",Retrospective appendix of the 2023 report (season-labelled rows). count = 1.
2023,2021,,head_coaches,two_or_more_races,3.1,percent,,primary,"The 2023 Racial and Gender Report Card: National Football League (TIDES, UCF)",https://www.tidesport.org/_files/ugd/326b62_f8ae68d67f744fdbba5962c84b43f3bf.pdf,"PDF p. 48; Appendix II, Table 2 (Head Coaches)","Appendix II, Table 2 (Head Coaches), row 2021: Two or More Races 3.1% (n=1)",Retrospective appendix of the 2023 report (season-labelled rows). count = 1.
2023,2021,,head_coaches,white,84.4,percent,,primary,"The 2023 Racial and Gender Report Card: National Football League (TIDES, UCF)",https://www.tidesport.org/_files/ugd/326b62_f8ae68d67f744fdbba5962c84b43f3bf.pdf,"PDF p. 48; Appendix II, Table 2 (Head Coaches)","Appendix II, Table 2 (Head Coaches), row 2021: White 84.4% (n=27)",Retrospective appendix of the 2023 report (season-labelled rows). count = 27.
2022,2022,2022-08,head_coaches,black,9.4,percent,,primary,"The 2022 Racial and Gender Report Card: National Football League (TIDES, UCF)",https://www.tidesport.org/_files/ugd/ac4087_d74e4aa674334087b6c4506f6d353a48.pdf,PDF p. 11; Head Coaches,The percentage of Black or African-American head coaches has remained at 9.4 percent for both the 2021 and 2022 NFL seasons.,
2022,2022,2022-08,head_coaches,people_of_color,6,count,,primary,"The 2022 Racial and Gender Report Card: National Football League (TIDES, UCF)",https://www.tidesport.org/_files/ugd/ac4087_d74e4aa674334087b6c4506f6d353a48.pdf,PDF p. 11; Head Coaches,"There were six people of color, representing 18.8 percent of all NFL head coaches at the start of the 2022 NFL season.",
2022,2022,2022-08,head_coaches,people_of_color,18.8,percent,,primary,"The 2022 Racial and Gender Report Card: National Football League (TIDES, UCF)",https://www.tidesport.org/_files/ugd/ac4087_d74e4aa674334087b6c4506f6d353a48.pdf,PDF p. 11; Head Coaches,"There were six people of color, representing 18.8 percent of all NFL head coaches at the start of the 2022 NFL season.",
2022,2022,2022-11 (publication),head_coaches,people_of_color,21.9,percent,,primary,"The 2022 Racial and Gender Report Card: National Football League (TIDES, UCF)",https://www.tidesport.org/_files/ugd/ac4087_d74e4aa674334087b6c4506f6d353a48.pdf,PDF p. 11; Head Coaches,"As of the publication date of the 2022 NFL Racial and Gender Report Card, 21.9 percent of the NFL head coaches are coaches of color.",Includes in-season interim hire(s); not a season-start figure.
2023,2022,,head_coaches,black,9.4,percent,,primary,"The 2023 Racial and Gender Report Card: National Football League (TIDES, UCF)",https://www.tidesport.org/_files/ugd/326b62_f8ae68d67f744fdbba5962c84b43f3bf.pdf,"PDF p. 48; Appendix II, Table 2 (Head Coaches)","Appendix II, Table 2 (Head Coaches), row 2022: Black or African American 9.4% (n=3)",Retrospective appendix of the 2023 report (season-labelled rows). count = 3.
2023,2022,,head_coaches,latino,6.3,percent,,primary,"The 2023 Racial and Gender Report Card: National Football League (TIDES, UCF)",https://www.tidesport.org/_files/ugd/326b62_f8ae68d67f744fdbba5962c84b43f3bf.pdf,"PDF p. 48; Appendix II, Table 2 (Head Coaches)","Appendix II, Table 2 (Head Coaches), row 2022: Hispanic or Latino(a) 6.3% (n=1)",Retrospective appendix of the 2023 report (season-labelled rows). count = 1.
2023,2022,,head_coaches,two_or_more_races,3.1,percent,,primary,"The 2023 Racial and Gender Report Card: National Football League (TIDES, UCF)",https://www.tidesport.org/_files/ugd/326b62_f8ae68d67f744fdbba5962c84b43f3bf.pdf,"PDF p. 48; Appendix II, Table 2 (Head Coaches)","Appendix II, Table 2 (Head Coaches), row 2022: Two or More Races 3.1% (n=2)",Retrospective appendix of the 2023 report (season-labelled rows). count = 2.
2023,2022,,head_coaches,white,81.2,percent,,primary,"The 2023 Racial and Gender Report Card: National Football League (TIDES, UCF)",https://www.tidesport.org/_files/ugd/326b62_f8ae68d67f744fdbba5962c84b43f3bf.pdf,"PDF p. 48; Appendix II, Table 2 (Head Coaches)","Appendix II, Table 2 (Head Coaches), row 2022: White 81.2% (n=26)",Retrospective appendix of the 2023 report (season-labelled rows). count = 26.
2023,2023,2023-08,head_coaches,black,9.4,percent,,primary,"The 2023 Racial and Gender Report Card: National Football League (TIDES, UCF)",https://www.tidesport.org/_files/ugd/326b62_f8ae68d67f744fdbba5962c84b43f3bf.pdf,PDF p. 10; Head Coaches,"The percentage of Black or African-American head coaches has remained at 9.4 percent for both the 2021, 2022, and 2023 NFL seasons.",
2023,2023,,head_coaches,black,9.4,percent,,primary,"The 2023 Racial and Gender Report Card: National Football League (TIDES, UCF)",https://www.tidesport.org/_files/ugd/326b62_f8ae68d67f744fdbba5962c84b43f3bf.pdf,"PDF p. 48; Appendix II, Table 2 (Head Coaches)","Appendix II, Table 2 (Head Coaches), row 2023: Black or African American 9.4% (n=3)",Retrospective appendix of the 2023 report (season-labelled rows). count = 3.
2023,2023,,head_coaches,latino,3.1,percent,,primary,"The 2023 Racial and Gender Report Card: National Football League (TIDES, UCF)",https://www.tidesport.org/_files/ugd/326b62_f8ae68d67f744fdbba5962c84b43f3bf.pdf,"PDF p. 48; Appendix II, Table 2 (Head Coaches)","Appendix II, Table 2 (Head Coaches), row 2023: Hispanic or Latino(a) 3.1% (n=1)",Retrospective appendix of the 2023 report (season-labelled rows). count = 1.
2023,2023,,head_coaches,not_disclosed,3.1,percent,,primary,"The 2023 Racial and Gender Report Card: National Football League (TIDES, UCF)",https://www.tidesport.org/_files/ugd/326b62_f8ae68d67f744fdbba5962c84b43f3bf.pdf,"PDF p. 48; Appendix II, Table 2 (Head Coaches)","Appendix II, Table 2 (Head Coaches), row 2023: Not Disclosed 3.1% (n=1)",Retrospective appendix of the 2023 report (season-labelled rows). count = 1.
2023,2023,2023-08,head_coaches,people_of_color,6,count,,primary,"The 2023 Racial and Gender Report Card: National Football League (TIDES, UCF)",https://www.tidesport.org/_files/ugd/326b62_f8ae68d67f744fdbba5962c84b43f3bf.pdf,PDF p. 10; Head Coaches,"There were six people of color, representing 18.8 percent of all NFL head coaches at the start of the 2023 NFL season.",
2023,2023,2023-08,head_coaches,people_of_color,18.8,percent,,primary,"The 2023 Racial and Gender Report Card: National Football League (TIDES, UCF)",https://www.tidesport.org/_files/ugd/326b62_f8ae68d67f744fdbba5962c84b43f3bf.pdf,PDF p. 10; Head Coaches,"There were six people of color, representing 18.8 percent of all NFL head coaches at the start of the 2023 NFL season.",
2023,2023,2023-12 (publication),head_coaches,people_of_color,21.9,percent,,primary,"The 2023 Racial and Gender Report Card: National Football League (TIDES, UCF)",https://www.tidesport.org/_files/ugd/326b62_f8ae68d67f744fdbba5962c84b43f3bf.pdf,PDF p. 10; Head Coaches,"As of the publication date of the 2023 NFL Racial and Gender Report Card, 21.9 percent of the NFL head coaches are coaches of color.","Includes interim head coach Antonio Pierce (LV, named after week eight); not a season-start figure."
2023,2023,,head_coaches,two_or_more_races,6.3,percent,,primary,"The 2023 Racial and Gender Report Card: National Football League (TIDES, UCF)",https://www.tidesport.org/_files/ugd/326b62_f8ae68d67f744fdbba5962c84b43f3bf.pdf,"PDF p. 48; Appendix II, Table 2 (Head Coaches)","Appendix II, Table 2 (Head Coaches), row 2023: Two or More Races 6.3% (n=2)",Retrospective appendix of the 2023 report (season-labelled rows). count = 2.
2023,2023,,head_coaches,white,78.1,percent,,primary,"The 2023 Racial and Gender Report Card: National Football League (TIDES, UCF)",https://www.tidesport.org/_files/ugd/326b62_f8ae68d67f744fdbba5962c84b43f3bf.pdf,"PDF p. 48; Appendix II, Table 2 (Head Coaches)","Appendix II, Table 2 (Head Coaches), row 2023: White 78.1% (n=25)",Retrospective appendix of the 2023 report (season-labelled rows). count = 25.
2024,2024,2024-01-26,head_coaches,black,6,count,,secondary,"NFL reaches 'major milestone' with record nine minority head coaches in 2024 (Associated Press, via FOX Sports, Jan. 26, 2024)",https://www.foxsports.com/stories/nfl/nfl-reaches-major-milestone-with-record-nine-minority-head-coaches-in-2024,News article (AP),There are six Black head coaches entering 2024,"SECONDARY, not TIDES. Names: Morris, Mayo, Pierce, Tomlin, Bowles, Ryans."
2024,2024,2024-01-26,head_coaches,people_of_color,9,count,,secondary,"NFL reaches 'major milestone' with record nine minority head coaches in 2024 (Associated Press, via FOX Sports, Jan. 26, 2024)",https://www.foxsports.com/stories/nfl/nfl-reaches-major-milestone-with-record-nine-minority-head-coaches-in-2024,News article (AP),"bringing the number of coaches of color entering the 2024 season to nine, the most in league history.","SECONDARY, not TIDES: no TIDES NFL Racial and Gender Report Card for 2024 or 2025 was found. Count entering the 2024 season after the 2024 hiring cycle."
2023,1994,,assistant_coaches,black,23,percent,,primary,"The 2023 Racial and Gender Report Card: National Football League (TIDES, UCF)",https://www.tidesport.org/_files/ugd/326b62_f8ae68d67f744fdbba5962c84b43f3bf.pdf,"PDF p. 50; Appendix II, Table 4a (Assistant Coaches | Race)","Appendix II, Table 4a (Assistant Coaches | Race), row 1994: Black or African American 23.0% (n=73)",Retrospective appendix of the 2023 report (season-labelled rows). count = 73. Pre-2003 rows are retrospective and their 1999/2000 labels conflict with the 2001 RGRC text (see README).
2023,1994,,assistant_coaches,white,77,percent,,primary,"The 2023 Racial and Gender Report Card: National Football League (TIDES, UCF)",https://www.tidesport.org/_files/ugd/326b62_f8ae68d67f744fdbba5962c84b43f3bf.pdf,"PDF p. 50; Appendix II, Table 4a (Assistant Coaches | Race)","Appendix II, Table 4a (Assistant Coaches | Race), row 1994: White 77.0% (n=249)",Retrospective appendix of the 2023 report (season-labelled rows). count = 249. Pre-2003 rows are retrospective and their 1999/2000 labels conflict with the 2001 RGRC text (see README).
2023,1995,,assistant_coaches,black,23,percent,,primary,"The 2023 Racial and Gender Report Card: National Football League (TIDES, UCF)",https://www.tidesport.org/_files/ugd/326b62_f8ae68d67f744fdbba5962c84b43f3bf.pdf,"PDF p. 50; Appendix II, Table 4a (Assistant Coaches | Race)","Appendix II, Table 4a (Assistant Coaches | Race), row 1995: Black or African American 23.0% (n=88)",Retrospective appendix of the 2023 report (season-labelled rows). count = 88. Pre-2003 rows are retrospective and their 1999/2000 labels conflict with the 2001 RGRC text (see README).
2023,1995,,assistant_coaches,white,76,percent,,primary,"The 2023 Racial and Gender Report Card: National Football League (TIDES, UCF)",https://www.tidesport.org/_files/ugd/326b62_f8ae68d67f744fdbba5962c84b43f3bf.pdf,"PDF p. 50; Appendix II, Table 4a (Assistant Coaches | Race)","Appendix II, Table 4a (Assistant Coaches | Race), row 1995: White 76.0% (n=289)",Retrospective appendix of the 2023 report (season-labelled rows). count = 289. Pre-2003 rows are retrospective and their 1999/2000 labels conflict with the 2001 RGRC text (see README).
2023,1996,,assistant_coaches,black,25,percent,,primary,"The 2023 Racial and Gender Report Card: National Football League (TIDES, UCF)",https://www.tidesport.org/_files/ugd/326b62_f8ae68d67f744fdbba5962c84b43f3bf.pdf,"PDF p. 50; Appendix II, Table 4a (Assistant Coaches | Race)","Appendix II, Table 4a (Assistant Coaches | Race), row 1996: Black or African American 25.0% (n=102)",Retrospective appendix of the 2023 report (season-labelled rows). count = 102. Pre-2003 rows are retrospective and their 1999/2000 labels conflict with the 2001 RGRC text (see README).
2023,1996,,assistant_coaches,white,74,percent,,primary,"The 2023 Racial and Gender Report Card: National Football League (TIDES, UCF)",https://www.tidesport.org/_files/ugd/326b62_f8ae68d67f744fdbba5962c84b43f3bf.pdf,"PDF p. 50; Appendix II, Table 4a (Assistant Coaches | Race)","Appendix II, Table 4a (Assistant Coaches | Race), row 1996: White 74.0% (n=307)",Retrospective appendix of the 2023 report (season-labelled rows). count = 307. Pre-2003 rows are retrospective and their 1999/2000 labels conflict with the 2001 RGRC text (see README).
2023,1997,,assistant_coaches,black,26,percent,,primary,"The 2023 Racial and Gender Report Card: National Football League (TIDES, UCF)",https://www.tidesport.org/_files/ugd/326b62_f8ae68d67f744fdbba5962c84b43f3bf.pdf,"PDF p. 50; Appendix II, Table 4a (Assistant Coaches | Race)","Appendix II, Table 4a (Assistant Coaches | Race), row 1997: Black or African American 26.0% (n=113)",Retrospective appendix of the 2023 report (season-labelled rows). count = 113. Pre-2003 rows are retrospective and their 1999/2000 labels conflict with the 2001 RGRC text (see README).
2023,1997,,assistant_coaches,latino,1,percent,,primary,"The 2023 Racial and Gender Report Card: National Football League (TIDES, UCF)",https://www.tidesport.org/_files/ugd/326b62_f8ae68d67f744fdbba5962c84b43f3bf.pdf,"PDF p. 50; Appendix II, Table 4a (Assistant Coaches | Race)","Appendix II, Table 4a (Assistant Coaches | Race), row 1997: Hispanic or Latino(a) 1.0% (n=3)",Retrospective appendix of the 2023 report (season-labelled rows). count = 3. Pre-2003 rows are retrospective and their 1999/2000 labels conflict with the 2001 RGRC text (see README).
2023,1997,,assistant_coaches,white,73,percent,,primary,"The 2023 Racial and Gender Report Card: National Football League (TIDES, UCF)",https://www.tidesport.org/_files/ugd/326b62_f8ae68d67f744fdbba5962c84b43f3bf.pdf,"PDF p. 50; Appendix II, Table 4a (Assistant Coaches | Race)","Appendix II, Table 4a (Assistant Coaches | Race), row 1997: White 73.0% (n=311)",Retrospective appendix of the 2023 report (season-labelled rows). count = 311. Pre-2003 rows are retrospective and their 1999/2000 labels conflict with the 2001 RGRC text (see README).
2023,1999,,assistant_coaches,black,28,percent,,primary,"The 2023 Racial and Gender Report Card: National Football League (TIDES, UCF)",https://www.tidesport.org/_files/ugd/326b62_f8ae68d67f744fdbba5962c84b43f3bf.pdf,"PDF p. 50; Appendix II, Table 4a (Assistant Coaches | Race)","Appendix II, Table 4a (Assistant Coaches | Race), row 1999: Black or African American 28.0% (n=127)",Retrospective appendix of the 2023 report (season-labelled rows). count = 127. Pre-2003 rows are retrospective and their 1999/2000 labels conflict with the 2001 RGRC text (see README).
2023,1999,,assistant_coaches,white,72,percent,,primary,"The 2023 Racial and Gender Report Card: National Football League (TIDES, UCF)",https://www.tidesport.org/_files/ugd/326b62_f8ae68d67f744fdbba5962c84b43f3bf.pdf,"PDF p. 50; Appendix II, Table 4a (Assistant Coaches | Race)","Appendix II, Table 4a (Assistant Coaches | Race), row 1999: White 72.0% (n=330)",Retrospective appendix of the 2023 report (season-labelled rows). count = 330. Pre-2003 rows are retrospective and their 1999/2000 labels conflict with the 2001 RGRC text (see README).
2001,2000,,assistant_coaches,black,28,percent,,primary,The 2001 Racial and Gender Report Card (Lapchick with Matthews; all leagues),https://www.tidesport.org/_files/ugd/7d86e5_fff5f25555de4e0087a8078790afe2fc.pdf,PDF p. 33; Assistant Coaches,"At the start of the 2000 season in the NFL, whites held 72 percent and African-Americans held 28 percent of the assistant coaching positions.",Later TIDES appendix tables list 72%/28% (330/127) under 1999 (see README).
2001,2000,,assistant_coaches,white,72,percent,,primary,The 2001 Racial and Gender Report Card (Lapchick with Matthews; all leagues),https://www.tidesport.org/_files/ugd/7d86e5_fff5f25555de4e0087a8078790afe2fc.pdf,PDF p. 33; Assistant Coaches,"At the start of the 2000 season in the NFL, whites held 72 percent and African-Americans held 28 percent of the assistant coaching positions.",
2023,2001,,assistant_coaches,black,28,percent,,primary,"The 2023 Racial and Gender Report Card: National Football League (TIDES, UCF)",https://www.tidesport.org/_files/ugd/326b62_f8ae68d67f744fdbba5962c84b43f3bf.pdf,"PDF p. 50; Appendix II, Table 4a (Assistant Coaches | Race)","Appendix II, Table 4a (Assistant Coaches | Race), row 2001: Black or African American 28.0% (n=132)",Retrospective appendix of the 2023 report (season-labelled rows). count = 132.
2023,2001,,assistant_coaches,white,71,percent,,primary,"The 2023 Racial and Gender Report Card: National Football League (TIDES, UCF)",https://www.tidesport.org/_files/ugd/326b62_f8ae68d67f744fdbba5962c84b43f3bf.pdf,"PDF p. 50; Appendix II, Table 4a (Assistant Coaches | Race)","Appendix II, Table 4a (Assistant Coaches | Race), row 2001: White 71.0% (n=333)",Retrospective appendix of the 2023 report (season-labelled rows). count = 333.
2003,2002,,assistant_coaches,black,28,percent,,primary,"The 2003 Racial and Gender Report Card (TIDES, UCF; all leagues)",https://www.tidesport.org/_files/ugd/7d86e5_2b6a39fc09ce4fdfa47bbae7b94458de.pdf,PDF p. 32; Assistant Coaches,African-Americans remained the same at 28 percent.,Season labelled '2002 season' in text; later appendix lists 28% (132) under 2001. Treat season as ambiguous (2001 or 2002).
2003,2002,,assistant_coaches,latino,1,percent,,primary,"The 2003 Racial and Gender Report Card (TIDES, UCF; all leagues)",https://www.tidesport.org/_files/ugd/7d86e5_2b6a39fc09ce4fdfa47bbae7b94458de.pdf,PDF p. 32; Assistant Coaches,Latino's had one percent while there was one assistant coaching position being held by an Asian.,"Season ambiguous (2001 or 2002), see black row."
2003,2002,,assistant_coaches,white,71,percent,,primary,"The 2003 Racial and Gender Report Card (TIDES, UCF; all leagues)",https://www.tidesport.org/_files/ugd/7d86e5_2b6a39fc09ce4fdfa47bbae7b94458de.pdf,PDF p. 32; Assistant Coaches,The percentage of whites dropped from 72 to 71 percent.,"Paragraph says 'in the 2002 season', but the report states it covers the 2001 NFL season and the 2004/2005 NFL report appendices list 71%/28% under 2001."
2004,2003,,assistant_coaches,black,30,percent,,primary,"The 2004 Racial and Gender Report Card: National Football League (TIDES, UCF)",https://www.tidesport.org/_files/ugd/7d86e5_d4e81d551510470ab133adcdff26c44e.pdf,PDF p. 6; Assistant Coaches,"the percentage of whites dropped from 71 to 67 percent, while African-Americans increased from 28 to 30 percent",
2004,2003,,assistant_coaches,latino,2,percent,,primary,"The 2004 Racial and Gender Report Card: National Football League (TIDES, UCF)",https://www.tidesport.org/_files/ugd/7d86e5_d4e81d551510470ab133adcdff26c44e.pdf,PDF p. 6; Assistant Coaches,Latino's had two percent; there was one assistant coaching position being held by an Asian-American.,
2004,2003,,assistant_coaches,people_of_color,33,percent,,primary,"The 2004 Racial and Gender Report Card: National Football League (TIDES, UCF)",https://www.tidesport.org/_files/ugd/7d86e5_d4e81d551510470ab133adcdff26c44e.pdf,PDF p. 3; Report Highlights,Assistant coaches for race at 33 percent,Listed under 'The NFL led in the following categories'; refers to the 2003 season covered by the report.
2004,2003,,assistant_coaches,people_of_color,169,count,,primary,"The 2004 Racial and Gender Report Card: National Football League (TIDES, UCF)",https://www.tidesport.org/_files/ugd/7d86e5_d4e81d551510470ab133adcdff26c44e.pdf,PDF p. 6; Assistant Coaches,there were 173 assistant coaches of color (up from 169 in the 2003 season reviewed in this Racial and Gender Report,
2004,2003,,assistant_coaches,white,67,percent,,primary,"The 2004 Racial and Gender Report Card: National Football League (TIDES, UCF)",https://www.tidesport.org/_files/ugd/7d86e5_d4e81d551510470ab133adcdff26c44e.pdf,PDF p. 6; Assistant Coaches,"the percentage of whites dropped from 71 to 67 percent, while African-Americans increased from 28 to 30 percent",
2023,2003,,assistant_coaches,black,30,percent,,primary,"The 2023 Racial and Gender Report Card: National Football League (TIDES, UCF)",https://www.tidesport.org/_files/ugd/326b62_f8ae68d67f744fdbba5962c84b43f3bf.pdf,"PDF p. 50; Appendix II, Table 4a (Assistant Coaches | Race)","Appendix II, Table 4a (Assistant Coaches | Race), row 2003: Black or African American 30.0% (n=153)",Retrospective appendix of the 2023 report (season-labelled rows). count = 153.
2023,2003,,assistant_coaches,latino,2,percent,,primary,"The 2023 Racial and Gender Report Card: National Football League (TIDES, UCF)",https://www.tidesport.org/_files/ugd/326b62_f8ae68d67f744fdbba5962c84b43f3bf.pdf,"PDF p. 50; Appendix II, Table 4a (Assistant Coaches | Race)","Appendix II, Table 4a (Assistant Coaches | Race), row 2003: Hispanic or Latino(a) 2.0% (n=8)",Retrospective appendix of the 2023 report (season-labelled rows). count = 8.
2023,2003,,assistant_coaches,white,67,percent,,primary,"The 2023 Racial and Gender Report Card: National Football League (TIDES, UCF)",https://www.tidesport.org/_files/ugd/326b62_f8ae68d67f744fdbba5962c84b43f3bf.pdf,"PDF p. 50; Appendix II, Table 4a (Assistant Coaches | Race)","Appendix II, Table 4a (Assistant Coaches | Race), row 2003: White 67.0% (n=341)",Retrospective appendix of the 2023 report (season-labelled rows). count = 341.
2004,2004,2004 season,assistant_coaches,people_of_color,173,count,,primary,"The 2004 Racial and Gender Report Card: National Football League (TIDES, UCF)",https://www.tidesport.org/_files/ugd/7d86e5_d4e81d551510470ab133adcdff26c44e.pdf,PDF p. 6; Assistant Coaches,there were 173 assistant coaches of color (up from 169 in the 2003 season reviewed in this Racial and Gender Report,
2005,2005,,assistant_coaches,people_of_color,162,count,,primary,"The 2005 Racial and Gender Report Card: National Football League (TIDES, UCF)",https://www.tidesport.org/_files/ugd/7d86e5_9548089523184f6c8577f07fe91f5397.pdf,"PDF p. 3,6; Assistant Coaches","In the 2005 season, there were 162 assistant coaches of color, or 34 percent.",
2005,2005,,assistant_coaches,people_of_color,34,percent,,primary,"The 2005 Racial and Gender Report Card: National Football League (TIDES, UCF)",https://www.tidesport.org/_files/ugd/7d86e5_9548089523184f6c8577f07fe91f5397.pdf,"PDF p. 3,6; Assistant Coaches","In the 2005 season, there were 162 assistant coaches of color, or 34 percent.",
2005,2005,,assistant_coaches,white,66,percent,,primary,"The 2005 Racial and Gender Report Card: National Football League (TIDES, UCF)",https://www.tidesport.org/_files/ugd/7d86e5_9548089523184f6c8577f07fe91f5397.pdf,PDF p. 7; Assistant Coaches,the number of white assistant coaches dropped from 67 to 66 percent,
2023,2005,,assistant_coaches,asian,1,percent,,primary,"The 2023 Racial and Gender Report Card: National Football League (TIDES, UCF)",https://www.tidesport.org/_files/ugd/326b62_f8ae68d67f744fdbba5962c84b43f3bf.pdf,"PDF p. 50; Appendix II, Table 4a (Assistant Coaches | Race)","Appendix II, Table 4a (Assistant Coaches | Race), row 2005: Asian 1.0% (n=3)",Retrospective appendix of the 2023 report (season-labelled rows). count = 3.
2023,2005,,assistant_coaches,black,32,percent,,primary,"The 2023 Racial and Gender Report Card: National Football League (TIDES, UCF)",https://www.tidesport.org/_files/ugd/326b62_f8ae68d67f744fdbba5962c84b43f3bf.pdf,"PDF p. 50; Appendix II, Table 4a (Assistant Coaches | Race)","Appendix II, Table 4a (Assistant Coaches | Race), row 2005: Black or African American 32.0% (n=154)",Retrospective appendix of the 2023 report (season-labelled rows). count = 154.
2023,2005,,assistant_coaches,latino,1,percent,,primary,"The 2023 Racial and Gender Report Card: National Football League (TIDES, UCF)",https://www.tidesport.org/_files/ugd/326b62_f8ae68d67f744fdbba5962c84b43f3bf.pdf,"PDF p. 50; Appendix II, Table 4a (Assistant Coaches | Race)","Appendix II, Table 4a (Assistant Coaches | Race), row 2005: Hispanic or Latino(a) 1.0% (n=5)",Retrospective appendix of the 2023 report (season-labelled rows). count = 5.
2023,2005,,assistant_coaches,white,66,percent,,primary,"The 2023 Racial and Gender Report Card: National Football League (TIDES, UCF)",https://www.tidesport.org/_files/ugd/326b62_f8ae68d67f744fdbba5962c84b43f3bf.pdf,"PDF p. 50; Appendix II, Table 4a (Assistant Coaches | Race)","Appendix II, Table 4a (Assistant Coaches | Race), row 2005: White 66.0% (n=316)",Retrospective appendix of the 2023 report (season-labelled rows). count = 316.
2006,2006,,assistant_coaches,black,35,percent,,primary,"The 2006 Racial and Gender Report Card: National Football League (TIDES, UCF)",https://www.tidesport.org/_files/ugd/7d86e5_7232193e48f64e90af2cdf09e65a8a94.pdf,PDF p. 7; Assistant Coaches,African-Americans increased by three percentage points to 35 percent.,
2006,2006,,assistant_coaches,latino,2,percent,,primary,"The 2006 Racial and Gender Report Card: National Football League (TIDES, UCF)",https://www.tidesport.org/_files/ugd/7d86e5_7232193e48f64e90af2cdf09e65a8a94.pdf,PDF p. 7; Assistant Coaches,Latinos moved up one percentage point to two percent,
2006,2006,,assistant_coaches,people_of_color,165,count,,primary,"The 2006 Racial and Gender Report Card: National Football League (TIDES, UCF)",https://www.tidesport.org/_files/ugd/7d86e5_7232193e48f64e90af2cdf09e65a8a94.pdf,PDF p. 7; Assistant Coaches,"there were 165 assistant coaches of color, or 38 percent.",
2006,2006,,assistant_coaches,people_of_color,38,percent,,primary,"The 2006 Racial and Gender Report Card: National Football League (TIDES, UCF)",https://www.tidesport.org/_files/ugd/7d86e5_7232193e48f64e90af2cdf09e65a8a94.pdf,PDF p. 7; Assistant Coaches,"there were 165 assistant coaches of color, or 38 percent.",
2006,2006,,assistant_coaches,white,62,percent,,primary,"The 2006 Racial and Gender Report Card: National Football League (TIDES, UCF)",https://www.tidesport.org/_files/ugd/7d86e5_7232193e48f64e90af2cdf09e65a8a94.pdf,PDF p. 7; Assistant Coaches,the number of white assistant coaches dropped from 66 to 62 percent,
2023,2006,,assistant_coaches,asian,1,percent,,primary,"The 2023 Racial and Gender Report Card: National Football League (TIDES, UCF)",https://www.tidesport.org/_files/ugd/326b62_f8ae68d67f744fdbba5962c84b43f3bf.pdf,"PDF p. 50; Appendix II, Table 4a (Assistant Coaches | Race)","Appendix II, Table 4a (Assistant Coaches | Race), row 2006: Asian 1.0% (n=4)",Retrospective appendix of the 2023 report (season-labelled rows). count = 4.
2023,2006,,assistant_coaches,black,35,percent,,primary,"The 2023 Racial and Gender Report Card: National Football League (TIDES, UCF)",https://www.tidesport.org/_files/ugd/326b62_f8ae68d67f744fdbba5962c84b43f3bf.pdf,"PDF p. 50; Appendix II, Table 4a (Assistant Coaches | Race)","Appendix II, Table 4a (Assistant Coaches | Race), row 2006: Black or African American 35.0% (n=151)",Retrospective appendix of the 2023 report (season-labelled rows). count = 151.
2023,2006,,assistant_coaches,latino,2,percent,,primary,"The 2023 Racial and Gender Report Card: National Football League (TIDES, UCF)",https://www.tidesport.org/_files/ugd/326b62_f8ae68d67f744fdbba5962c84b43f3bf.pdf,"PDF p. 50; Appendix II, Table 4a (Assistant Coaches | Race)","Appendix II, Table 4a (Assistant Coaches | Race), row 2006: Hispanic or Latino(a) 2.0% (n=10)",Retrospective appendix of the 2023 report (season-labelled rows). count = 10.
2023,2006,,assistant_coaches,white,62,percent,,primary,"The 2023 Racial and Gender Report Card: National Football League (TIDES, UCF)",https://www.tidesport.org/_files/ugd/326b62_f8ae68d67f744fdbba5962c84b43f3bf.pdf,"PDF p. 50; Appendix II, Table 4a (Assistant Coaches | Race)","Appendix II, Table 4a (Assistant Coaches | Race), row 2006: White 62.0% (n=269)",Retrospective appendix of the 2023 report (season-labelled rows). count = 269.
2008,2007,,assistant_coaches,black,36,percent,,primary,"The 2008 Racial and Gender Report Card: National Football League (TIDES, UCF)",https://www.tidesport.org/_files/ugd/7d86e5_6b3e09108aba4deb891cfbc7cac66b02.pdf,PDF p. 8; Assistant Coaches,African-Americans increased by one percentage point to 36 percent.,
2008,2007,,assistant_coaches,people_of_color,172,count,,primary,"The 2008 Racial and Gender Report Card: National Football League (TIDES, UCF)",https://www.tidesport.org/_files/ugd/7d86e5_6b3e09108aba4deb891cfbc7cac66b02.pdf,PDF p. 7; Assistant Coaches,"there were 172 assistant coaches of color, or 38 percent.",
2008,2007,,assistant_coaches,people_of_color,38,percent,,primary,"The 2008 Racial and Gender Report Card: National Football League (TIDES, UCF)",https://www.tidesport.org/_files/ugd/7d86e5_6b3e09108aba4deb891cfbc7cac66b02.pdf,PDF p. 7; Assistant Coaches,"there were 172 assistant coaches of color, or 38 percent.",
2023,2007,,assistant_coaches,asian,1,percent,,primary,"The 2023 Racial and Gender Report Card: National Football League (TIDES, UCF)",https://www.tidesport.org/_files/ugd/326b62_f8ae68d67f744fdbba5962c84b43f3bf.pdf,"PDF p. 50; Appendix II, Table 4a (Assistant Coaches | Race)","Appendix II, Table 4a (Assistant Coaches | Race), row 2007: Asian 1.0% (n=5)",Retrospective appendix of the 2023 report (season-labelled rows). count = 5.
2023,2007,,assistant_coaches,black,36,percent,,primary,"The 2023 Racial and Gender Report Card: National Football League (TIDES, UCF)",https://www.tidesport.org/_files/ugd/326b62_f8ae68d67f744fdbba5962c84b43f3bf.pdf,"PDF p. 50; Appendix II, Table 4a (Assistant Coaches | Race)","Appendix II, Table 4a (Assistant Coaches | Race), row 2007: Black or African American 36.0% (n=162)",Retrospective appendix of the 2023 report (season-labelled rows). count = 162.
2023,2007,,assistant_coaches,latino,1,percent,,primary,"The 2023 Racial and Gender Report Card: National Football League (TIDES, UCF)",https://www.tidesport.org/_files/ugd/326b62_f8ae68d67f744fdbba5962c84b43f3bf.pdf,"PDF p. 50; Appendix II, Table 4a (Assistant Coaches | Race)","Appendix II, Table 4a (Assistant Coaches | Race), row 2007: Hispanic or Latino(a) 1.0% (n=5)",Retrospective appendix of the 2023 report (season-labelled rows). count = 5.
2023,2007,,assistant_coaches,white,62,percent,,primary,"The 2023 Racial and Gender Report Card: National Football League (TIDES, UCF)",https://www.tidesport.org/_files/ugd/326b62_f8ae68d67f744fdbba5962c84b43f3bf.pdf,"PDF p. 50; Appendix II, Table 4a (Assistant Coaches | Race)","Appendix II, Table 4a (Assistant Coaches | Race), row 2007: White 62.0% (n=284)",Retrospective appendix of the 2023 report (season-labelled rows). count = 284.
2009,2008,,assistant_coaches,black,34,percent,,primary,"The 2009 Racial and Gender Report Card: National Football League (TIDES, UCF)",https://www.tidesport.org/_files/ugd/7d86e5_45094cb7ae7544be9b7babc6cc0a63ed.pdf,PDF p. 8; Assistant Coaches,"34 percent were African-American, down from 36 percent.","Preceded by 'During the 2008 NFL season, the percentage of white assistant coaches increased to 64 percent'."
2009,2008,,assistant_coaches,people_of_color,37,percent,,primary,"The 2009 Racial and Gender Report Card: National Football League (TIDES, UCF)",https://www.tidesport.org/_files/ugd/7d86e5_45094cb7ae7544be9b7babc6cc0a63ed.pdf,PDF p. 8; Assistant Coaches,The percentage of assistant coaches of color declined in 2008 by one percent to 37 percent.,
2009,2008,,assistant_coaches,people_of_color,160,count,,primary,"The 2009 Racial and Gender Report Card: National Football League (TIDES, UCF)",https://www.tidesport.org/_files/ugd/7d86e5_45094cb7ae7544be9b7babc6cc0a63ed.pdf,PDF p. 8; Assistant Coaches,There were 160 assistant coaches of color in 2008 compared to 172 in 2007.,
2023,2008,,assistant_coaches,asian,1,percent,,primary,"The 2023 Racial and Gender Report Card: National Football League (TIDES, UCF)",https://www.tidesport.org/_files/ugd/326b62_f8ae68d67f744fdbba5962c84b43f3bf.pdf,"PDF p. 50; Appendix II, Table 4a (Assistant Coaches | Race)","Appendix II, Table 4a (Assistant Coaches | Race), row 2008: Asian 1.0% (n=5)",Retrospective appendix of the 2023 report (season-labelled rows). count = 5.
2023,2008,,assistant_coaches,black,34,percent,,primary,"The 2023 Racial and Gender Report Card: National Football League (TIDES, UCF)",https://www.tidesport.org/_files/ugd/326b62_f8ae68d67f744fdbba5962c84b43f3bf.pdf,"PDF p. 50; Appendix II, Table 4a (Assistant Coaches | Race)","Appendix II, Table 4a (Assistant Coaches | Race), row 2008: Black or African American 34.0% (n=148)",Retrospective appendix of the 2023 report (season-labelled rows). count = 148.
2023,2008,,assistant_coaches,latino,2,percent,,primary,"The 2023 Racial and Gender Report Card: National Football League (TIDES, UCF)",https://www.tidesport.org/_files/ugd/326b62_f8ae68d67f744fdbba5962c84b43f3bf.pdf,"PDF p. 50; Appendix II, Table 4a (Assistant Coaches | Race)","Appendix II, Table 4a (Assistant Coaches | Race), row 2008: Hispanic or Latino(a) 2.0% (n=7)",Retrospective appendix of the 2023 report (season-labelled rows). count = 7.
2023,2008,,assistant_coaches,white,64,percent,,primary,"The 2023 Racial and Gender Report Card: National Football League (TIDES, UCF)",https://www.tidesport.org/_files/ugd/326b62_f8ae68d67f744fdbba5962c84b43f3bf.pdf,"PDF p. 50; Appendix II, Table 4a (Assistant Coaches | Race)","Appendix II, Table 4a (Assistant Coaches | Race), row 2008: White 64.0% (n=279)",Retrospective appendix of the 2023 report (season-labelled rows). count = 279.
2010,2009,,assistant_coaches,black,34,percent,,primary,"The 2010 Racial and Gender Report Card: National Football League (TIDES, UCF)",https://www.tidesport.org/_files/ugd/7d86e5_bdd6b1a988ef46d08cc23d64293b611c.pdf,PDF p. 7; Assistant Coaches,"There were 157 assistant coaches of color in 2009 compared to 160 in 2008; 34 percent were African-American, the same as in 2008.",
2010,2009,,assistant_coaches,people_of_color,36,percent,,primary,"The 2010 Racial and Gender Report Card: National Football League (TIDES, UCF)",https://www.tidesport.org/_files/ugd/7d86e5_bdd6b1a988ef46d08cc23d64293b611c.pdf,PDF p. 7; Assistant Coaches,The percentage of assistant coaches of color declined in 2009 by one percentage point to 36 percent.,
2010,2009,,assistant_coaches,people_of_color,157,count,,primary,"The 2010 Racial and Gender Report Card: National Football League (TIDES, UCF)",https://www.tidesport.org/_files/ugd/7d86e5_bdd6b1a988ef46d08cc23d64293b611c.pdf,PDF p. 7; Assistant Coaches,"There were 157 assistant coaches of color in 2009 compared to 160 in 2008; 34 percent were African-American, the same as in 2008.",
2023,2009,,assistant_coaches,asian,1,percent,,primary,"The 2023 Racial and Gender Report Card: National Football League (TIDES, UCF)",https://www.tidesport.org/_files/ugd/326b62_f8ae68d67f744fdbba5962c84b43f3bf.pdf,"PDF p. 50; Appendix II, Table 4a (Assistant Coaches | Race)","Appendix II, Table 4a (Assistant Coaches | Race), row 2009: Asian 1.0% (n=5)",Retrospective appendix of the 2023 report (season-labelled rows). count = 5.
2023,2009,,assistant_coaches,black,34,percent,,primary,"The 2023 Racial and Gender Report Card: National Football League (TIDES, UCF)",https://www.tidesport.org/_files/ugd/326b62_f8ae68d67f744fdbba5962c84b43f3bf.pdf,"PDF p. 50; Appendix II, Table 4a (Assistant Coaches | Race)","Appendix II, Table 4a (Assistant Coaches | Race), row 2009: Black or African American 34.0% (n=148)",Retrospective appendix of the 2023 report (season-labelled rows). count = 148.
2023,2009,,assistant_coaches,latino,1,percent,,primary,"The 2023 Racial and Gender Report Card: National Football League (TIDES, UCF)",https://www.tidesport.org/_files/ugd/326b62_f8ae68d67f744fdbba5962c84b43f3bf.pdf,"PDF p. 50; Appendix II, Table 4a (Assistant Coaches | Race)","Appendix II, Table 4a (Assistant Coaches | Race), row 2009: Hispanic or Latino(a) 1.0% (n=4)",Retrospective appendix of the 2023 report (season-labelled rows). count = 4.
2023,2009,,assistant_coaches,white,64,percent,,primary,"The 2023 Racial and Gender Report Card: National Football League (TIDES, UCF)",https://www.tidesport.org/_files/ugd/326b62_f8ae68d67f744fdbba5962c84b43f3bf.pdf,"PDF p. 50; Appendix II, Table 4a (Assistant Coaches | Race)","Appendix II, Table 4a (Assistant Coaches | Race), row 2009: White 64.0% (n=283)",Retrospective appendix of the 2023 report (season-labelled rows). count = 283.
2011,2010,,assistant_coaches,black,31,percent,,primary,"The 2011 Racial and Gender Report Card: National Football League (TIDES, UCF)",https://www.tidesport.org/_files/ugd/7d86e5_a8bf63c80f4947118f37f73d32f40737.pdf,"PDF p. 24; Appendix I, Assistant Coaches table","Appendix I, Table 6 (Assistant Coaches), 2010: African-American 31% (# 165)",Table transcription; count = 165; White 68% (364).
2011,2010,,assistant_coaches,people_of_color,32,percent,,primary,"The 2011 Racial and Gender Report Card: National Football League (TIDES, UCF)",https://www.tidesport.org/_files/ugd/7d86e5_a8bf63c80f4947118f37f73d32f40737.pdf,PDF p. 9; Assistant Coaches,The percentage of assistant coaches of color decreased by 4 percentage points from 36 percent in 2009 to 32 percent in 2010.,
2011,2010,,assistant_coaches,people_of_color,170,count,,primary,"The 2011 Racial and Gender Report Card: National Football League (TIDES, UCF)",https://www.tidesport.org/_files/ugd/7d86e5_a8bf63c80f4947118f37f73d32f40737.pdf,PDF p. 9; Assistant Coaches,"There were a total of 170 assistant coaches of color in 2010, up from 157 in 2009.",
2012,2010,,assistant_coaches,people_of_color,33,percent,,primary,"The 2012 Racial and Gender Report Card: National Football League (TIDES, UCF)",https://www.tidesport.org/_files/ugd/7d86e5_888d1dd1047441cca0b8a9e300dc1f94.pdf,PDF p. 8; Assistant Coaches,The percentage of assistant coaches of color increased by one percentage point from 33 percent in 2010 to 34 percent in 2011.,Conflicts with the 2011 report (32 percent in 2010).
2023,2010,,assistant_coaches,asian,1,percent,,primary,"The 2023 Racial and Gender Report Card: National Football League (TIDES, UCF)",https://www.tidesport.org/_files/ugd/326b62_f8ae68d67f744fdbba5962c84b43f3bf.pdf,"PDF p. 50; Appendix II, Table 4a (Assistant Coaches | Race)","Appendix II, Table 4a (Assistant Coaches | Race), row 2010: Asian 1.0% (n=3)",Retrospective appendix of the 2023 report (season-labelled rows). count = 3.
2023,2010,,assistant_coaches,black,31,percent,,primary,"The 2023 Racial and Gender Report Card: National Football League (TIDES, UCF)",https://www.tidesport.org/_files/ugd/326b62_f8ae68d67f744fdbba5962c84b43f3bf.pdf,"PDF p. 50; Appendix II, Table 4a (Assistant Coaches | Race)","Appendix II, Table 4a (Assistant Coaches | Race), row 2010: Black or African American 31.0% (n=165)",Retrospective appendix of the 2023 report (season-labelled rows). count = 165.
2023,2010,,assistant_coaches,latino,1,percent,,primary,"The 2023 Racial and Gender Report Card: National Football League (TIDES, UCF)",https://www.tidesport.org/_files/ugd/326b62_f8ae68d67f744fdbba5962c84b43f3bf.pdf,"PDF p. 50; Appendix II, Table 4a (Assistant Coaches | Race)","Appendix II, Table 4a (Assistant Coaches | Race), row 2010: Hispanic or Latino(a) 1.0% (n=2)",Retrospective appendix of the 2023 report (season-labelled rows). count = 2.
2023,2010,,assistant_coaches,white,68,percent,,primary,"The 2023 Racial and Gender Report Card: National Football League (TIDES, UCF)",https://www.tidesport.org/_files/ugd/326b62_f8ae68d67f744fdbba5962c84b43f3bf.pdf,"PDF p. 50; Appendix II, Table 4a (Assistant Coaches | Race)","Appendix II, Table 4a (Assistant Coaches | Race), row 2010: White 68.0% (n=364)",Retrospective appendix of the 2023 report (season-labelled rows). count = 364.
2012,2011,,assistant_coaches,black,32,percent,,primary,"The 2012 Racial and Gender Report Card: National Football League (TIDES, UCF)",https://www.tidesport.org/_files/ugd/7d86e5_888d1dd1047441cca0b8a9e300dc1f94.pdf,"PDF p. 22; Appendix I, Assistant Coaches table","Appendix I, Table 6 (Assistant Coaches), 2011: African-American 32% (# 159)",Table transcription; count = 159; White 67% (332).
2012,2011,,assistant_coaches,people_of_color,34,percent,,primary,"The 2012 Racial and Gender Report Card: National Football League (TIDES, UCF)",https://www.tidesport.org/_files/ugd/7d86e5_888d1dd1047441cca0b8a9e300dc1f94.pdf,PDF p. 8; Assistant Coaches,The percentage of assistant coaches of color increased by one percentage point from 33 percent in 2010 to 34 percent in 2011.,
2023,2011,,assistant_coaches,asian,1,percent,,primary,"The 2023 Racial and Gender Report Card: National Football League (TIDES, UCF)",https://www.tidesport.org/_files/ugd/326b62_f8ae68d67f744fdbba5962c84b43f3bf.pdf,"PDF p. 50; Appendix II, Table 4a (Assistant Coaches | Race)","Appendix II, Table 4a (Assistant Coaches | Race), row 2011: Asian 1.0% (n=4)",Retrospective appendix of the 2023 report (season-labelled rows). count = 4.
2023,2011,,assistant_coaches,black,31,percent,,primary,"The 2023 Racial and Gender Report Card: National Football League (TIDES, UCF)",https://www.tidesport.org/_files/ugd/326b62_f8ae68d67f744fdbba5962c84b43f3bf.pdf,"PDF p. 50; Appendix II, Table 4a (Assistant Coaches | Race)","Appendix II, Table 4a (Assistant Coaches | Race), row 2011: Black or African American 31.0% (n=159)",Retrospective appendix of the 2023 report (season-labelled rows). count = 159.
2023,2011,,assistant_coaches,latino,1,percent,,primary,"The 2023 Racial and Gender Report Card: National Football League (TIDES, UCF)",https://www.tidesport.org/_files/ugd/326b62_f8ae68d67f744fdbba5962c84b43f3bf.pdf,"PDF p. 50; Appendix II, Table 4a (Assistant Coaches | Race)","Appendix II, Table 4a (Assistant Coaches | Race), row 2011: Hispanic or Latino(a) 1.0% (n=2)",Retrospective appendix of the 2023 report (season-labelled rows). count = 2.
2023,2011,,assistant_coaches,white,68,percent,,primary,"The 2023 Racial and Gender Report Card: National Football League (TIDES, UCF)",https://www.tidesport.org/_files/ugd/326b62_f8ae68d67f744fdbba5962c84b43f3bf.pdf,"PDF p. 50; Appendix II, Table 4a (Assistant Coaches | Race)","Appendix II, Table 4a (Assistant Coaches | Race), row 2011: White 68.0% (n=332)",Retrospective appendix of the 2023 report (season-labelled rows). count = 332.
2013,2012,,assistant_coaches,black,31,percent,537,primary,"The 2013 Racial and Gender Report Card: National Football League (TIDES, UCF)",https://www.tidesport.org/_files/ugd/7d86e5_cdc71c7a4cf540118817b7fce8f040db.pdf,"PDF p. 22; Appendix I, Assistant Coaches table","Appendix I, Assistant Coaches table, 2012: African-American 31% (# 165); People of Color 32% (# 173); Total 537",Table transcription; count = 165.
2013,2012,,assistant_coaches,people_of_color,32,percent,,primary,"The 2013 Racial and Gender Report Card: National Football League (TIDES, UCF)",https://www.tidesport.org/_files/ugd/7d86e5_cdc71c7a4cf540118817b7fce8f040db.pdf,PDF p. 8; Assistant Coaches,The percentage of assistant coaches of color decreased from 33 percent in 2011 to 32 percent in 2012.,
2013,2012,,assistant_coaches,people_of_color,173,count,537,primary,"The 2013 Racial and Gender Report Card: National Football League (TIDES, UCF)",https://www.tidesport.org/_files/ugd/7d86e5_cdc71c7a4cf540118817b7fce8f040db.pdf,"PDF p. 22; Appendix I, Assistant Coaches table","Appendix I, Assistant Coaches table, 2012: People of Color 32% (# 173); Total 537",Table transcription.
2023,2012,,assistant_coaches,asian,1,percent,,primary,"The 2023 Racial and Gender Report Card: National Football League (TIDES, UCF)",https://www.tidesport.org/_files/ugd/326b62_f8ae68d67f744fdbba5962c84b43f3bf.pdf,"PDF p. 50; Appendix II, Table 4a (Assistant Coaches | Race)","Appendix II, Table 4a (Assistant Coaches | Race), row 2012: Asian 1.0% (n=3)",Retrospective appendix of the 2023 report (season-labelled rows). count = 3.
2023,2012,,assistant_coaches,black,31,percent,,primary,"The 2023 Racial and Gender Report Card: National Football League (TIDES, UCF)",https://www.tidesport.org/_files/ugd/326b62_f8ae68d67f744fdbba5962c84b43f3bf.pdf,"PDF p. 50; Appendix II, Table 4a (Assistant Coaches | Race)","Appendix II, Table 4a (Assistant Coaches | Race), row 2012: Black or African American 31.0% (n=165)",Retrospective appendix of the 2023 report (season-labelled rows). count = 165.
2023,2012,,assistant_coaches,latino,1,percent,,primary,"The 2023 Racial and Gender Report Card: National Football League (TIDES, UCF)",https://www.tidesport.org/_files/ugd/326b62_f8ae68d67f744fdbba5962c84b43f3bf.pdf,"PDF p. 50; Appendix II, Table 4a (Assistant Coaches | Race)","Appendix II, Table 4a (Assistant Coaches | Race), row 2012: Hispanic or Latino(a) 1.0% (n=4)",Retrospective appendix of the 2023 report (season-labelled rows). count = 4.
2023,2012,,assistant_coaches,white,68.3,percent,,primary,"The 2023 Racial and Gender Report Card: National Football League (TIDES, UCF)",https://www.tidesport.org/_files/ugd/326b62_f8ae68d67f744fdbba5962c84b43f3bf.pdf,"PDF p. 50; Appendix II, Table 4a (Assistant Coaches | Race)","Appendix II, Table 4a (Assistant Coaches | Race), row 2012: White 68.3% (n=364)",Retrospective appendix of the 2023 report (season-labelled rows). count = 364.
2014,2013,,assistant_coaches,black,29,percent,,primary,"The 2014 Racial and Gender Report Card: National Football League (TIDES, UCF)",https://www.tidesport.org/_files/ugd/7d86e5_72d723866ba848a3886212e393822840.pdf,"PDF p. 22; Appendix I, Assistant Coaches table","Appendix I, Table 5 (Assistant Coaches), 2013: African-American 29% (# 187)",Table transcription; count = 187; White 69% (442).
2014,2013,,assistant_coaches,people_of_color,31,percent,,primary,"The 2014 Racial and Gender Report Card: National Football League (TIDES, UCF)",https://www.tidesport.org/_files/ugd/7d86e5_72d723866ba848a3886212e393822840.pdf,PDF p. 8; Assistant Coaches,The percentage of assistant coaches of color decreased from 33 percent in 2012 to 31 percent in 2013.,
2023,2013,,assistant_coaches,asian,0.9,percent,,primary,"The 2023 Racial and Gender Report Card: National Football League (TIDES, UCF)",https://www.tidesport.org/_files/ugd/326b62_f8ae68d67f744fdbba5962c84b43f3bf.pdf,"PDF p. 50; Appendix II, Table 4a (Assistant Coaches | Race)","Appendix II, Table 4a (Assistant Coaches | Race), row 2013: Asian 0.9% (n=6)",Retrospective appendix of the 2023 report (season-labelled rows). count = 6.
2023,2013,,assistant_coaches,black,29.1,percent,,primary,"The 2023 Racial and Gender Report Card: National Football League (TIDES, UCF)",https://www.tidesport.org/_files/ugd/326b62_f8ae68d67f744fdbba5962c84b43f3bf.pdf,"PDF p. 50; Appendix II, Table 4a (Assistant Coaches | Race)","Appendix II, Table 4a (Assistant Coaches | Race), row 2013: Black or African American 29.1% (n=187)",Retrospective appendix of the 2023 report (season-labelled rows). count = 187.
2023,2013,,assistant_coaches,latino,1.1,percent,,primary,"The 2023 Racial and Gender Report Card: National Football League (TIDES, UCF)",https://www.tidesport.org/_files/ugd/326b62_f8ae68d67f744fdbba5962c84b43f3bf.pdf,"PDF p. 50; Appendix II, Table 4a (Assistant Coaches | Race)","Appendix II, Table 4a (Assistant Coaches | Race), row 2013: Hispanic or Latino(a) 1.1% (n=7)",Retrospective appendix of the 2023 report (season-labelled rows). count = 7.
2023,2013,,assistant_coaches,other,0.5,percent,,primary,"The 2023 Racial and Gender Report Card: National Football League (TIDES, UCF)",https://www.tidesport.org/_files/ugd/326b62_f8ae68d67f744fdbba5962c84b43f3bf.pdf,"PDF p. 50; Appendix II, Table 4a (Assistant Coaches | Race)","Appendix II, Table 4a (Assistant Coaches | Race), row 2013: Other 0.5% (n=3)",Retrospective appendix of the 2023 report (season-labelled rows). count = 3.
2023,2013,,assistant_coaches,white,68.4,percent,,primary,"The 2023 Racial and Gender Report Card: National Football League (TIDES, UCF)",https://www.tidesport.org/_files/ugd/326b62_f8ae68d67f744fdbba5962c84b43f3bf.pdf,"PDF p. 50; Appendix II, Table 4a (Assistant Coaches | Race)","Appendix II, Table 4a (Assistant Coaches | Race), row 2013: White 68.4% (n=440)",Retrospective appendix of the 2023 report (season-labelled rows). count = 440.
2023,2014,,assistant_coaches,asian,0.8,percent,,primary,"The 2023 Racial and Gender Report Card: National Football League (TIDES, UCF)",https://www.tidesport.org/_files/ugd/326b62_f8ae68d67f744fdbba5962c84b43f3bf.pdf,"PDF p. 50; Appendix II, Table 4a (Assistant Coaches | Race)","Appendix II, Table 4a (Assistant Coaches | Race), row 2014: Asian 0.8% (n=6)",Retrospective appendix of the 2023 report (season-labelled rows). count = 6.
2023,2014,,assistant_coaches,black,29.6,percent,,primary,"The 2023 Racial and Gender Report Card: National Football League (TIDES, UCF)",https://www.tidesport.org/_files/ugd/326b62_f8ae68d67f744fdbba5962c84b43f3bf.pdf,"PDF p. 50; Appendix II, Table 4a (Assistant Coaches | Race)","Appendix II, Table 4a (Assistant Coaches | Race), row 2014: Black or African American 29.6% (n=217)",Retrospective appendix of the 2023 report (season-labelled rows). count = 217.
2023,2014,,assistant_coaches,latino,1.2,percent,,primary,"The 2023 Racial and Gender Report Card: National Football League (TIDES, UCF)",https://www.tidesport.org/_files/ugd/326b62_f8ae68d67f744fdbba5962c84b43f3bf.pdf,"PDF p. 50; Appendix II, Table 4a (Assistant Coaches | Race)","Appendix II, Table 4a (Assistant Coaches | Race), row 2014: Hispanic or Latino(a) 1.2% (n=9)",Retrospective appendix of the 2023 report (season-labelled rows). count = 9.
2023,2014,,assistant_coaches,other,0.5,percent,,primary,"The 2023 Racial and Gender Report Card: National Football League (TIDES, UCF)",https://www.tidesport.org/_files/ugd/326b62_f8ae68d67f744fdbba5962c84b43f3bf.pdf,"PDF p. 50; Appendix II, Table 4a (Assistant Coaches | Race)","Appendix II, Table 4a (Assistant Coaches | Race), row 2014: Other 0.5% (n=4)",Retrospective appendix of the 2023 report (season-labelled rows). count = 4.
2023,2014,,assistant_coaches,white,67.8,percent,,primary,"The 2023 Racial and Gender Report Card: National Football League (TIDES, UCF)",https://www.tidesport.org/_files/ugd/326b62_f8ae68d67f744fdbba5962c84b43f3bf.pdf,"PDF p. 50; Appendix II, Table 4a (Assistant Coaches | Race)","Appendix II, Table 4a (Assistant Coaches | Race), row 2014: White 67.8% (n=497)",Retrospective appendix of the 2023 report (season-labelled rows). count = 497.
2015,2015,2015-08-21,assistant_coaches,black,34.7,percent,,primary,"The 2015 Racial and Gender Report Card: National Football League (TIDES, UCF)",https://www.tidesport.org/_files/ugd/a4ad0c_96113214204e492b986abb8549e85ce2.pdf,"PDF p. 28; Appendix I, Assistant Coaches table","Appendix I, Table 5 (Assistant Coaches), 2015: African-American 34.7% (# 279)",Table transcription; count = 279; White 62.1% (499).
2015,2015,2015-08-21,assistant_coaches,people_of_color,37.9,percent,,primary,"The 2015 Racial and Gender Report Card: National Football League (TIDES, UCF)",https://www.tidesport.org/_files/ugd/a4ad0c_96113214204e492b986abb8549e85ce2.pdf,PDF p. 8; Assistant Coaches,The percent of assistant coaches of color increased from 31.6 percent to 37.9 percent in 2015.,
2023,2015,,assistant_coaches,asian,0.9,percent,,primary,"The 2023 Racial and Gender Report Card: National Football League (TIDES, UCF)",https://www.tidesport.org/_files/ugd/326b62_f8ae68d67f744fdbba5962c84b43f3bf.pdf,"PDF p. 50; Appendix II, Table 4a (Assistant Coaches | Race)","Appendix II, Table 4a (Assistant Coaches | Race), row 2015: Asian 0.9% (n=7)",Retrospective appendix of the 2023 report (season-labelled rows). count = 7.
2023,2015,,assistant_coaches,black,34.7,percent,,primary,"The 2023 Racial and Gender Report Card: National Football League (TIDES, UCF)",https://www.tidesport.org/_files/ugd/326b62_f8ae68d67f744fdbba5962c84b43f3bf.pdf,"PDF p. 50; Appendix II, Table 4a (Assistant Coaches | Race)","Appendix II, Table 4a (Assistant Coaches | Race), row 2015: Black or African American 34.7% (n=279)",Retrospective appendix of the 2023 report (season-labelled rows). count = 279.
2023,2015,,assistant_coaches,latino,1.5,percent,,primary,"The 2023 Racial and Gender Report Card: National Football League (TIDES, UCF)",https://www.tidesport.org/_files/ugd/326b62_f8ae68d67f744fdbba5962c84b43f3bf.pdf,"PDF p. 50; Appendix II, Table 4a (Assistant Coaches | Race)","Appendix II, Table 4a (Assistant Coaches | Race), row 2015: Hispanic or Latino(a) 1.5% (n=12)",Retrospective appendix of the 2023 report (season-labelled rows). count = 12.
2023,2015,,assistant_coaches,other,0.8,percent,,primary,"The 2023 Racial and Gender Report Card: National Football League (TIDES, UCF)",https://www.tidesport.org/_files/ugd/326b62_f8ae68d67f744fdbba5962c84b43f3bf.pdf,"PDF p. 50; Appendix II, Table 4a (Assistant Coaches | Race)","Appendix II, Table 4a (Assistant Coaches | Race), row 2015: Other 0.8% (n=6)",Retrospective appendix of the 2023 report (season-labelled rows). count = 6.
2023,2015,,assistant_coaches,white,62.1,percent,,primary,"The 2023 Racial and Gender Report Card: National Football League (TIDES, UCF)",https://www.tidesport.org/_files/ugd/326b62_f8ae68d67f744fdbba5962c84b43f3bf.pdf,"PDF p. 50; Appendix II, Table 4a (Assistant Coaches | Race)","Appendix II, Table 4a (Assistant Coaches | Race), row 2015: White 62.1% (n=499)",Retrospective appendix of the 2023 report (season-labelled rows). count = 499.
2016,2016,2016-08,assistant_coaches,black,27.7,percent,,primary,"The 2016 Racial and Gender Report Card: National Football League (TIDES, UCF)",https://www.tidesport.org/_files/ugd/a4ad0c_83cebda86fed4f8a820adcb3af3d71d8.pdf,"PDF p. 29; Appendix I, Assistant Coaches table","Appendix I, Assistant Coaches table, 2016: African-American 27.70% (# 211)",Table transcription; count = 211. The 2017 report's table shows 27.8% for 2016.
2016,2016,2016-08,assistant_coaches,people_of_color,31.9,percent,,primary,"The 2016 Racial and Gender Report Card: National Football League (TIDES, UCF)",https://www.tidesport.org/_files/ugd/a4ad0c_83cebda86fed4f8a820adcb3af3d71d8.pdf,PDF p. 9; Assistant Coaches,The percent of assistant coaches of color decreased significantly from 37.9 percent to 31.9 percent in 2016.,
2023,2016,,assistant_coaches,asian,0.7,percent,,primary,"The 2023 Racial and Gender Report Card: National Football League (TIDES, UCF)",https://www.tidesport.org/_files/ugd/326b62_f8ae68d67f744fdbba5962c84b43f3bf.pdf,"PDF p. 50; Appendix II, Table 4a (Assistant Coaches | Race)","Appendix II, Table 4a (Assistant Coaches | Race), row 2016: Asian 0.7% (n=5)",Retrospective appendix of the 2023 report (season-labelled rows). count = 5.
2023,2016,,assistant_coaches,black,27.8,percent,,primary,"The 2023 Racial and Gender Report Card: National Football League (TIDES, UCF)",https://www.tidesport.org/_files/ugd/326b62_f8ae68d67f744fdbba5962c84b43f3bf.pdf,"PDF p. 50; Appendix II, Table 4a (Assistant Coaches | Race)","Appendix II, Table 4a (Assistant Coaches | Race), row 2016: Black or African American 27.8% (n=211)",Retrospective appendix of the 2023 report (season-labelled rows). count = 211.
2023,2016,,assistant_coaches,latino,2.5,percent,,primary,"The 2023 Racial and Gender Report Card: National Football League (TIDES, UCF)",https://www.tidesport.org/_files/ugd/326b62_f8ae68d67f744fdbba5962c84b43f3bf.pdf,"PDF p. 50; Appendix II, Table 4a (Assistant Coaches | Race)","Appendix II, Table 4a (Assistant Coaches | Race), row 2016: Hispanic or Latino(a) 2.5% (n=19)",Retrospective appendix of the 2023 report (season-labelled rows). count = 19.
2023,2016,,assistant_coaches,other,0.1,percent,,primary,"The 2023 Racial and Gender Report Card: National Football League (TIDES, UCF)",https://www.tidesport.org/_files/ugd/326b62_f8ae68d67f744fdbba5962c84b43f3bf.pdf,"PDF p. 50; Appendix II, Table 4a (Assistant Coaches | Race)","Appendix II, Table 4a (Assistant Coaches | Race), row 2016: Other 0.1% (n=1)",Retrospective appendix of the 2023 report (season-labelled rows). count = 1.
2023,2016,,assistant_coaches,white,68.9,percent,,primary,"The 2023 Racial and Gender Report Card: National Football League (TIDES, UCF)",https://www.tidesport.org/_files/ugd/326b62_f8ae68d67f744fdbba5962c84b43f3bf.pdf,"PDF p. 50; Appendix II, Table 4a (Assistant Coaches | Race)","Appendix II, Table 4a (Assistant Coaches | Race), row 2016: White 68.9% (n=524)",Retrospective appendix of the 2023 report (season-labelled rows). count = 524.
2017,2017,2017-09,assistant_coaches,black,28.2,percent,,primary,"The 2017 Racial and Gender Report Card: National Football League (TIDES, UCF)",https://www.tidesport.org/_files/ugd/a4ad0c_f71f36ac32b04656859ea5618ee957cc.pdf,"PDF p. 30; Appendix I, Assistant Coaches table","Appendix I, Assistant Coaches table, 2017: African-American 28.2% (# 207)",Table transcription; count = 207; White 68.7% (504).
2017,2017,2017-09,assistant_coaches,people_of_color,31.3,percent,,primary,"The 2017 Racial and Gender Report Card: National Football League (TIDES, UCF)",https://www.tidesport.org/_files/ugd/a4ad0c_f71f36ac32b04656859ea5618ee957cc.pdf,PDF p. 9; Assistant Coaches,The percent of assistant coaches of color decreased from 31.9 percent to 31.3 percent in 2017.,Executive summary of the same report gives 31.4 percent; the 2018 report cites 31.4 and 31.3 percent for 2017.
2023,2017,,assistant_coaches,asian,0.7,percent,,primary,"The 2023 Racial and Gender Report Card: National Football League (TIDES, UCF)",https://www.tidesport.org/_files/ugd/326b62_f8ae68d67f744fdbba5962c84b43f3bf.pdf,"PDF p. 50; Appendix II, Table 4a (Assistant Coaches | Race)","Appendix II, Table 4a (Assistant Coaches | Race), row 2017: Asian 0.7% (n=5)",Retrospective appendix of the 2023 report (season-labelled rows). count = 5.
2023,2017,,assistant_coaches,black,28.2,percent,,primary,"The 2023 Racial and Gender Report Card: National Football League (TIDES, UCF)",https://www.tidesport.org/_files/ugd/326b62_f8ae68d67f744fdbba5962c84b43f3bf.pdf,"PDF p. 50; Appendix II, Table 4a (Assistant Coaches | Race)","Appendix II, Table 4a (Assistant Coaches | Race), row 2017: Black or African American 28.2% (n=207)",Retrospective appendix of the 2023 report (season-labelled rows). count = 207.
2023,2017,,assistant_coaches,latino,1.1,percent,,primary,"The 2023 Racial and Gender Report Card: National Football League (TIDES, UCF)",https://www.tidesport.org/_files/ugd/326b62_f8ae68d67f744fdbba5962c84b43f3bf.pdf,"PDF p. 50; Appendix II, Table 4a (Assistant Coaches | Race)","Appendix II, Table 4a (Assistant Coaches | Race), row 2017: Hispanic or Latino(a) 1.1% (n=8)",Retrospective appendix of the 2023 report (season-labelled rows). count = 8.
2023,2017,,assistant_coaches,other,1.4,percent,,primary,"The 2023 Racial and Gender Report Card: National Football League (TIDES, UCF)",https://www.tidesport.org/_files/ugd/326b62_f8ae68d67f744fdbba5962c84b43f3bf.pdf,"PDF p. 50; Appendix II, Table 4a (Assistant Coaches | Race)","Appendix II, Table 4a (Assistant Coaches | Race), row 2017: Other 1.4% (n=10)",Retrospective appendix of the 2023 report (season-labelled rows). count = 10.
2023,2017,,assistant_coaches,white,68.7,percent,,primary,"The 2023 Racial and Gender Report Card: National Football League (TIDES, UCF)",https://www.tidesport.org/_files/ugd/326b62_f8ae68d67f744fdbba5962c84b43f3bf.pdf,"PDF p. 50; Appendix II, Table 4a (Assistant Coaches | Race)","Appendix II, Table 4a (Assistant Coaches | Race), row 2017: White 68.7% (n=504)",Retrospective appendix of the 2023 report (season-labelled rows). count = 504.
2018,2018,2018-12,assistant_coaches,black,30.9,percent,631,primary,"The 2018 Racial and Gender Report Card: National Football League (TIDES, UCF)",https://www.tidesport.org/_files/ugd/7d86e5_4a7afdf9bf414bffa46b3a099bf8c9f5.pdf,"PDF p. 29; Appendix I, Table 5 (Assistant Coaches)","Appendix I, Table 5 (Assistant Coaches), 2018: African-American 30.9% (# 195); Total 631","Table transcription; count = 195. 2018 table adds American Indian 0.2%, Native Hawaiian 0.3%, Two or More Races 1.3%, Not Specified 1.9%."
2018,2018,2018-12,assistant_coaches,people_of_color,35.5,percent,,primary,"The 2018 Racial and Gender Report Card: National Football League (TIDES, UCF)",https://www.tidesport.org/_files/ugd/7d86e5_4a7afdf9bf414bffa46b3a099bf8c9f5.pdf,PDF p. 7; Executive Summary,The percentage of assistant coaches of color increased from 31.4 percent in 2017 to 35.5 percent in the 2018 season.,
2023,2018,,assistant_coaches,american_indian_alaska_native,0.2,percent,,primary,"The 2023 Racial and Gender Report Card: National Football League (TIDES, UCF)",https://www.tidesport.org/_files/ugd/326b62_f8ae68d67f744fdbba5962c84b43f3bf.pdf,"PDF p. 50; Appendix II, Table 4a (Assistant Coaches | Race)","Appendix II, Table 4a (Assistant Coaches | Race), row 2018: Am. Indian or Alaska Native 0.2% (n=1)",Retrospective appendix of the 2023 report (season-labelled rows). count = 1.
2023,2018,,assistant_coaches,asian,1.1,percent,,primary,"The 2023 Racial and Gender Report Card: National Football League (TIDES, UCF)",https://www.tidesport.org/_files/ugd/326b62_f8ae68d67f744fdbba5962c84b43f3bf.pdf,"PDF p. 50; Appendix II, Table 4a (Assistant Coaches | Race)","Appendix II, Table 4a (Assistant Coaches | Race), row 2018: Asian 1.1% (n=7)",Retrospective appendix of the 2023 report (season-labelled rows). count = 7.
2023,2018,,assistant_coaches,black,30.9,percent,,primary,"The 2023 Racial and Gender Report Card: National Football League (TIDES, UCF)",https://www.tidesport.org/_files/ugd/326b62_f8ae68d67f744fdbba5962c84b43f3bf.pdf,"PDF p. 50; Appendix II, Table 4a (Assistant Coaches | Race)","Appendix II, Table 4a (Assistant Coaches | Race), row 2018: Black or African American 30.9% (n=195)",Retrospective appendix of the 2023 report (season-labelled rows). count = 195.
2023,2018,,assistant_coaches,latino,1.7,percent,,primary,"The 2023 Racial and Gender Report Card: National Football League (TIDES, UCF)",https://www.tidesport.org/_files/ugd/326b62_f8ae68d67f744fdbba5962c84b43f3bf.pdf,"PDF p. 50; Appendix II, Table 4a (Assistant Coaches | Race)","Appendix II, Table 4a (Assistant Coaches | Race), row 2018: Hispanic or Latino(a) 1.7% (n=11)",Retrospective appendix of the 2023 report (season-labelled rows). count = 11.
2023,2018,,assistant_coaches,not_disclosed,1.9,percent,,primary,"The 2023 Racial and Gender Report Card: National Football League (TIDES, UCF)",https://www.tidesport.org/_files/ugd/326b62_f8ae68d67f744fdbba5962c84b43f3bf.pdf,"PDF p. 50; Appendix II, Table 4a (Assistant Coaches | Race)","Appendix II, Table 4a (Assistant Coaches | Race), row 2018: Not Disclosed 1.9% (n=12)",Retrospective appendix of the 2023 report (season-labelled rows). count = 12.
2023,2018,,assistant_coaches,pacific_islander,0.3,percent,,primary,"The 2023 Racial and Gender Report Card: National Football League (TIDES, UCF)",https://www.tidesport.org/_files/ugd/326b62_f8ae68d67f744fdbba5962c84b43f3bf.pdf,"PDF p. 50; Appendix II, Table 4a (Assistant Coaches | Race)","Appendix II, Table 4a (Assistant Coaches | Race), row 2018: Hawaiian or Pac. Islander 0.3% (n=2)",Retrospective appendix of the 2023 report (season-labelled rows). count = 2.
2023,2018,,assistant_coaches,two_or_more_races,1.3,percent,,primary,"The 2023 Racial and Gender Report Card: National Football League (TIDES, UCF)",https://www.tidesport.org/_files/ugd/326b62_f8ae68d67f744fdbba5962c84b43f3bf.pdf,"PDF p. 50; Appendix II, Table 4a (Assistant Coaches | Race)","Appendix II, Table 4a (Assistant Coaches | Race), row 2018: Two or More Races 1.3% (n=8)",Retrospective appendix of the 2023 report (season-labelled rows). count = 8.
2023,2018,,assistant_coaches,white,62.6,percent,,primary,"The 2023 Racial and Gender Report Card: National Football League (TIDES, UCF)",https://www.tidesport.org/_files/ugd/326b62_f8ae68d67f744fdbba5962c84b43f3bf.pdf,"PDF p. 50; Appendix II, Table 4a (Assistant Coaches | Race)","Appendix II, Table 4a (Assistant Coaches | Race), row 2018: White 62.6% (n=395)",Retrospective appendix of the 2023 report (season-labelled rows). count = 395.
2019,2019,2019-09,assistant_coaches,black,29.6,percent,,primary,"The 2019 Racial and Gender Report Card: National Football League (TIDES, UCF)",https://www.tidesport.org/_files/ugd/7d86e5_5af5faf45ba7443da733f900f54638b4.pdf,PDF p. 12; Assistant Coaches,"African-Americans held 29.6 percent of the assistant coaching positions, a decrease from 30.9 percent 2018.",
2019,2019,2019-09,assistant_coaches,people_of_color,33.6,percent,,primary,"The 2019 Racial and Gender Report Card: National Football League (TIDES, UCF)",https://www.tidesport.org/_files/ugd/7d86e5_5af5faf45ba7443da733f900f54638b4.pdf,PDF p. 12; Assistant Coaches,The percent of assistant coaches of color decreased from 35.5 percent to 33.6 percent in 2019.,
2023,2019,,assistant_coaches,american_indian_alaska_native,0.2,percent,,primary,"The 2023 Racial and Gender Report Card: National Football League (TIDES, UCF)",https://www.tidesport.org/_files/ugd/326b62_f8ae68d67f744fdbba5962c84b43f3bf.pdf,"PDF p. 50; Appendix II, Table 4a (Assistant Coaches | Race)","Appendix II, Table 4a (Assistant Coaches | Race), row 2019: Am. Indian or Alaska Native 0.2% (n=3)",Retrospective appendix of the 2023 report (season-labelled rows). count = 3.
2023,2019,,assistant_coaches,asian,0.8,percent,,primary,"The 2023 Racial and Gender Report Card: National Football League (TIDES, UCF)",https://www.tidesport.org/_files/ugd/326b62_f8ae68d67f744fdbba5962c84b43f3bf.pdf,"PDF p. 50; Appendix II, Table 4a (Assistant Coaches | Race)","Appendix II, Table 4a (Assistant Coaches | Race), row 2019: Asian 0.8% (n=5)",Retrospective appendix of the 2023 report (season-labelled rows). count = 5.
2023,2019,,assistant_coaches,black,29.6,percent,,primary,"The 2023 Racial and Gender Report Card: National Football League (TIDES, UCF)",https://www.tidesport.org/_files/ugd/326b62_f8ae68d67f744fdbba5962c84b43f3bf.pdf,"PDF p. 50; Appendix II, Table 4a (Assistant Coaches | Race)","Appendix II, Table 4a (Assistant Coaches | Race), row 2019: Black or African American 29.6% (n=175)",Retrospective appendix of the 2023 report (season-labelled rows). count = 175.
2023,2019,,assistant_coaches,latino,1,percent,,primary,"The 2023 Racial and Gender Report Card: National Football League (TIDES, UCF)",https://www.tidesport.org/_files/ugd/326b62_f8ae68d67f744fdbba5962c84b43f3bf.pdf,"PDF p. 50; Appendix II, Table 4a (Assistant Coaches | Race)","Appendix II, Table 4a (Assistant Coaches | Race), row 2019: Hispanic or Latino(a) 1.0% (n=6)",Retrospective appendix of the 2023 report (season-labelled rows). count = 6.
2023,2019,,assistant_coaches,not_disclosed,4.1,percent,,primary,"The 2023 Racial and Gender Report Card: National Football League (TIDES, UCF)",https://www.tidesport.org/_files/ugd/326b62_f8ae68d67f744fdbba5962c84b43f3bf.pdf,"PDF p. 50; Appendix II, Table 4a (Assistant Coaches | Race)","Appendix II, Table 4a (Assistant Coaches | Race), row 2019: Not Disclosed 4.1% (n=24)",Retrospective appendix of the 2023 report (season-labelled rows). count = 24.
2023,2019,,assistant_coaches,pacific_islander,0.5,percent,,primary,"The 2023 Racial and Gender Report Card: National Football League (TIDES, UCF)",https://www.tidesport.org/_files/ugd/326b62_f8ae68d67f744fdbba5962c84b43f3bf.pdf,"PDF p. 50; Appendix II, Table 4a (Assistant Coaches | Race)","Appendix II, Table 4a (Assistant Coaches | Race), row 2019: Hawaiian or Pac. Islander 0.5% (n=1)",Retrospective appendix of the 2023 report (season-labelled rows). count = 1.
2023,2019,,assistant_coaches,two_or_more_races,1.5,percent,,primary,"The 2023 Racial and Gender Report Card: National Football League (TIDES, UCF)",https://www.tidesport.org/_files/ugd/326b62_f8ae68d67f744fdbba5962c84b43f3bf.pdf,"PDF p. 50; Appendix II, Table 4a (Assistant Coaches | Race)","Appendix II, Table 4a (Assistant Coaches | Race), row 2019: Two or More Races 1.5% (n=9)",Retrospective appendix of the 2023 report (season-labelled rows). count = 9.
2020,2020,2020-09,assistant_coaches,black,30.5,percent,,primary,"The 2020 Racial and Gender Report Card: National Football League (TIDES, UCF)",https://www.tidesport.org/_files/ugd/138a69_8715a573a51742ce95dddeb0461cfc82.pdf,PDF p. 12; Assistant Coaches,"Black or African-Americans held 30.5 percent of the assistant coaching positions, an increase from 29.6 percent 2019.",
2020,2020,2020-09,assistant_coaches,people_of_color,35.6,percent,,primary,"The 2020 Racial and Gender Report Card: National Football League (TIDES, UCF)",https://www.tidesport.org/_files/ugd/138a69_8715a573a51742ce95dddeb0461cfc82.pdf,PDF p. 12; Assistant Coaches,The percentage of assistant coaches of color increased from 33.6 percent in 2019 to 35.6 percent in 2020.,
2023,2020,,assistant_coaches,american_indian_alaska_native,0.1,percent,,primary,"The 2023 Racial and Gender Report Card: National Football League (TIDES, UCF)",https://www.tidesport.org/_files/ugd/326b62_f8ae68d67f744fdbba5962c84b43f3bf.pdf,"PDF p. 50; Appendix II, Table 4a (Assistant Coaches | Race)","Appendix II, Table 4a (Assistant Coaches | Race), row 2020: Am. Indian or Alaska Native 0.1% (n=1)",Retrospective appendix of the 2023 report (season-labelled rows). count = 1.
2023,2020,,assistant_coaches,asian,1.2,percent,,primary,"The 2023 Racial and Gender Report Card: National Football League (TIDES, UCF)",https://www.tidesport.org/_files/ugd/326b62_f8ae68d67f744fdbba5962c84b43f3bf.pdf,"PDF p. 50; Appendix II, Table 4a (Assistant Coaches | Race)","Appendix II, Table 4a (Assistant Coaches | Race), row 2020: Asian 1.2% (n=9)",Retrospective appendix of the 2023 report (season-labelled rows). count = 9.
2023,2020,,assistant_coaches,black,30.5,percent,,primary,"The 2023 Racial and Gender Report Card: National Football League (TIDES, UCF)",https://www.tidesport.org/_files/ugd/326b62_f8ae68d67f744fdbba5962c84b43f3bf.pdf,"PDF p. 50; Appendix II, Table 4a (Assistant Coaches | Race)","Appendix II, Table 4a (Assistant Coaches | Race), row 2020: Black or African American 30.5% (n=239)",Retrospective appendix of the 2023 report (season-labelled rows). count = 239.
2023,2020,,assistant_coaches,latino,1.4,percent,,primary,"The 2023 Racial and Gender Report Card: National Football League (TIDES, UCF)",https://www.tidesport.org/_files/ugd/326b62_f8ae68d67f744fdbba5962c84b43f3bf.pdf,"PDF p. 50; Appendix II, Table 4a (Assistant Coaches | Race)","Appendix II, Table 4a (Assistant Coaches | Race), row 2020: Hispanic or Latino(a) 1.4% (n=11)",Retrospective appendix of the 2023 report (season-labelled rows). count = 11.
2023,2020,,assistant_coaches,not_disclosed,0.6,percent,,primary,"The 2023 Racial and Gender Report Card: National Football League (TIDES, UCF)",https://www.tidesport.org/_files/ugd/326b62_f8ae68d67f744fdbba5962c84b43f3bf.pdf,"PDF p. 50; Appendix II, Table 4a (Assistant Coaches | Race)","Appendix II, Table 4a (Assistant Coaches | Race), row 2020: Not Disclosed 0.6% (n=5)",Retrospective appendix of the 2023 report (season-labelled rows). count = 5.
2023,2020,,assistant_coaches,pacific_islander,0.6,percent,,primary,"The 2023 Racial and Gender Report Card: National Football League (TIDES, UCF)",https://www.tidesport.org/_files/ugd/326b62_f8ae68d67f744fdbba5962c84b43f3bf.pdf,"PDF p. 50; Appendix II, Table 4a (Assistant Coaches | Race)","Appendix II, Table 4a (Assistant Coaches | Race), row 2020: Hawaiian or Pac. Islander 0.6% (n=5)",Retrospective appendix of the 2023 report (season-labelled rows). count = 5.
2023,2020,,assistant_coaches,two_or_more_races,1.8,percent,,primary,"The 2023 Racial and Gender Report Card: National Football League (TIDES, UCF)",https://www.tidesport.org/_files/ugd/326b62_f8ae68d67f744fdbba5962c84b43f3bf.pdf,"PDF p. 50; Appendix II, Table 4a (Assistant Coaches | Race)","Appendix II, Table 4a (Assistant Coaches | Race), row 2020: Two or More Races 1.8% (n=14)",Retrospective appendix of the 2023 report (season-labelled rows). count = 14.
2023,2020,,assistant_coaches,white,63.7,percent,,primary,"The 2023 Racial and Gender Report Card: National Football League (TIDES, UCF)",https://www.tidesport.org/_files/ugd/326b62_f8ae68d67f744fdbba5962c84b43f3bf.pdf,"PDF p. 50; Appendix II, Table 4a (Assistant Coaches | Race)","Appendix II, Table 4a (Assistant Coaches | Race), row 2020: White 63.7% (n=499)",Retrospective appendix of the 2023 report (season-labelled rows). count = 499.
2021,2021,2021-09,assistant_coaches,black,34.5,percent,,primary,"The 2021 Racial and Gender Report Card: National Football League (TIDES, UCF)",https://www.tidesport.org/_files/ugd/326b62_5afc0093dedf4b53bdba964fa0c1eb0c.pdf,PDF p. 13; Assistant Coaches,Black or African-Americans held 34.5 percent of the assistant coaching positions in 2021.,
2021,2021,2021-09,assistant_coaches,people_of_color,40.9,percent,,primary,"The 2021 Racial and Gender Report Card: National Football League (TIDES, UCF)",https://www.tidesport.org/_files/ugd/326b62_5afc0093dedf4b53bdba964fa0c1eb0c.pdf,PDF p. 13; Assistant Coaches,"The percentage of assistant coaches of color increased from 35.6 percent in 2020 to 40.9 percent in 2021, an all-time high for the NFL.",
2023,2021,,assistant_coaches,american_indian_alaska_native,0.1,percent,,primary,"The 2023 Racial and Gender Report Card: National Football League (TIDES, UCF)",https://www.tidesport.org/_files/ugd/326b62_f8ae68d67f744fdbba5962c84b43f3bf.pdf,"PDF p. 50; Appendix II, Table 4a (Assistant Coaches | Race)","Appendix II, Table 4a (Assistant Coaches | Race), row 2021: Am. Indian or Alaska Native 0.1% (n=1)",Retrospective appendix of the 2023 report (season-labelled rows). count = 1.
2023,2021,,assistant_coaches,asian,0.5,percent,,primary,"The 2023 Racial and Gender Report Card: National Football League (TIDES, UCF)",https://www.tidesport.org/_files/ugd/326b62_f8ae68d67f744fdbba5962c84b43f3bf.pdf,"PDF p. 50; Appendix II, Table 4a (Assistant Coaches | Race)","Appendix II, Table 4a (Assistant Coaches | Race), row 2021: Asian 0.5% (n=4)",Retrospective appendix of the 2023 report (season-labelled rows). count = 4.
2023,2021,,assistant_coaches,black,34.5,percent,,primary,"The 2023 Racial and Gender Report Card: National Football League (TIDES, UCF)",https://www.tidesport.org/_files/ugd/326b62_f8ae68d67f744fdbba5962c84b43f3bf.pdf,"PDF p. 50; Appendix II, Table 4a (Assistant Coaches | Race)","Appendix II, Table 4a (Assistant Coaches | Race), row 2021: Black or African American 34.5% (n=269)",Retrospective appendix of the 2023 report (season-labelled rows). count = 269.
2023,2021,,assistant_coaches,latino,2.2,percent,,primary,"The 2023 Racial and Gender Report Card: National Football League (TIDES, UCF)",https://www.tidesport.org/_files/ugd/326b62_f8ae68d67f744fdbba5962c84b43f3bf.pdf,"PDF p. 50; Appendix II, Table 4a (Assistant Coaches | Race)","Appendix II, Table 4a (Assistant Coaches | Race), row 2021: Hispanic or Latino(a) 2.2% (n=17)",Retrospective appendix of the 2023 report (season-labelled rows). count = 17.
2023,2021,,assistant_coaches,not_disclosed,1.4,percent,,primary,"The 2023 Racial and Gender Report Card: National Football League (TIDES, UCF)",https://www.tidesport.org/_files/ugd/326b62_f8ae68d67f744fdbba5962c84b43f3bf.pdf,"PDF p. 50; Appendix II, Table 4a (Assistant Coaches | Race)","Appendix II, Table 4a (Assistant Coaches | Race), row 2021: Not Disclosed 1.4% (n=11)",Retrospective appendix of the 2023 report (season-labelled rows). count = 11.
2023,2021,,assistant_coaches,pacific_islander,0.9,percent,,primary,"The 2023 Racial and Gender Report Card: National Football League (TIDES, UCF)",https://www.tidesport.org/_files/ugd/326b62_f8ae68d67f744fdbba5962c84b43f3bf.pdf,"PDF p. 50; Appendix II, Table 4a (Assistant Coaches | Race)","Appendix II, Table 4a (Assistant Coaches | Race), row 2021: Hawaiian or Pac. Islander 0.9% (n=7)",Retrospective appendix of the 2023 report (season-labelled rows). count = 7.
2023,2021,,assistant_coaches,two_or_more_races,2.7,percent,,primary,"The 2023 Racial and Gender Report Card: National Football League (TIDES, UCF)",https://www.tidesport.org/_files/ugd/326b62_f8ae68d67f744fdbba5962c84b43f3bf.pdf,"PDF p. 50; Appendix II, Table 4a (Assistant Coaches | Race)","Appendix II, Table 4a (Assistant Coaches | Race), row 2021: Two or More Races 2.7% (n=21)",Retrospective appendix of the 2023 report (season-labelled rows). count = 21.
2023,2021,,assistant_coaches,white,57.7,percent,,primary,"The 2023 Racial and Gender Report Card: National Football League (TIDES, UCF)",https://www.tidesport.org/_files/ugd/326b62_f8ae68d67f744fdbba5962c84b43f3bf.pdf,"PDF p. 50; Appendix II, Table 4a (Assistant Coaches | Race)","Appendix II, Table 4a (Assistant Coaches | Race), row 2021: White 57.7% (n=450)",Retrospective appendix of the 2023 report (season-labelled rows). count = 450.
2022,2022,2022-08,assistant_coaches,black,36.3,percent,,primary,"The 2022 Racial and Gender Report Card: National Football League (TIDES, UCF)",https://www.tidesport.org/_files/ugd/ac4087_d74e4aa674334087b6c4506f6d353a48.pdf,PDF p. 13; Assistant Coaches,Black or African-Americans held 36.3 percent of the assistant coaching positions in 2022.,
2022,2022,2022-08,assistant_coaches,people_of_color,42.9,percent,,primary,"The 2022 Racial and Gender Report Card: National Football League (TIDES, UCF)",https://www.tidesport.org/_files/ugd/ac4087_d74e4aa674334087b6c4506f6d353a48.pdf,PDF p. 13; Assistant Coaches,The percentage of assistant coaches of color increased from 40.9 percent in 2021 to 42.9 percent in 2022,
2023,2022,,assistant_coaches,american_indian_alaska_native,0.1,percent,,primary,"The 2023 Racial and Gender Report Card: National Football League (TIDES, UCF)",https://www.tidesport.org/_files/ugd/326b62_f8ae68d67f744fdbba5962c84b43f3bf.pdf,"PDF p. 50; Appendix II, Table 4a (Assistant Coaches | Race)","Appendix II, Table 4a (Assistant Coaches | Race), row 2022: Am. Indian or Alaska Native 0.1% (n=1)",Retrospective appendix of the 2023 report (season-labelled rows). count = 1.
2023,2022,,assistant_coaches,asian,0.4,percent,,primary,"The 2023 Racial and Gender Report Card: National Football League (TIDES, UCF)",https://www.tidesport.org/_files/ugd/326b62_f8ae68d67f744fdbba5962c84b43f3bf.pdf,"PDF p. 50; Appendix II, Table 4a (Assistant Coaches | Race)","Appendix II, Table 4a (Assistant Coaches | Race), row 2022: Asian 0.4% (n=3)",Retrospective appendix of the 2023 report (season-labelled rows). count = 3.
2023,2022,,assistant_coaches,black,36.3,percent,,primary,"The 2023 Racial and Gender Report Card: National Football League (TIDES, UCF)",https://www.tidesport.org/_files/ugd/326b62_f8ae68d67f744fdbba5962c84b43f3bf.pdf,"PDF p. 50; Appendix II, Table 4a (Assistant Coaches | Race)","Appendix II, Table 4a (Assistant Coaches | Race), row 2022: Black or African American 36.3% (n=290)",Retrospective appendix of the 2023 report (season-labelled rows). count = 290.
2023,2022,,assistant_coaches,latino,2.5,percent,,primary,"The 2023 Racial and Gender Report Card: National Football League (TIDES, UCF)",https://www.tidesport.org/_files/ugd/326b62_f8ae68d67f744fdbba5962c84b43f3bf.pdf,"PDF p. 50; Appendix II, Table 4a (Assistant Coaches | Race)","Appendix II, Table 4a (Assistant Coaches | Race), row 2022: Hispanic or Latino(a) 2.5% (n=20)",Retrospective appendix of the 2023 report (season-labelled rows). count = 20.
2023,2022,,assistant_coaches,not_disclosed,2.1,percent,,primary,"The 2023 Racial and Gender Report Card: National Football League (TIDES, UCF)",https://www.tidesport.org/_files/ugd/326b62_f8ae68d67f744fdbba5962c84b43f3bf.pdf,"PDF p. 50; Appendix II, Table 4a (Assistant Coaches | Race)","Appendix II, Table 4a (Assistant Coaches | Race), row 2022: Not Disclosed 2.1% (n=17)",Retrospective appendix of the 2023 report (season-labelled rows). count = 17.
2023,2022,,assistant_coaches,pacific_islander,0.8,percent,,primary,"The 2023 Racial and Gender Report Card: National Football League (TIDES, UCF)",https://www.tidesport.org/_files/ugd/326b62_f8ae68d67f744fdbba5962c84b43f3bf.pdf,"PDF p. 50; Appendix II, Table 4a (Assistant Coaches | Race)","Appendix II, Table 4a (Assistant Coaches | Race), row 2022: Hawaiian or Pac. Islander 0.8% (n=6)",Retrospective appendix of the 2023 report (season-labelled rows). count = 6.
2023,2022,,assistant_coaches,two_or_more_races,2.7,percent,,primary,"The 2023 Racial and Gender Report Card: National Football League (TIDES, UCF)",https://www.tidesport.org/_files/ugd/326b62_f8ae68d67f744fdbba5962c84b43f3bf.pdf,"PDF p. 50; Appendix II, Table 4a (Assistant Coaches | Race)","Appendix II, Table 4a (Assistant Coaches | Race), row 2022: Two or More Races 2.7% (n=22)",Retrospective appendix of the 2023 report (season-labelled rows). count = 22.
2023,2022,,assistant_coaches,white,55.1,percent,,primary,"The 2023 Racial and Gender Report Card: National Football League (TIDES, UCF)",https://www.tidesport.org/_files/ugd/326b62_f8ae68d67f744fdbba5962c84b43f3bf.pdf,"PDF p. 50; Appendix II, Table 4a (Assistant Coaches | Race)","Appendix II, Table 4a (Assistant Coaches | Race), row 2022: White 55.1% (n=441)",Retrospective appendix of the 2023 report (season-labelled rows). count = 441.
2023,2023,,assistant_coaches,american_indian_alaska_native,0.1,percent,,primary,"The 2023 Racial and Gender Report Card: National Football League (TIDES, UCF)",https://www.tidesport.org/_files/ugd/326b62_f8ae68d67f744fdbba5962c84b43f3bf.pdf,"PDF p. 50; Appendix II, Table 4a (Assistant Coaches | Race)","Appendix II, Table 4a (Assistant Coaches | Race), row 2023: Am. Indian or Alaska Native 0.1% (n=1)",Retrospective appendix of the 2023 report (season-labelled rows). count = 1.
2023,2023,,assistant_coaches,asian,0.9,percent,,primary,"The 2023 Racial and Gender Report Card: National Football League (TIDES, UCF)",https://www.tidesport.org/_files/ugd/326b62_f8ae68d67f744fdbba5962c84b43f3bf.pdf,"PDF p. 50; Appendix II, Table 4a (Assistant Coaches | Race)","Appendix II, Table 4a (Assistant Coaches | Race), row 2023: Asian 0.9% (n=8)",Retrospective appendix of the 2023 report (season-labelled rows). count = 8.
2023,2023,2023-08,assistant_coaches,black,36.6,percent,,primary,"The 2023 Racial and Gender Report Card: National Football League (TIDES, UCF)",https://www.tidesport.org/_files/ugd/326b62_f8ae68d67f744fdbba5962c84b43f3bf.pdf,PDF p. 12; Assistant Coaches,Blacks or African-Americans held 36.6 percent of the assistant coaching positions in 2023.,
2023,2023,,assistant_coaches,black,36.6,percent,,primary,"The 2023 Racial and Gender Report Card: National Football League (TIDES, UCF)",https://www.tidesport.org/_files/ugd/326b62_f8ae68d67f744fdbba5962c84b43f3bf.pdf,"PDF p. 50; Appendix II, Table 4a (Assistant Coaches | Race)","Appendix II, Table 4a (Assistant Coaches | Race), row 2023: Black or African American 36.6% (n=309)",Retrospective appendix of the 2023 report (season-labelled rows). count = 309.
2023,2023,,assistant_coaches,latino,2.7,percent,,primary,"The 2023 Racial and Gender Report Card: National Football League (TIDES, UCF)",https://www.tidesport.org/_files/ugd/326b62_f8ae68d67f744fdbba5962c84b43f3bf.pdf,"PDF p. 50; Appendix II, Table 4a (Assistant Coaches | Race)","Appendix II, Table 4a (Assistant Coaches | Race), row 2023: Hispanic or Latino(a) 2.7% (n=23)",Retrospective appendix of the 2023 report (season-labelled rows). count = 23.
2023,2023,,assistant_coaches,not_disclosed,3.4,percent,,primary,"The 2023 Racial and Gender Report Card: National Football League (TIDES, UCF)",https://www.tidesport.org/_files/ugd/326b62_f8ae68d67f744fdbba5962c84b43f3bf.pdf,"PDF p. 50; Appendix II, Table 4a (Assistant Coaches | Race)","Appendix II, Table 4a (Assistant Coaches | Race), row 2023: Not Disclosed 3.4% (n=29)",Retrospective appendix of the 2023 report (season-labelled rows). count = 29.
2023,2023,,assistant_coaches,pacific_islander,0.7,percent,,primary,"The 2023 Racial and Gender Report Card: National Football League (TIDES, UCF)",https://www.tidesport.org/_files/ugd/326b62_f8ae68d67f744fdbba5962c84b43f3bf.pdf,"PDF p. 50; Appendix II, Table 4a (Assistant Coaches | Race)","Appendix II, Table 4a (Assistant Coaches | Race), row 2023: Hawaiian or Pac. Islander 0.7% (n=6)",Retrospective appendix of the 2023 report (season-labelled rows). count = 6.
2023,2023,2023-08,assistant_coaches,people_of_color,43.6,percent,,primary,"The 2023 Racial and Gender Report Card: National Football League (TIDES, UCF)",https://www.tidesport.org/_files/ugd/326b62_f8ae68d67f744fdbba5962c84b43f3bf.pdf,PDF p. 12; Assistant Coaches,The percentage of assistant coaches of color increased from 42.8 percent in 2022 to 43.6 percent in 2023,This sentence gives 42.8 percent for 2022; the 2022 report gave 42.9 percent.
2023,2023,,assistant_coaches,two_or_more_races,2.5,percent,,primary,"The 2023 Racial and Gender Report Card: National Football League (TIDES, UCF)",https://www.tidesport.org/_files/ugd/326b62_f8ae68d67f744fdbba5962c84b43f3bf.pdf,"PDF p. 50; Appendix II, Table 4a (Assistant Coaches | Race)","Appendix II, Table 4a (Assistant Coaches | Race), row 2023: Two or More Races 2.5% (n=21)",Retrospective appendix of the 2023 report (season-labelled rows). count = 21.
2023,2023,,assistant_coaches,white,53,percent,,primary,"The 2023 Racial and Gender Report Card: National Football League (TIDES, UCF)",https://www.tidesport.org/_files/ugd/326b62_f8ae68d67f744fdbba5962c84b43f3bf.pdf,"PDF p. 50; Appendix II, Table 4a (Assistant Coaches | Race)","Appendix II, Table 4a (Assistant Coaches | Race), row 2023: White 53.0% (n=447)",Retrospective appendix of the 2023 report (season-labelled rows). count = 447.
2003,2002,,coordinators,black,12,count,,primary,"The 2003 Racial and Gender Report Card (TIDES, UCF; all leagues)",https://www.tidesport.org/_files/ugd/7d86e5_2b6a39fc09ce4fdfa47bbae7b94458de.pdf,PDF p. 32; Assistant Coaches,Twelve African-Americans held coordinator positions in the NFL.,Same paragraph as the '2002 season' assistant-coach figures; season ambiguous (2001 or 2002). Offensive/defensive coordinators.
2004,2003,,coordinators,black,12,count,,primary,"The 2004 Racial and Gender Report Card: National Football League (TIDES, UCF)",https://www.tidesport.org/_files/ugd/7d86e5_d4e81d551510470ab133adcdff26c44e.pdf,PDF p. 6; Assistant Coaches,Twelve African-Americans held coordinator positions in the NFL.,
2004,2004,2004 season,coordinators,people_of_color,14,count,,primary,"The 2004 Racial and Gender Report Card: National Football League (TIDES, UCF)",https://www.tidesport.org/_files/ugd/7d86e5_d4e81d551510470ab133adcdff26c44e.pdf,PDF p. 6; Assistant Coaches,as well as 14 offensive or defensive coordinators.,"Sentence begins 'In the 2004 season, there were 173 assistant coaches of color ...'; the 14 coordinators are coordinators of color."
2005,2005,,coordinators,black,7,count,,primary,"The 2005 Racial and Gender Report Card: National Football League (TIDES, UCF)",https://www.tidesport.org/_files/ugd/7d86e5_9548089523184f6c8577f07fe91f5397.pdf,PDF p. 7; Assistant Coaches,Seven African-Americans held coordinator positions in the NFL.,
2006,2006,,coordinators,black,6,count,,primary,"The 2006 Racial and Gender Report Card: National Football League (TIDES, UCF)",https://www.tidesport.org/_files/ugd/7d86e5_7232193e48f64e90af2cdf09e65a8a94.pdf,PDF p. 7; Assistant Coaches,Six African-Americans held coordinator positions in the NFL.,
2008,2007,,coordinators,black,7,count,,primary,"The 2008 Racial and Gender Report Card: National Football League (TIDES, UCF)",https://www.tidesport.org/_files/ugd/7d86e5_6b3e09108aba4deb891cfbc7cac66b02.pdf,PDF p. 8; Assistant Coaches,"Seven African-Americans held coordinator positions in the NFL, up from six in the last Report Card.",
2008,2008,2008-08-25,coordinators,black,9,count,,primary,"The 2008 Racial and Gender Report Card: National Football League (TIDES, UCF)",https://www.tidesport.org/_files/ugd/7d86e5_6b3e09108aba4deb891cfbc7cac66b02.pdf,PDF p. 8; Assistant Coaches,"Nine African-Americans held coordinator positions in the NFL, up from six in the last Report Card:",List of nine includes two hired after the 2007 season; contradicts the preceding sentence (seven).
2009,2008,,coordinators,black,8,count,,primary,"The 2009 Racial and Gender Report Card: National Football League (TIDES, UCF)",https://www.tidesport.org/_files/ugd/7d86e5_45094cb7ae7544be9b7babc6cc0a63ed.pdf,PDF p. 8; Assistant Coaches,"In 2008, there were eight African-American coordinators in the NFL.",
2009,2009,2009-08-01,coordinators,black,9,count,,primary,"The 2009 Racial and Gender Report Card: National Football League (TIDES, UCF)",https://www.tidesport.org/_files/ugd/7d86e5_45094cb7ae7544be9b7babc6cc0a63ed.pdf,PDF p. 9; Assistant Coaches,"Starting the 2009 NFL season, there were nine African-Americans holding coordinator positions:",
2009,2009,2009-08-01,coordinators,latino,1,count,,primary,"The 2009 Racial and Gender Report Card: National Football League (TIDES, UCF)",https://www.tidesport.org/_files/ugd/7d86e5_45094cb7ae7544be9b7babc6cc0a63ed.pdf,PDF p. 9; Assistant Coaches,Ron Rivera is the only Latino. He is the defensive coordinator for the San Diego Chargers.,Count 1 = 'the only Latino' coordinator.
2010,2009,,coordinators,black,8,count,,primary,"The 2010 Racial and Gender Report Card: National Football League (TIDES, UCF)",https://www.tidesport.org/_files/ugd/7d86e5_bdd6b1a988ef46d08cc23d64293b611c.pdf,PDF p. 7; Assistant Coaches,"In 2009, there were eight African-American coordinators in the NFL.",
2010,2010,2010-08-01,coordinators,black,12,count,,primary,"The 2010 Racial and Gender Report Card: National Football League (TIDES, UCF)",https://www.tidesport.org/_files/ugd/7d86e5_bdd6b1a988ef46d08cc23d64293b611c.pdf,PDF p. 7; Assistant Coaches,"Starting the 2010 NFL season, there were 12 African-Americans holding coordinator positions:",
2010,2010,2010-08-01,coordinators,latino,1,count,,primary,"The 2010 Racial and Gender Report Card: National Football League (TIDES, UCF)",https://www.tidesport.org/_files/ugd/7d86e5_bdd6b1a988ef46d08cc23d64293b611c.pdf,PDF p. 7; Assistant Coaches,Ron Rivera is the only Latino defensive coordinator.,Count 1 = 'the only Latino'.
2011,2011,2011-09-01,coordinators,black,9,count,,primary,"The 2011 Racial and Gender Report Card: National Football League (TIDES, UCF)",https://www.tidesport.org/_files/ugd/7d86e5_a8bf63c80f4947118f37f73d32f40737.pdf,PDF p. 9; Assistant Coaches,"Starting the 2011 NFL season, there were nine African-Americans holding coordinator positions:",
2011,2011,2011-09-01,coordinators,latino,1,count,,primary,"The 2011 Racial and Gender Report Card: National Football League (TIDES, UCF)",https://www.tidesport.org/_files/ugd/7d86e5_a8bf63c80f4947118f37f73d32f40737.pdf,PDF p. 9; Assistant Coaches,Juan Castillo was named the league's only Latino defensive coordinator,Count 1 = 'the league's only Latino defensive coordinator'.
2012,2011,,coordinators,black,8,count,,primary,"The 2012 Racial and Gender Report Card: National Football League (TIDES, UCF)",https://www.tidesport.org/_files/ugd/7d86e5_888d1dd1047441cca0b8a9e300dc1f94.pdf,PDF p. 8; Assistant Coaches,"At the start of the 2011 NFL season, there were eight African-Americans holding coordinator positions:",Conflicts with the 2011 report (nine at the start of 2011).
2013,2012,2012 season start,coordinators,black,5,count,,primary,"The 2013 Racial and Gender Report Card: National Football League (TIDES, UCF)",https://www.tidesport.org/_files/ugd/7d86e5_cdc71c7a4cf540118817b7fce8f040db.pdf,PDF p. 8; Assistant Coaches,"At the start of the 2012 NFL season, there were five African-Americans holding coordinator positions down from eight African-American coordinators in 2011.",
2014,2013,2013 season start,coordinators,black,14,count,,primary,"The 2014 Racial and Gender Report Card: National Football League (TIDES, UCF)",https://www.tidesport.org/_files/ugd/7d86e5_72d723866ba848a3886212e393822840.pdf,PDF p. 8; Assistant Coaches,"At the start of the 2013 NFL season, there were 14 African-Americans holding coordinator positions up from five African-American coordinators in 2012.","From this report on, the listed coordinators include special teams, run game and other coordinator titles, not only offensive/defensive coordinators."
2015,2014,,coordinators,black,15,count,,primary,"The 2015 Racial and Gender Report Card: National Football League (TIDES, UCF)",https://www.tidesport.org/_files/ugd/a4ad0c_96113214204e492b986abb8549e85ce2.pdf,PDF p. 8; Assistant Coaches,This was the same as the 15 African-American coordinators in 2014.,
2015,2015,2015-08-21,coordinators,black,15,count,,primary,"The 2015 Racial and Gender Report Card: National Football League (TIDES, UCF)",https://www.tidesport.org/_files/ugd/a4ad0c_96113214204e492b986abb8549e85ce2.pdf,PDF p. 8; Assistant Coaches,"At the start of the 2015 NFL season, there were 15 African-Americans holding coordinator positions.",
2016,2016,2016-08,coordinators,black,13,count,,primary,"The 2016 Racial and Gender Report Card: National Football League (TIDES, UCF)",https://www.tidesport.org/_files/ugd/a4ad0c_83cebda86fed4f8a820adcb3af3d71d8.pdf,PDF p. 9; Assistant Coaches,"At the start of the 2016 NFL season, there were 13 African-Americans holding coordinator positions.",
2017,2016,,coordinators,black,14,count,,primary,"The 2017 Racial and Gender Report Card: National Football League (TIDES, UCF)",https://www.tidesport.org/_files/ugd/a4ad0c_f71f36ac32b04656859ea5618ee957cc.pdf,PDF p. 9; Assistant Coaches,"At the start of the 2017 NFL season, there were 13 African-Americans holding coordinator positions, a decline from the 14 in 2016.",Conflicts with the 2016 report (13 at the start of 2016).
2017,2017,2017-09,coordinators,black,13,count,,primary,"The 2017 Racial and Gender Report Card: National Football League (TIDES, UCF)",https://www.tidesport.org/_files/ugd/a4ad0c_f71f36ac32b04656859ea5618ee957cc.pdf,PDF p. 9; Assistant Coaches,"At the start of the 2017 NFL season, there were 13 African-Americans holding coordinator positions, a decline from the 14 in 2016.",
2023,1995,,general_managers,black,13,percent,,primary,"The 2023 Racial and Gender Report Card: National Football League (TIDES, UCF)",https://www.tidesport.org/_files/ugd/326b62_f8ae68d67f744fdbba5962c84b43f3bf.pdf,"PDF p. 56; Appendix II, Table 7a (General Manager | Race)","Appendix II, Table 7a (General Manager | Race), row 1995: Black or African American 13.0% (n=4)",Retrospective appendix of the 2023 report (season-labelled rows). count = 4. Pre-2003 rows are retrospective and their 1999/2000 labels conflict with the 2001 RGRC text (see README).
2023,1995,,general_managers,white,87,percent,,primary,"The 2023 Racial and Gender Report Card: National Football League (TIDES, UCF)",https://www.tidesport.org/_files/ugd/326b62_f8ae68d67f744fdbba5962c84b43f3bf.pdf,"PDF p. 56; Appendix II, Table 7a (General Manager | Race)","Appendix II, Table 7a (General Manager | Race), row 1995: White 87.0% (n=26)",Retrospective appendix of the 2023 report (season-labelled rows). count = 26. Pre-2003 rows are retrospective and their 1999/2000 labels conflict with the 2001 RGRC text (see README).
2023,1996,,general_managers,black,17,percent,,primary,"The 2023 Racial and Gender Report Card: National Football League (TIDES, UCF)",https://www.tidesport.org/_files/ugd/326b62_f8ae68d67f744fdbba5962c84b43f3bf.pdf,"PDF p. 56; Appendix II, Table 7a (General Manager | Race)","Appendix II, Table 7a (General Manager | Race), row 1996: Black or African American 17.0% (n=5)",Retrospective appendix of the 2023 report (season-labelled rows). count = 5. Pre-2003 rows are retrospective and their 1999/2000 labels conflict with the 2001 RGRC text (see README).
2023,1996,,general_managers,white,83,percent,,primary,"The 2023 Racial and Gender Report Card: National Football League (TIDES, UCF)",https://www.tidesport.org/_files/ugd/326b62_f8ae68d67f744fdbba5962c84b43f3bf.pdf,"PDF p. 56; Appendix II, Table 7a (General Manager | Race)","Appendix II, Table 7a (General Manager | Race), row 1996: White 83.0% (n=25)",Retrospective appendix of the 2023 report (season-labelled rows). count = 25. Pre-2003 rows are retrospective and their 1999/2000 labels conflict with the 2001 RGRC text (see README).
2023,1997,,general_managers,black,13,percent,,primary,"The 2023 Racial and Gender Report Card: National Football League (TIDES, UCF)",https://www.tidesport.org/_files/ugd/326b62_f8ae68d67f744fdbba5962c84b43f3bf.pdf,"PDF p. 56; Appendix II, Table 7a (General Manager | Race)","Appendix II, Table 7a (General Manager | Race), row 1997: Black or African American 13.0% (n=4)",Retrospective appendix of the 2023 report (season-labelled rows). count = 4. Pre-2003 rows are retrospective and their 1999/2000 labels conflict with the 2001 RGRC text (see README).
2023,1997,,general_managers,white,87,percent,,primary,"The 2023 Racial and Gender Report Card: National Football League (TIDES, UCF)",https://www.tidesport.org/_files/ugd/326b62_f8ae68d67f744fdbba5962c84b43f3bf.pdf,"PDF p. 56; Appendix II, Table 7a (General Manager | Race)","Appendix II, Table 7a (General Manager | Race), row 1997: White 87.0% (n=26)",Retrospective appendix of the 2023 report (season-labelled rows). count = 26. Pre-2003 rows are retrospective and their 1999/2000 labels conflict with the 2001 RGRC text (see README).
2023,1998,,general_managers,black,13,percent,,primary,"The 2023 Racial and Gender Report Card: National Football League (TIDES, UCF)",https://www.tidesport.org/_files/ugd/326b62_f8ae68d67f744fdbba5962c84b43f3bf.pdf,"PDF p. 56; Appendix II, Table 7a (General Manager | Race)","Appendix II, Table 7a (General Manager | Race), row 1998: Black or African American 13.0% (n=4)",Retrospective appendix of the 2023 report (season-labelled rows). count = 4. Pre-2003 rows are retrospective and their 1999/2000 labels conflict with the 2001 RGRC text (see README).
2023,1998,,general_managers,white,87,percent,,primary,"The 2023 Racial and Gender Report Card: National Football League (TIDES, UCF)",https://www.tidesport.org/_files/ugd/326b62_f8ae68d67f744fdbba5962c84b43f3bf.pdf,"PDF p. 56; Appendix II, Table 7a (General Manager | Race)","Appendix II, Table 7a (General Manager | Race), row 1998: White 87.0% (n=27)",Retrospective appendix of the 2023 report (season-labelled rows). count = 27. Pre-2003 rows are retrospective and their 1999/2000 labels conflict with the 2001 RGRC text (see README).
2023,1999,,general_managers,black,13,percent,,primary,"The 2023 Racial and Gender Report Card: National Football League (TIDES, UCF)",https://www.tidesport.org/_files/ugd/326b62_f8ae68d67f744fdbba5962c84b43f3bf.pdf,"PDF p. 56; Appendix II, Table 7a (General Manager | Race)","Appendix II, Table 7a (General Manager | Race), row 1999: Black or African American 13.0% (n=4)",Retrospective appendix of the 2023 report (season-labelled rows). count = 4. Pre-2003 rows are retrospective and their 1999/2000 labels conflict with the 2001 RGRC text (see README).
2023,1999,,general_managers,white,87,percent,,primary,"The 2023 Racial and Gender Report Card: National Football League (TIDES, UCF)",https://www.tidesport.org/_files/ugd/326b62_f8ae68d67f744fdbba5962c84b43f3bf.pdf,"PDF p. 56; Appendix II, Table 7a (General Manager | Race)","Appendix II, Table 7a (General Manager | Race), row 1999: White 87.0% (n=27)",Retrospective appendix of the 2023 report (season-labelled rows). count = 27. Pre-2003 rows are retrospective and their 1999/2000 labels conflict with the 2001 RGRC text (see README).
2001,2000,,general_managers,black,13,percent,,primary,The 2001 Racial and Gender Report Card (Lapchick with Matthews; all leagues),https://www.tidesport.org/_files/ugd/7d86e5_fff5f25555de4e0087a8078790afe2fc.pdf,PDF p. 36; General Manager/Principal in Charge,"In the equivalent position in the NFL in 2000, whites held 87 percent of these posts and African-Americans held 13 percent.",GM = 'principal in charge of day-to-day team operations' as defined by the NFL. Later appendix tables list 87/13 under 1999.
2001,2000,,general_managers,black,4,count,,primary,The 2001 Racial and Gender Report Card (Lapchick with Matthews; all leagues),https://www.tidesport.org/_files/ugd/7d86e5_fff5f25555de4e0087a8078790afe2fc.pdf,PDF p. 36; General Manager/Principal in Charge,The four African-Americans in this team position were:,
2001,2000,,general_managers,white,87,percent,,primary,The 2001 Racial and Gender Report Card (Lapchick with Matthews; all leagues),https://www.tidesport.org/_files/ugd/7d86e5_fff5f25555de4e0087a8078790afe2fc.pdf,PDF p. 36; General Manager/Principal in Charge,"In the equivalent position in the NFL in 2000, whites held 87 percent of these posts and African-Americans held 13 percent.",
2003,2001,,general_managers,black,6,percent,,primary,"The 2003 Racial and Gender Report Card (TIDES, UCF; all leagues)",https://www.tidesport.org/_files/ugd/7d86e5_2b6a39fc09ce4fdfa47bbae7b94458de.pdf,PDF p. 37; General Manager/Principal in Charge,"whites held 94 percent of the posts in the 2001 season, with the remaining six percent being African-American.",
2003,2001,,general_managers,black,2,count,,primary,"The 2003 Racial and Gender Report Card (TIDES, UCF; all leagues)",https://www.tidesport.org/_files/ugd/7d86e5_2b6a39fc09ce4fdfa47bbae7b94458de.pdf,PDF p. 37; General Manager/Principal in Charge,The two AfricanAmericans in this position in the 2001 season were:,
2003,2001,,general_managers,white,94,percent,,primary,"The 2003 Racial and Gender Report Card (TIDES, UCF; all leagues)",https://www.tidesport.org/_files/ugd/7d86e5_2b6a39fc09ce4fdfa47bbae7b94458de.pdf,PDF p. 37; General Manager/Principal in Charge,"whites held 94 percent of the posts in the 2001 season, with the remaining six percent being African-American.",
2023,2001,,general_managers,black,6,percent,,primary,"The 2023 Racial and Gender Report Card: National Football League (TIDES, UCF)",https://www.tidesport.org/_files/ugd/326b62_f8ae68d67f744fdbba5962c84b43f3bf.pdf,"PDF p. 56; Appendix II, Table 7a (General Manager | Race)","Appendix II, Table 7a (General Manager | Race), row 2001: Black or African American 6.0% (n=2)",Retrospective appendix of the 2023 report (season-labelled rows). count = 2.
2023,2001,,general_managers,white,94,percent,,primary,"The 2023 Racial and Gender Report Card: National Football League (TIDES, UCF)",https://www.tidesport.org/_files/ugd/326b62_f8ae68d67f744fdbba5962c84b43f3bf.pdf,"PDF p. 56; Appendix II, Table 7a (General Manager | Race)","Appendix II, Table 7a (General Manager | Race), row 2001: White 94.0% (n=30)",Retrospective appendix of the 2023 report (season-labelled rows). count = 30.
2003,2002,,general_managers,black,1,count,,primary,"The 2003 Racial and Gender Report Card (TIDES, UCF; all leagues)",https://www.tidesport.org/_files/ugd/7d86e5_2b6a39fc09ce4fdfa47bbae7b94458de.pdf,PDF p. 37; General Manager/Principal in Charge,Huyghue left at the end of the season leaving only Ozzie Newsome for the 2002 season.,Count of 1 = 'only Ozzie Newsome' (African-American).
2004,2003,,general_managers,black,6,percent,,primary,"The 2004 Racial and Gender Report Card: National Football League (TIDES, UCF)",https://www.tidesport.org/_files/ugd/7d86e5_d4e81d551510470ab133adcdff26c44e.pdf,PDF p. 7; General Manager/Principal-in-Charge,"whites held 94 percent of the posts in the 2003 season (the period covered in this RGRC), with the remaining six percent being African-American",
2004,2003,,general_managers,black,2,count,,primary,"The 2004 Racial and Gender Report Card: National Football League (TIDES, UCF)",https://www.tidesport.org/_files/ugd/7d86e5_d4e81d551510470ab133adcdff26c44e.pdf,PDF p. 7; General Manager/Principal-in-Charge,The two African-Americans in this position in the 2003 season were:,
2004,2003,,general_managers,white,94,percent,,primary,"The 2004 Racial and Gender Report Card: National Football League (TIDES, UCF)",https://www.tidesport.org/_files/ugd/7d86e5_d4e81d551510470ab133adcdff26c44e.pdf,PDF p. 7; General Manager/Principal-in-Charge,"whites held 94 percent of the posts in the 2003 season (the period covered in this RGRC), with the remaining six percent being African-American",
2023,2003,,general_managers,black,6,percent,,primary,"The 2023 Racial and Gender Report Card: National Football League (TIDES, UCF)",https://www.tidesport.org/_files/ugd/326b62_f8ae68d67f744fdbba5962c84b43f3bf.pdf,"PDF p. 56; Appendix II, Table 7a (General Manager | Race)","Appendix II, Table 7a (General Manager | Race), row 2003: Black or African American 6.0% (n=2)",Retrospective appendix of the 2023 report (season-labelled rows). count = 2.
2023,2003,,general_managers,white,94,percent,,primary,"The 2023 Racial and Gender Report Card: National Football League (TIDES, UCF)",https://www.tidesport.org/_files/ugd/326b62_f8ae68d67f744fdbba5962c84b43f3bf.pdf,"PDF p. 56; Appendix II, Table 7a (General Manager | Race)","Appendix II, Table 7a (General Manager | Race), row 2003: White 94.0% (n=30)",Retrospective appendix of the 2023 report (season-labelled rows). count = 30.
2005,2005,,general_managers,black,13,percent,,primary,"The 2005 Racial and Gender Report Card: National Football League (TIDES, UCF)",https://www.tidesport.org/_files/ugd/7d86e5_9548089523184f6c8577f07fe91f5397.pdf,PDF p. 7; General Manager/Principal-in-Charge,whites held 87 percent of the posts in the 2005 season with the remaining 13 percent being African-American.,
2005,2005,,general_managers,black,4,count,,primary,"The 2005 Racial and Gender Report Card: National Football League (TIDES, UCF)",https://www.tidesport.org/_files/ugd/7d86e5_9548089523184f6c8577f07fe91f5397.pdf,PDF p. 7; General Manager/Principal-in-Charge,The four African-Americans in this position during the 2005 season were:,
2023,2005,,general_managers,black,13,percent,,primary,"The 2023 Racial and Gender Report Card: National Football League (TIDES, UCF)",https://www.tidesport.org/_files/ugd/326b62_f8ae68d67f744fdbba5962c84b43f3bf.pdf,"PDF p. 56; Appendix II, Table 7a (General Manager | Race)","Appendix II, Table 7a (General Manager | Race), row 2005: Black or African American 13.0% (n=4)",Retrospective appendix of the 2023 report (season-labelled rows). count = 4.
2023,2005,,general_managers,white,87,percent,,primary,"The 2023 Racial and Gender Report Card: National Football League (TIDES, UCF)",https://www.tidesport.org/_files/ugd/326b62_f8ae68d67f744fdbba5962c84b43f3bf.pdf,"PDF p. 56; Appendix II, Table 7a (General Manager | Race)","Appendix II, Table 7a (General Manager | Race), row 2005: White 87.0% (n=27)",Retrospective appendix of the 2023 report (season-labelled rows). count = 27.
2005,2006,2006-07-03,general_managers,black,5,count,,primary,"The 2005 Racial and Gender Report Card: National Football League (TIDES, UCF)",https://www.tidesport.org/_files/ugd/7d86e5_9548089523184f6c8577f07fe91f5397.pdf,PDF p. 7; General Manager/Principal-in-Charge,"In 2006, the Houston Texans hired Rick Smith, making the number of African-American General Managers a record high of five.",
2006,2006,,general_managers,black,13,percent,,primary,"The 2006 Racial and Gender Report Card: National Football League (TIDES, UCF)",https://www.tidesport.org/_files/ugd/7d86e5_7232193e48f64e90af2cdf09e65a8a94.pdf,PDF p. 7; General Manager/Principal-in-Charge,whites held 87 percent of the posts in the 2006 season with the remaining 13 percent being African-American.,
2006,2006,,general_managers,black,4,count,,primary,"The 2006 Racial and Gender Report Card: National Football League (TIDES, UCF)",https://www.tidesport.org/_files/ugd/7d86e5_7232193e48f64e90af2cdf09e65a8a94.pdf,PDF p. 7; General Manager/Principal-in-Charge,The four African-Americans in this position during the 2006 season were:,Conflicts with the 2005 report's statement of five African-American GMs as of July 2006 (Rick Smith hire).
2023,2006,,general_managers,black,13,percent,,primary,"The 2023 Racial and Gender Report Card: National Football League (TIDES, UCF)",https://www.tidesport.org/_files/ugd/326b62_f8ae68d67f744fdbba5962c84b43f3bf.pdf,"PDF p. 56; Appendix II, Table 7a (General Manager | Race)","Appendix II, Table 7a (General Manager | Race), row 2006: Black or African American 13.0% (n=4)",Retrospective appendix of the 2023 report (season-labelled rows). count = 4.
2023,2006,,general_managers,white,87,percent,,primary,"The 2023 Racial and Gender Report Card: National Football League (TIDES, UCF)",https://www.tidesport.org/_files/ugd/326b62_f8ae68d67f744fdbba5962c84b43f3bf.pdf,"PDF p. 56; Appendix II, Table 7a (General Manager | Race)","Appendix II, Table 7a (General Manager | Race), row 2006: White 87.0% (n=28)",Retrospective appendix of the 2023 report (season-labelled rows). count = 28.
2006,2007,2007-08-25,general_managers,black,5,count,,primary,"The 2006 Racial and Gender Report Card: National Football League (TIDES, UCF)",https://www.tidesport.org/_files/ugd/7d86e5_7232193e48f64e90af2cdf09e65a8a94.pdf,PDF p. 1; Executive Summary,"general manager (four in 2006, five in 2007)",
2008,2007,,general_managers,black,16,percent,,primary,"The 2008 Racial and Gender Report Card: National Football League (TIDES, UCF)",https://www.tidesport.org/_files/ugd/7d86e5_6b3e09108aba4deb891cfbc7cac66b02.pdf,PDF p. 8; General Manager/Principal-in-Charge,whites held 84 percent of the posts in the 2007 season (down from 87 percent in 2006) with the remaining 16 percent,Sentence continues across a page break: '...being African-American (up from 13 percent in 2006)'.
2008,2007,,general_managers,black,5,count,,primary,"The 2008 Racial and Gender Report Card: National Football League (TIDES, UCF)",https://www.tidesport.org/_files/ugd/7d86e5_6b3e09108aba4deb891cfbc7cac66b02.pdf,PDF p. 9; General Manager/Principal-in-Charge,The five African-American who were GMs in the 2007 season opened the 2008 season as their teams' GMs.,
2023,2007,,general_managers,black,16,percent,,primary,"The 2023 Racial and Gender Report Card: National Football League (TIDES, UCF)",https://www.tidesport.org/_files/ugd/326b62_f8ae68d67f744fdbba5962c84b43f3bf.pdf,"PDF p. 56; Appendix II, Table 7a (General Manager | Race)","Appendix II, Table 7a (General Manager | Race), row 2007: Black or African American 16.0% (n=5)",Retrospective appendix of the 2023 report (season-labelled rows). count = 5.
2023,2007,,general_managers,white,84,percent,,primary,"The 2023 Racial and Gender Report Card: National Football League (TIDES, UCF)",https://www.tidesport.org/_files/ugd/326b62_f8ae68d67f744fdbba5962c84b43f3bf.pdf,"PDF p. 56; Appendix II, Table 7a (General Manager | Race)","Appendix II, Table 7a (General Manager | Race), row 2007: White 84.0% (n=26)",Retrospective appendix of the 2023 report (season-labelled rows). count = 26.
2008,2008,2008-08-25,general_managers,black,5,count,,primary,"The 2008 Racial and Gender Report Card: National Football League (TIDES, UCF)",https://www.tidesport.org/_files/ugd/7d86e5_6b3e09108aba4deb891cfbc7cac66b02.pdf,PDF p. 9; General Manager/Principal-in-Charge,The five African-American who were GMs in the 2007 season opened the 2008 season as their teams' GMs.,
2009,2008,,general_managers,people_of_color,5,count,,primary,"The 2009 Racial and Gender Report Card: National Football League (TIDES, UCF)",https://www.tidesport.org/_files/ugd/7d86e5_45094cb7ae7544be9b7babc6cc0a63ed.pdf,PDF p. 10; General Manager/Principal-in-Charge,In 2008 there were five minorities serving in the role of General Manager.,
2023,2008,,general_managers,black,17,percent,,primary,"The 2023 Racial and Gender Report Card: National Football League (TIDES, UCF)",https://www.tidesport.org/_files/ugd/326b62_f8ae68d67f744fdbba5962c84b43f3bf.pdf,"PDF p. 56; Appendix II, Table 7a (General Manager | Race)","Appendix II, Table 7a (General Manager | Race), row 2008: Black or African American 17.0% (n=5)",Retrospective appendix of the 2023 report (season-labelled rows). count = 5.
2023,2008,,general_managers,white,83,percent,,primary,"The 2023 Racial and Gender Report Card: National Football League (TIDES, UCF)",https://www.tidesport.org/_files/ugd/326b62_f8ae68d67f744fdbba5962c84b43f3bf.pdf,"PDF p. 56; Appendix II, Table 7a (General Manager | Race)","Appendix II, Table 7a (General Manager | Race), row 2008: White 83.0% (n=25)",Retrospective appendix of the 2023 report (season-labelled rows). count = 25.
2009,2009,2009-08-01,general_managers,black,16,percent,,primary,"The 2009 Racial and Gender Report Card: National Football League (TIDES, UCF)",https://www.tidesport.org/_files/ugd/7d86e5_45094cb7ae7544be9b7babc6cc0a63ed.pdf,PDF p. 10; General Manager/Principal-in-Charge,"Whites hold 84 percent of general manager positions in the NFL, while African-Americans hold 16 percent.","Present tense; listing as of Aug. 1, 2009."
2010,2009,,general_managers,black,5,count,,primary,"The 2010 Racial and Gender Report Card: National Football League (TIDES, UCF)",https://www.tidesport.org/_files/ugd/7d86e5_bdd6b1a988ef46d08cc23d64293b611c.pdf,PDF p. 8; General Manager/Principal-in-Charge,"In 2009 and at the start of the 2010 season, there were five African-Americans serving in the role of general manager.",
2023,2009,,general_managers,black,16,percent,,primary,"The 2023 Racial and Gender Report Card: National Football League (TIDES, UCF)",https://www.tidesport.org/_files/ugd/326b62_f8ae68d67f744fdbba5962c84b43f3bf.pdf,"PDF p. 56; Appendix II, Table 7a (General Manager | Race)","Appendix II, Table 7a (General Manager | Race), row 2009: Black or African American 16.0% (n=5)",Retrospective appendix of the 2023 report (season-labelled rows). count = 5.
2023,2009,,general_managers,white,84,percent,,primary,"The 2023 Racial and Gender Report Card: National Football League (TIDES, UCF)",https://www.tidesport.org/_files/ugd/326b62_f8ae68d67f744fdbba5962c84b43f3bf.pdf,"PDF p. 56; Appendix II, Table 7a (General Manager | Race)","Appendix II, Table 7a (General Manager | Race), row 2009: White 84.0% (n=27)",Retrospective appendix of the 2023 report (season-labelled rows). count = 27.
2010,2010,2010-08-01,general_managers,black,16,percent,,primary,"The 2010 Racial and Gender Report Card: National Football League (TIDES, UCF)",https://www.tidesport.org/_files/ugd/7d86e5_bdd6b1a988ef46d08cc23d64293b611c.pdf,PDF p. 8; General Manager/Principal-in-Charge,"In 2010, whites held 84 percent of general manager positions in the NFL, while African-Americans held 16 percent.",
2010,2010,2010-08-01,general_managers,black,5,count,,primary,"The 2010 Racial and Gender Report Card: National Football League (TIDES, UCF)",https://www.tidesport.org/_files/ugd/7d86e5_bdd6b1a988ef46d08cc23d64293b611c.pdf,PDF p. 8; General Manager/Principal-in-Charge,"In 2009 and at the start of the 2010 season, there were five African-Americans serving in the role of general manager.",
2011,2010,,general_managers,black,5,count,,primary,"The 2011 Racial and Gender Report Card: National Football League (TIDES, UCF)",https://www.tidesport.org/_files/ugd/7d86e5_a8bf63c80f4947118f37f73d32f40737.pdf,PDF p. 10; General Manager/Principal-in-Charge,In 2010 there were five African-Americans serving in the role of general manager,
2023,2010,,general_managers,black,17,percent,,primary,"The 2023 Racial and Gender Report Card: National Football League (TIDES, UCF)",https://www.tidesport.org/_files/ugd/326b62_f8ae68d67f744fdbba5962c84b43f3bf.pdf,"PDF p. 56; Appendix II, Table 7a (General Manager | Race)","Appendix II, Table 7a (General Manager | Race), row 2010: Black or African American 17.0% (n=5)",Retrospective appendix of the 2023 report (season-labelled rows). count = 5.
2023,2010,,general_managers,white,83,percent,,primary,"The 2023 Racial and Gender Report Card: National Football League (TIDES, UCF)",https://www.tidesport.org/_files/ugd/326b62_f8ae68d67f744fdbba5962c84b43f3bf.pdf,"PDF p. 56; Appendix II, Table 7a (General Manager | Race)","Appendix II, Table 7a (General Manager | Race), row 2010: White 83.0% (n=25)",Retrospective appendix of the 2023 report (season-labelled rows). count = 25.
2011,2011,2011-09-01,general_managers,black,16,percent,,primary,"The 2011 Racial and Gender Report Card: National Football League (TIDES, UCF)",https://www.tidesport.org/_files/ugd/7d86e5_a8bf63c80f4947118f37f73d32f40737.pdf,PDF p. 10; General Manager/Principal-in-Charge,"whites hold 84 percent of general manager positions in the NFL, while African-Americans hold 16 percent at the start of the 2011 season.",
2011,2011,2011-09-01,general_managers,black,5,count,,primary,"The 2011 Racial and Gender Report Card: National Football League (TIDES, UCF)",https://www.tidesport.org/_files/ugd/7d86e5_a8bf63c80f4947118f37f73d32f40737.pdf,PDF p. 10; General Manager/Principal-in-Charge,"In 2010 there were five African-Americans serving in the role of general manager, and that number has remained steady",Sentence ends '...for the start of the 2011 season.'
2023,2011,,general_managers,black,16,percent,,primary,"The 2023 Racial and Gender Report Card: National Football League (TIDES, UCF)",https://www.tidesport.org/_files/ugd/326b62_f8ae68d67f744fdbba5962c84b43f3bf.pdf,"PDF p. 56; Appendix II, Table 7a (General Manager | Race)","Appendix II, Table 7a (General Manager | Race), row 2011: Black or African American 16.0% (n=5)",Retrospective appendix of the 2023 report (season-labelled rows). count = 5.
2023,2011,,general_managers,white,84,percent,,primary,"The 2023 Racial and Gender Report Card: National Football League (TIDES, UCF)",https://www.tidesport.org/_files/ugd/326b62_f8ae68d67f744fdbba5962c84b43f3bf.pdf,"PDF p. 56; Appendix II, Table 7a (General Manager | Race)","Appendix II, Table 7a (General Manager | Race), row 2011: White 84.0% (n=27)",Retrospective appendix of the 2023 report (season-labelled rows). count = 27.
2012,2012,2012-09-01,general_managers,black,19,percent,,primary,"The 2012 Racial and Gender Report Card: National Football League (TIDES, UCF)",https://www.tidesport.org/_files/ugd/7d86e5_888d1dd1047441cca0b8a9e300dc1f94.pdf,PDF p. 8; General Manager/Principal-in-Charge,"For the start of the 2012 season, there was a record 19 percent of the general manager positions in the NFL held by African-Americans.",
2012,2012,2012-09-01,general_managers,black,6,count,,primary,"The 2012 Racial and Gender Report Card: National Football League (TIDES, UCF)",https://www.tidesport.org/_files/ugd/7d86e5_888d1dd1047441cca0b8a9e300dc1f94.pdf,PDF p. 8; General Manager/Principal-in-Charge,"This is the highest total ever, with six general managers (up from five in 2011).",
2023,2012,,general_managers,black,19,percent,,primary,"The 2023 Racial and Gender Report Card: National Football League (TIDES, UCF)",https://www.tidesport.org/_files/ugd/326b62_f8ae68d67f744fdbba5962c84b43f3bf.pdf,"PDF p. 56; Appendix II, Table 7a (General Manager | Race)","Appendix II, Table 7a (General Manager | Race), row 2012: Black or African American 19.0% (n=6)",Retrospective appendix of the 2023 report (season-labelled rows). count = 6.
2023,2012,,general_managers,white,81,percent,,primary,"The 2023 Racial and Gender Report Card: National Football League (TIDES, UCF)",https://www.tidesport.org/_files/ugd/326b62_f8ae68d67f744fdbba5962c84b43f3bf.pdf,"PDF p. 56; Appendix II, Table 7a (General Manager | Race)","Appendix II, Table 7a (General Manager | Race), row 2012: White 81.0% (n=26)",Retrospective appendix of the 2023 report (season-labelled rows). count = 26.
2013,2013,2013-09-01,general_managers,black,6,count,,primary,"The 2013 Racial and Gender Report Card: National Football League (TIDES, UCF)",https://www.tidesport.org/_files/ugd/7d86e5_cdc71c7a4cf540118817b7fce8f040db.pdf,PDF p. 8; General Manager/Principal-in-Charge,"For the start of the 2013 season, the number of general managers remained constant at six from 2012.",Six African-American GMs (list follows: 'The African-American general managers starting the 2013 season were').
2023,2013,,general_managers,black,19,percent,,primary,"The 2023 Racial and Gender Report Card: National Football League (TIDES, UCF)",https://www.tidesport.org/_files/ugd/326b62_f8ae68d67f744fdbba5962c84b43f3bf.pdf,"PDF p. 56; Appendix II, Table 7a (General Manager | Race)","Appendix II, Table 7a (General Manager | Race), row 2013: Black or African American 19.0% (n=6)",Retrospective appendix of the 2023 report (season-labelled rows). count = 6.
2023,2013,,general_managers,white,81,percent,,primary,"The 2023 Racial and Gender Report Card: National Football League (TIDES, UCF)",https://www.tidesport.org/_files/ugd/326b62_f8ae68d67f744fdbba5962c84b43f3bf.pdf,"PDF p. 56; Appendix II, Table 7a (General Manager | Race)","Appendix II, Table 7a (General Manager | Race), row 2013: White 81.0% (n=26)",Retrospective appendix of the 2023 report (season-labelled rows). count = 26.
2014,2014,2014-07-29,general_managers,people_of_color,7,count,,primary,"The 2014 Racial and Gender Report Card: National Football League (TIDES, UCF)",https://www.tidesport.org/_files/ugd/7d86e5_72d723866ba848a3886212e393822840.pdf,PDF p. 9; General Manager/Principal-in-Charge,"For the start of the 2014 season, the number of general managers of color increased to seven from six in 2013.",All seven listed are African-American.
2023,2014,,general_managers,black,24.1,percent,,primary,"The 2023 Racial and Gender Report Card: National Football League (TIDES, UCF)",https://www.tidesport.org/_files/ugd/326b62_f8ae68d67f744fdbba5962c84b43f3bf.pdf,"PDF p. 56; Appendix II, Table 7a (General Manager | Race)","Appendix II, Table 7a (General Manager | Race), row 2014: Black or African American 24.1% (n=7)",Retrospective appendix of the 2023 report (season-labelled rows). count = 7.
2023,2014,,general_managers,white,75.9,percent,,primary,"The 2023 Racial and Gender Report Card: National Football League (TIDES, UCF)",https://www.tidesport.org/_files/ugd/326b62_f8ae68d67f744fdbba5962c84b43f3bf.pdf,"PDF p. 56; Appendix II, Table 7a (General Manager | Race)","Appendix II, Table 7a (General Manager | Race), row 2014: White 75.9% (n=22)",Retrospective appendix of the 2023 report (season-labelled rows). count = 22.
2015,2015,2015-08-21,general_managers,people_of_color,7,count,,primary,"The 2015 Racial and Gender Report Card: National Football League (TIDES, UCF)",https://www.tidesport.org/_files/ugd/a4ad0c_96113214204e492b986abb8549e85ce2.pdf,PDF p. 9; General Manager/Principal-in-Charge,"For the start of the 2015 season, there were seven people of color who were general managers, the same as 2014.",
2023,2015,,general_managers,black,21.9,percent,,primary,"The 2023 Racial and Gender Report Card: National Football League (TIDES, UCF)",https://www.tidesport.org/_files/ugd/326b62_f8ae68d67f744fdbba5962c84b43f3bf.pdf,"PDF p. 56; Appendix II, Table 7a (General Manager | Race)","Appendix II, Table 7a (General Manager | Race), row 2015: Black or African American 21.9% (n=7)",Retrospective appendix of the 2023 report (season-labelled rows). count = 7.
2023,2015,,general_managers,white,78.1,percent,,primary,"The 2023 Racial and Gender Report Card: National Football League (TIDES, UCF)",https://www.tidesport.org/_files/ugd/326b62_f8ae68d67f744fdbba5962c84b43f3bf.pdf,"PDF p. 56; Appendix II, Table 7a (General Manager | Race)","Appendix II, Table 7a (General Manager | Race), row 2015: White 78.1% (n=25)",Retrospective appendix of the 2023 report (season-labelled rows). count = 25.
2016,2016,2016-08,general_managers,people_of_color,5,count,,primary,"The 2016 Racial and Gender Report Card: National Football League (TIDES, UCF)",https://www.tidesport.org/_files/ugd/a4ad0c_83cebda86fed4f8a820adcb3af3d71d8.pdf,PDF p. 10; General Manager/Principal-in-Charge,"At the start of the 2016 season, there were five people of color who were general managers, a decrease from seven in 2015.",
2023,2016,,general_managers,black,15.6,percent,,primary,"The 2023 Racial and Gender Report Card: National Football League (TIDES, UCF)",https://www.tidesport.org/_files/ugd/326b62_f8ae68d67f744fdbba5962c84b43f3bf.pdf,"PDF p. 56; Appendix II, Table 7a (General Manager | Race)","Appendix II, Table 7a (General Manager | Race), row 2016: Black or African American 15.6% (n=5)",Retrospective appendix of the 2023 report (season-labelled rows). count = 5.
2023,2016,,general_managers,white,84.4,percent,,primary,"The 2023 Racial and Gender Report Card: National Football League (TIDES, UCF)",https://www.tidesport.org/_files/ugd/326b62_f8ae68d67f744fdbba5962c84b43f3bf.pdf,"PDF p. 56; Appendix II, Table 7a (General Manager | Race)","Appendix II, Table 7a (General Manager | Race), row 2016: White 84.4% (n=27)",Retrospective appendix of the 2023 report (season-labelled rows). count = 27.
2017,2017,2017-09,general_managers,people_of_color,6,count,,primary,"The 2017 Racial and Gender Report Card: National Football League (TIDES, UCF)",https://www.tidesport.org/_files/ugd/a4ad0c_f71f36ac32b04656859ea5618ee957cc.pdf,"PDF p. 2,3; General Manager/Principal-in-Charge","there were six people of color who were general managers or performing the role of GM, an increase from five in 2016.",Includes two team VPs of personnel performing the GM role (both African-American).
2023,2017,,general_managers,black,18.8,percent,,primary,"The 2023 Racial and Gender Report Card: National Football League (TIDES, UCF)",https://www.tidesport.org/_files/ugd/326b62_f8ae68d67f744fdbba5962c84b43f3bf.pdf,"PDF p. 56; Appendix II, Table 7a (General Manager | Race)","Appendix II, Table 7a (General Manager | Race), row 2017: Black or African American 18.8% (n=6)",Retrospective appendix of the 2023 report (season-labelled rows). count = 6.
2023,2017,,general_managers,white,81.2,percent,,primary,"The 2023 Racial and Gender Report Card: National Football League (TIDES, UCF)",https://www.tidesport.org/_files/ugd/326b62_f8ae68d67f744fdbba5962c84b43f3bf.pdf,"PDF p. 56; Appendix II, Table 7a (General Manager | Race)","Appendix II, Table 7a (General Manager | Race), row 2017: White 81.2% (n=26)",Retrospective appendix of the 2023 report (season-labelled rows). count = 26.
2018,2018,2018-12,general_managers,black,12.5,percent,,primary,"The 2018 Racial and Gender Report Card: National Football League (TIDES, UCF)",https://www.tidesport.org/_files/ugd/7d86e5_4a7afdf9bf414bffa46b3a099bf8c9f5.pdf,"PDF p. 31; Appendix I, General Manager table","Appendix I, General Manager/Director of Player Personnel table, 2018: African-American 12.5% (# 4)",Table transcription; count = 4; White 87.5% (28).
2018,2018,2018-12,general_managers,people_of_color,4,count,,primary,"The 2018 Racial and Gender Report Card: National Football League (TIDES, UCF)",https://www.tidesport.org/_files/ugd/7d86e5_4a7afdf9bf414bffa46b3a099bf8c9f5.pdf,"PDF p. 7,15; Executive Summary","At the start of the 2018 season, there were four people of color who were general managers or performing the role of GM",
2023,2018,,general_managers,black,12.5,percent,,primary,"The 2023 Racial and Gender Report Card: National Football League (TIDES, UCF)",https://www.tidesport.org/_files/ugd/326b62_f8ae68d67f744fdbba5962c84b43f3bf.pdf,"PDF p. 56; Appendix II, Table 7a (General Manager | Race)","Appendix II, Table 7a (General Manager | Race), row 2018: Black or African American 12.5% (n=4)",Retrospective appendix of the 2023 report (season-labelled rows). count = 4.
2023,2018,,general_managers,white,87.5,percent,,primary,"The 2023 Racial and Gender Report Card: National Football League (TIDES, UCF)",https://www.tidesport.org/_files/ugd/326b62_f8ae68d67f744fdbba5962c84b43f3bf.pdf,"PDF p. 56; Appendix II, Table 7a (General Manager | Race)","Appendix II, Table 7a (General Manager | Race), row 2018: White 87.5% (n=28)",Retrospective appendix of the 2023 report (season-labelled rows). count = 28.
2019,2019,2019-09,general_managers,people_of_color,2,count,,primary,"The 2019 Racial and Gender Report Card: National Football League (TIDES, UCF)",https://www.tidesport.org/_files/ugd/7d86e5_5af5faf45ba7443da733f900f54638b4.pdf,PDF p. 6; Executive Summary,"At the start of the 2019 season, two people of color who were general managers or performing the role of GM",
2020,2019,,general_managers,people_of_color,6.3,percent,,primary,"The 2020 Racial and Gender Report Card: National Football League (TIDES, UCF)",https://www.tidesport.org/_files/ugd/138a69_8715a573a51742ce95dddeb0461cfc82.pdf,PDF p. 7; Executive Summary (chart),Racial Hiring for GMs/Principal-in-Charge 6.3% 2019 6.5% 2020,
2023,2019,,general_managers,black,6.3,percent,,primary,"The 2023 Racial and Gender Report Card: National Football League (TIDES, UCF)",https://www.tidesport.org/_files/ugd/326b62_f8ae68d67f744fdbba5962c84b43f3bf.pdf,"PDF p. 56; Appendix II, Table 7a (General Manager | Race)","Appendix II, Table 7a (General Manager | Race), row 2019: Black or African American 6.3% (n=2)",Retrospective appendix of the 2023 report (season-labelled rows). count = 2.
2023,2019,,general_managers,white,93.8,percent,,primary,"The 2023 Racial and Gender Report Card: National Football League (TIDES, UCF)",https://www.tidesport.org/_files/ugd/326b62_f8ae68d67f744fdbba5962c84b43f3bf.pdf,"PDF p. 56; Appendix II, Table 7a (General Manager | Race)","Appendix II, Table 7a (General Manager | Race), row 2019: White 93.8% (n=30)",Retrospective appendix of the 2023 report (season-labelled rows). count = 30.
2020,2020,2020-09,general_managers,people_of_color,6.5,percent,,primary,"The 2020 Racial and Gender Report Card: National Football League (TIDES, UCF)",https://www.tidesport.org/_files/ugd/138a69_8715a573a51742ce95dddeb0461cfc82.pdf,PDF p. 7; Executive Summary (chart),Racial Hiring for GMs/Principal-in-Charge 6.3% 2019 6.5% 2020,
2021,2020,,general_managers,people_of_color,2,count,,primary,"The 2021 Racial and Gender Report Card: National Football League (TIDES, UCF)",https://www.tidesport.org/_files/ugd/326b62_5afc0093dedf4b53bdba964fa0c1eb0c.pdf,PDF p. 19; General Managers,as the only two people of color in a general manager position,"Andrew Berry (CLE) and Chris Grier (MIA), 2020 season."
2023,2020,,general_managers,black,6.5,percent,,primary,"The 2023 Racial and Gender Report Card: National Football League (TIDES, UCF)",https://www.tidesport.org/_files/ugd/326b62_f8ae68d67f744fdbba5962c84b43f3bf.pdf,"PDF p. 56; Appendix II, Table 7a (General Manager | Race)","Appendix II, Table 7a (General Manager | Race), row 2020: Black or African American 6.5% (n=2)",Retrospective appendix of the 2023 report (season-labelled rows). count = 2.
2023,2020,,general_managers,white,93.6,percent,,primary,"The 2023 Racial and Gender Report Card: National Football League (TIDES, UCF)",https://www.tidesport.org/_files/ugd/326b62_f8ae68d67f744fdbba5962c84b43f3bf.pdf,"PDF p. 56; Appendix II, Table 7a (General Manager | Race)","Appendix II, Table 7a (General Manager | Race), row 2020: White 93.6% (n=29)",Retrospective appendix of the 2023 report (season-labelled rows). count = 29.
2021,2021,2021-09,general_managers,black,5,count,,primary,"The 2021 Racial and Gender Report Card: National Football League (TIDES, UCF)",https://www.tidesport.org/_files/ugd/326b62_5afc0093dedf4b53bdba964fa0c1eb0c.pdf,"PDF p. 8,19; General Managers",All five men were Black or AfricanAmerican.,
2021,2021,2021-09,general_managers,people_of_color,5,count,,primary,"The 2021 Racial and Gender Report Card: National Football League (TIDES, UCF)",https://www.tidesport.org/_files/ugd/326b62_5afc0093dedf4b53bdba964fa0c1eb0c.pdf,PDF p. 19; General Managers,"There were five people of color holding general manager positions, representing 15.6 percent of all general managers.",
2021,2021,2021-09,general_managers,people_of_color,15.6,percent,,primary,"The 2021 Racial and Gender Report Card: National Football League (TIDES, UCF)",https://www.tidesport.org/_files/ugd/326b62_5afc0093dedf4b53bdba964fa0c1eb0c.pdf,PDF p. 19; General Managers,"There were five people of color holding general manager positions, representing 15.6 percent of all general managers.",
2023,2021,,general_managers,black,15.6,percent,,primary,"The 2023 Racial and Gender Report Card: National Football League (TIDES, UCF)",https://www.tidesport.org/_files/ugd/326b62_f8ae68d67f744fdbba5962c84b43f3bf.pdf,"PDF p. 56; Appendix II, Table 7a (General Manager | Race)","Appendix II, Table 7a (General Manager | Race), row 2021: Black or African American 15.6% (n=5)",Retrospective appendix of the 2023 report (season-labelled rows). count = 5.
2023,2021,,general_managers,white,84.4,percent,,primary,"The 2023 Racial and Gender Report Card: National Football League (TIDES, UCF)",https://www.tidesport.org/_files/ugd/326b62_f8ae68d67f744fdbba5962c84b43f3bf.pdf,"PDF p. 56; Appendix II, Table 7a (General Manager | Race)","Appendix II, Table 7a (General Manager | Race), row 2021: White 84.4% (n=27)",Retrospective appendix of the 2023 report (season-labelled rows). count = 27.
2022,2022,2022-08,general_managers,black,7,count,,primary,"The 2022 Racial and Gender Report Card: National Football League (TIDES, UCF)",https://www.tidesport.org/_files/ugd/ac4087_d74e4aa674334087b6c4506f6d353a48.pdf,PDF p. 19; General Manager / Primary Football Executives,"Seven of the men were Black or AfricanAmerican, and one was Hispanic or Latino.",
2022,2022,2022-08,general_managers,latino,1,count,,primary,"The 2022 Racial and Gender Report Card: National Football League (TIDES, UCF)",https://www.tidesport.org/_files/ugd/ac4087_d74e4aa674334087b6c4506f6d353a48.pdf,PDF p. 19; General Manager / Primary Football Executives,"Seven of the men were Black or AfricanAmerican, and one was Hispanic or Latino.",
2022,2022,2022-08,general_managers,people_of_color,8,count,,primary,"The 2022 Racial and Gender Report Card: National Football League (TIDES, UCF)",https://www.tidesport.org/_files/ugd/ac4087_d74e4aa674334087b6c4506f6d353a48.pdf,PDF p. 19; General Manager / Primary Football Executives,"There were eight people of color holding general manager positions, representing 25.0 percent of all general managers.",
2022,2022,2022-08,general_managers,people_of_color,25,percent,,primary,"The 2022 Racial and Gender Report Card: National Football League (TIDES, UCF)",https://www.tidesport.org/_files/ugd/ac4087_d74e4aa674334087b6c4506f6d353a48.pdf,PDF p. 19; General Manager / Primary Football Executives,"There were eight people of color holding general manager positions, representing 25.0 percent of all general managers.",
2023,2022,,general_managers,black,21.9,percent,,primary,"The 2023 Racial and Gender Report Card: National Football League (TIDES, UCF)",https://www.tidesport.org/_files/ugd/326b62_f8ae68d67f744fdbba5962c84b43f3bf.pdf,"PDF p. 56; Appendix II, Table 7a (General Manager | Race)","Appendix II, Table 7a (General Manager | Race), row 2022: Black or African American 21.9% (n=7)",Retrospective appendix of the 2023 report (season-labelled rows). count = 7.
2023,2022,,general_managers,latino,3.1,percent,,primary,"The 2023 Racial and Gender Report Card: National Football League (TIDES, UCF)",https://www.tidesport.org/_files/ugd/326b62_f8ae68d67f744fdbba5962c84b43f3bf.pdf,"PDF p. 56; Appendix II, Table 7a (General Manager | Race)","Appendix II, Table 7a (General Manager | Race), row 2022: Hispanic or Latino(a) 3.1% (n=1)",Retrospective appendix of the 2023 report (season-labelled rows). count = 1.
2023,2022,,general_managers,not_disclosed,3.1,percent,,primary,"The 2023 Racial and Gender Report Card: National Football League (TIDES, UCF)",https://www.tidesport.org/_files/ugd/326b62_f8ae68d67f744fdbba5962c84b43f3bf.pdf,"PDF p. 56; Appendix II, Table 7a (General Manager | Race)","Appendix II, Table 7a (General Manager | Race), row 2022: Not Disclosed 3.1% (n=1)",Retrospective appendix of the 2023 report (season-labelled rows). count = 1.
2023,2022,,general_managers,white,71.9,percent,,primary,"The 2023 Racial and Gender Report Card: National Football League (TIDES, UCF)",https://www.tidesport.org/_files/ugd/326b62_f8ae68d67f744fdbba5962c84b43f3bf.pdf,"PDF p. 56; Appendix II, Table 7a (General Manager | Race)","Appendix II, Table 7a (General Manager | Race), row 2022: White 71.9% (n=23)",Retrospective appendix of the 2023 report (season-labelled rows). count = 23.
2023,2023,2023-08,general_managers,black,8,count,,primary,"The 2023 Racial and Gender Report Card: National Football League (TIDES, UCF)",https://www.tidesport.org/_files/ugd/326b62_f8ae68d67f744fdbba5962c84b43f3bf.pdf,PDF p. 18; General Manager / Primary Football Executives,All nine were men and eight of the men were Black or African-American; one was Hispanic or Latino.,
2023,2023,,general_managers,black,26.7,percent,,primary,"The 2023 Racial and Gender Report Card: National Football League (TIDES, UCF)",https://www.tidesport.org/_files/ugd/326b62_f8ae68d67f744fdbba5962c84b43f3bf.pdf,"PDF p. 56; Appendix II, Table 7a (General Manager | Race)","Appendix II, Table 7a (General Manager | Race), row 2023: Black or African American 26.7% (n=8)",Retrospective appendix of the 2023 report (season-labelled rows). count = 8.
2023,2023,2023-08,general_managers,latino,1,count,,primary,"The 2023 Racial and Gender Report Card: National Football League (TIDES, UCF)",https://www.tidesport.org/_files/ugd/326b62_f8ae68d67f744fdbba5962c84b43f3bf.pdf,PDF p. 18; General Manager / Primary Football Executives,All nine were men and eight of the men were Black or African-American; one was Hispanic or Latino.,
2023,2023,,general_managers,latino,3.3,percent,,primary,"The 2023 Racial and Gender Report Card: National Football League (TIDES, UCF)",https://www.tidesport.org/_files/ugd/326b62_f8ae68d67f744fdbba5962c84b43f3bf.pdf,"PDF p. 56; Appendix II, Table 7a (General Manager | Race)","Appendix II, Table 7a (General Manager | Race), row 2023: Hispanic or Latino(a) 3.3% (n=1)",Retrospective appendix of the 2023 report (season-labelled rows). count = 1.
2023,2023,2023-08,general_managers,people_of_color,9,count,,primary,"The 2023 Racial and Gender Report Card: National Football League (TIDES, UCF)",https://www.tidesport.org/_files/ugd/326b62_f8ae68d67f744fdbba5962c84b43f3bf.pdf,PDF p. 18; General Manager / Primary Football Executives,"There were nine people of color holding general manager positions, representing 30.0 percent of all general managers.",
2023,2023,2023-08,general_managers,people_of_color,30,percent,,primary,"The 2023 Racial and Gender Report Card: National Football League (TIDES, UCF)",https://www.tidesport.org/_files/ugd/326b62_f8ae68d67f744fdbba5962c84b43f3bf.pdf,PDF p. 18; General Manager / Primary Football Executives,"There were nine people of color holding general manager positions, representing 30.0 percent of all general managers.","Appendix Table 7a shows 30 GMs in the denominator for 2023 (21 white, 8 Black, 1 Latino)."
2023,2023,,general_managers,white,70,percent,,primary,"The 2023 Racial and Gender Report Card: National Football League (TIDES, UCF)",https://www.tidesport.org/_files/ugd/326b62_f8ae68d67f744fdbba5962c84b43f3bf.pdf,"PDF p. 56; Appendix II, Table 7a (General Manager | Race)","Appendix II, Table 7a (General Manager | Race), row 2023: White 70.0% (n=21)",Retrospective appendix of the 2023 report (season-labelled rows). count = 21.
